2025-12-17 14:38:31|   0.0|  0.0|INFORM|Current FME version: FME 2024.1.1.1 (20240820 - Build 24620 - WIN64)
2025-12-17 14:38:31|   0.0|  0.0|INFORM|System Time: 20251217203832 UTC
2025-12-17 14:38:31|   0.0|  0.0|INFORM|FME_HOME is 'C:\apps\FME\current\'
2025-12-17 14:38:31|   0.0|  0.0|INFORM|FME Form (floating)
2025-12-17 14:38:31|   0.0|  0.0|INFORM|Permanent License.
2025-12-17 14:38:31|   0.0|  0.0|INFORM|Machine host name is: TDLT25039
2025-12-17 14:38:31|   0.0|  0.0|INFORM|OS Locale Name     : en_US
2025-12-17 14:38:31|   0.0|  0.0|INFORM|OS Locale Encoding : windows-1252
2025-12-17 14:38:31|   0.0|  0.0|INFORM|Process Encoding   : UTF-8
2025-12-17 14:38:31|   0.0|  0.0|INFORM|FME API version: '4.0 20240212'
2025-12-17 14:38:31|   0.0|  0.0|INFORM|FME Configuration: FME_BASE is 'no'
2025-12-17 14:38:31|   0.0|  0.0|INFORM|FME Configuration: FME_MF_DIR is 'C:\Users\jmeade\OneDrive - Iowa Department of Transportation\Projects\STATCOM_STL/'
2025-12-17 14:38:31|   0.0|  0.0|INFORM|FME Configuration: FME_MF_NAME is 'RAMS_AADT_STL_VOLUME CONFLATER.fmw'
2025-12-17 14:38:31|   0.0|  0.0|INFORM|FME Configuration: FME_PRODUCT_NAME is 'FME(R) 2024.1.1.1'
2025-12-17 14:38:31|   0.0|  0.0|INFORM|Operating System: Microsoft Windows 11 64-bit  (Build 22631)
2025-12-17 14:38:31|   0.0|  0.0|INFORM|FME Platform: WIN64
2025-12-17 14:38:31|   0.0|  0.0|INFORM|System Status: 22.36 GB of disk space available in the FME temporary folder (C:\Users\jmeade\AppData\Local\Temp\wbrun_1766003810670_29588\fmetmp_1)
2025-12-17 14:38:31|   0.0|  0.0|INFORM|System Status: 15.71 GB of physical memory available
2025-12-17 14:38:31|   0.0|  0.0|INFORM|System Status: 62.82 GB of virtual memory available
2025-12-17 14:38:31|   0.0|  0.0|INFORM|START - ProcessID: 21228, peak process memory usage: 43792 kB, current process memory usage: 43792 kB
2025-12-17 14:38:31|   0.0|  0.0|INFORM|FME Configuration: Command line arguments are `C:\apps\FME\current\fme.exe' `C:\Users\jmeade\OneDrive - Iowa Department of Transportation\Projects\STATCOM_STL\wb-xlate-1766003909213_29588' `LOG_STANDARDOUT' `YES' `LOG_TIMINGS' `YES' `LogCountServerName' `57964' `LOG_STANDARDOUT' `No' `WORKBENCH_LOG_SERVER' `57957'
2025-12-17 14:38:31|   0.0|  0.0|INFORM|FME Configuration: Connection Storage: 'C:\Users\jmeade\AppData\Roaming\Safe Software\FME\'
2025-12-17 14:38:31|   0.0|  0.0|INFORM|Shared folders for formats are : C:\apps\FME\current\datasources;C:\Users\jmeade\OneDrive - Iowa Department of Transportation\Documents\FME\Formats
2025-12-17 14:38:31|   0.0|  0.0|INFORM|Shared folders for transformers are : C:\Users\jmeade\AppData\Roaming\Safe Software\FME\Packages\24620-win64\transformers;C:\apps\FME\current\transformers;C:\Users\jmeade\AppData\Roaming\Safe Software\FME\FME Store\Transformers
2025-12-17 14:38:31|   0.0|  0.0|INFORM|Shared folders for coordinate systems are : C:\Users\jmeade\OneDrive - Iowa Department of Transportation\Documents\FME\CoordinateSystems
2025-12-17 14:38:31|   0.0|  0.0|INFORM|Shared folders for coordinate system exceptions are : C:\Users\jmeade\OneDrive - Iowa Department of Transportation\Documents\FME\CoordinateSystemExceptions
2025-12-17 14:38:31|   0.0|  0.0|INFORM|Shared folders for coordinate system grid overrides are : C:\Users\jmeade\OneDrive - Iowa Department of Transportation\Documents\FME\CoordinateSystemGridOverrides
2025-12-17 14:38:31|   0.0|  0.0|INFORM|Shared folders for CS-MAP transformation exceptions are : C:\Users\jmeade\OneDrive - Iowa Department of Transportation\Documents\FME\CsmapTransformationExceptions
2025-12-17 14:38:31|   0.0|  0.0|INFORM|Shared folders for transformer categories are : C:\Users\jmeade\OneDrive - Iowa Department of Transportation\Documents\FME\TransformerCategories
2025-12-17 14:38:31|   0.0|  0.0|INFORM|FME Configuration: Reader Keyword is `MULTI_READER'
2025-12-17 14:38:31|   0.0|  0.0|INFORM|FME Configuration: Writer Keyword is `PRIMARY_DEST'
2025-12-17 14:38:31|   0.0|  0.0|INFORM|FME Configuration: Writer Group Definition Keyword is `PRIMARY_DEST_DEF'
2025-12-17 14:38:31|   0.0|  0.0|INFORM|FME Configuration: Reader type is `MULTI_READER'
2025-12-17 14:38:31|   0.0|  0.0|INFORM|FME Configuration: Writer type is `MULTI_WRITER'
2025-12-17 14:38:31|   0.0|  0.0|INFORM|FME Configuration: No destination coordinate system set
2025-12-17 14:38:31|   0.0|  0.0|INFORM|FME Configuration: Current working folder is `C:\Users\jmeade\OneDrive - Iowa Department of Transportation\Projects\STATCOM_STL'
2025-12-17 14:38:31|   0.0|  0.0|INFORM|FME Configuration: Temporary folder is `C:\Users\jmeade\AppData\Local\Temp\wbrun_1766003810670_29588\fmetmp_1', set from environment variable `FME_TEMP'
2025-12-17 14:38:31|   0.0|  0.0|INFORM|FME Configuration: Cache folder is 'C:\Users\jmeade\AppData\Local\Temp'
2025-12-17 14:38:31|   0.0|  0.0|INFORM|FME Configuration: FME_HOME is `C:\apps\FME\current\'
2025-12-17 14:38:31|   0.0|  0.0|INFORM|FME Configuration: Start freeing memory when the process exceeds 47.12 GB
2025-12-17 14:38:31|   0.0|  0.0|INFORM|FME Configuration: Stop freeing memory when the process is below 35.34 GB
2025-12-17 14:38:31|   0.0|  0.0|INFORM|Creating writer for format: 
2025-12-17 14:38:31|   0.0|  0.0|INFORM|Creating reader for format: 
2025-12-17 14:38:31|   0.0|  0.0|INFORM|MULTI_READER(MULTI_READER): Will fail with first member reader failure
2025-12-17 14:38:31|   0.0|  0.0|INFORM|MULTI_READER(MULTI_READER): Adding CSV2 Reader with keyword CSV2_2
2025-12-17 14:38:31|   0.0|  0.0|INFORM|MULTI_READER(MULTI_READER): Adding GEODATABASE_SDE Reader with keyword GEODATABASE_SDE_1
2025-12-17 14:38:31|   0.0|  0.0|INFORM|MULTI_READER(MULTI_READER): Adding SHAPEFILE Reader with keyword SHAPEFILE_2
2025-12-17 14:38:31|   0.0|  0.0|INFORM|MULTI_READER(MULTI_READER): Adding CSV2 Reader with keyword CSV2_4
2025-12-17 14:38:31|   0.0|  0.0|INFORM|MULTI_READER(MULTI_READER): Adding CSV2 Reader with keyword CSV2_5
2025-12-17 14:38:31|   0.0|  0.0|INFORM|MULTI_READER(MULTI_READER): Adding SHAPEFILE Reader with keyword SHAPEFILE_5
2025-12-17 14:38:31|   0.0|  0.0|INFORM|MULTI_READER(MULTI_READER): Adding SHAPEFILE Reader with keyword SHAPEFILE_6
2025-12-17 14:38:31|   0.0|  0.0|INFORM|MULTI_READER(MULTI_READER): Adding CSV2 Reader with keyword CSV2_1
2025-12-17 14:38:31|   0.0|  0.0|INFORM|MULTI_READER(MULTI_READER): Adding GEODATABASE_SDE Reader with keyword GEODATABASE_SDE_2
2025-12-17 14:38:31|   0.0|  0.0|INFORM|Using Multi Reader with keyword `MULTI_READER' to read multiple datasets
2025-12-17 14:38:31|   0.0|  0.0|INFORM|Creating reader for format: CSV (Comma Separated Value)
2025-12-17 14:38:32|   0.0|  0.0|INFORM|Trying to find a DYNAMIC plugin for reader named `CSV2'
2025-12-17 14:38:32|   0.0|  0.0|INFORM|Loaded module 'CSV2' from file 'C:\apps\FME\current\plugins/CSV2.dll'
2025-12-17 14:38:32|   0.0|  0.0|INFORM|FME API version of module 'CSV2' matches current internal version (4.0 20240212)
2025-12-17 14:38:32|   0.0|  0.0|INFORM|CSV reader: Opening dataset 'C:\Users\jmeade\OneDrive - Iowa Department of Transportation\Projects\STATCOM_STL\DATA\STL_EXTRACT\1990536_STATCOM1_2024_RAMP\1990536_STATCOM1_2024_RAMP\1990536_STATCOM1_2024_RAMP_ct_all.csv'
2025-12-17 14:38:32|   0.0|  0.0|INFORM|CSV reader: Directive '_TRIM_FEATURE_TYPE_NAME' has the value 'Yes'
2025-12-17 14:38:32|   0.0|  0.0|INFORM|CSV reader: Directive '_SUPPORTED_READER_ARCHIVE_EXTENSIONS' has the value 'csv.gz,txt.gz'
2025-12-17 14:38:32|   0.0|  0.0|INFORM|CSV reader: Directive '_DELIMITER' has the value ','
2025-12-17 14:38:32|   0.0|  0.0|INFORM|CSV reader: Directive '_DELIMITER_DETECTION_ALGORITHM' has the value 'EQUAL_FIELDS_PER_LINE'
2025-12-17 14:38:32|   0.0|  0.0|INFORM|CSV reader: Directive '_FIELD_NAMES_LINE' has the value '1'
2025-12-17 14:38:32|   0.0|  0.0|INFORM|CSV reader: Directive '_DATA_START_LINE' has the value '2'
2025-12-17 14:38:32|   0.0|  0.0|INFORM|CSV reader: Directive '_SCAN_MAX_ROWS' has the value '250000'
2025-12-17 14:38:32|   0.0|  0.0|INFORM|CSV reader: Directive '_READ_SKIPPED_LINES' has the value 'No'
2025-12-17 14:38:32|   0.0|  0.0|INFORM|CSV reader: Directive '_ENCODING' has the value 'windows-1252'
2025-12-17 14:38:32|   0.0|  0.0|INFORM|CSV reader: Directive 'FME_NAMES_ENCODING' has the value 'UTF-8'
2025-12-17 14:38:32|   0.0|  0.0|INFORM|CSV reader: Directive '_SKIP_DUPLICATE_DELIMITERS' has the value 'No'
2025-12-17 14:38:32|   0.0|  0.0|INFORM|CSV reader: Directive '_FIELD_QUALIFIER_CHARACTER' has the value '"'
2025-12-17 14:38:32|   0.0|  0.0|INFORM|CSV reader: Directive '_FIELD_QUALIFIER_ESCAPE_CHARACTER' has the value '"'
2025-12-17 14:38:32|   0.0|  0.0|INFORM|CSV reader: Directive '_TRIM_FIELD_NAME_QUALIFIERS' has the value 'Yes'
2025-12-17 14:38:32|   0.0|  0.0|INFORM|CSV reader: Directive '_TRIM_FIELD_VALUE_QUALIFIERS' has the value 'Yes'
2025-12-17 14:38:32|   0.0|  0.0|INFORM|CSV reader: Directive '_PRESERVE_SOURCE_ENCODING' has the value 'No'
2025-12-17 14:38:32|   0.0|  0.0|INFORM|CSV reader: Directive '_CASE_SENSITIVE_FIELD_NAMES' has the value 'Yes'
2025-12-17 14:38:32|   0.0|  0.0|INFORM|CSV reader: Directive '_ENFORCE_STRICT_SCHEMA' has the value 'No'
2025-12-17 14:38:32|   0.0|  0.0|INFORM|CSV reader: Directive '_SCAN_TYPES' has the value 'Yes'
2025-12-17 14:38:32|   0.0|  0.0|INFORM|CSV reader: Directive '_TYPE_ATTRIBUTE_HANDLING' has the value 'STANDARD_TYPES'
2025-12-17 14:38:32|   0.0|  0.0|INFORM|CSV reader: Directive '_STRING_TYPE_ATTRIBUTE_HANDLING' has the value 'EXPLICIT_WIDTH'
2025-12-17 14:38:32|   0.0|  0.0|INFORM|CSV reader: Directive '_SCAN_ADDITIONAL_FIELDS' has the value 'No'
2025-12-17 14:38:32|   0.0|  0.0|INFORM|CSV reader: Directive '_DATE_INPUT_FORMAT' has the value 'ISO'
2025-12-17 14:38:32|   0.0|  0.0|INFORM|CSV reader: Directive '_CHUNK_SIZE' has the value '100000'
2025-12-17 14:38:32|   0.0|  0.0|INFORM|CSV reader: Directive '_TRIM_FIELD_NAME_WHITESPACE' has the value 'Yes'
2025-12-17 14:38:32|   0.0|  0.0|INFORM|CSV reader: Directive '_READ_EMPTY_VALUES_AS' has the value 'Null'
2025-12-17 14:38:32|   0.0|  0.0|INFORM|CSV reader: Directive '_REPLACE_ATTR_NAME_INVALID_CHARS' has the value 'No'
2025-12-17 14:38:32|   0.0|  0.0|INFORM|Using MultiWriter with keyword `PRIMARY_DEST' to output data (ID_ATTRIBUTE is `multi_writer_id')
2025-12-17 14:38:32|   0.0|  0.0|INFORM|Writer output will be ordered by value of multi_writer_id
2025-12-17 14:38:32|   0.0|  0.0|INFORM|Loaded module 'LogCount_func' from file 'C:\apps\FME\current\plugins/LogCount_func.dll'
2025-12-17 14:38:32|   0.0|  0.0|INFORM|FME API version of module 'LogCount_func' matches current internal version (4.0 20240212)
2025-12-17 14:38:32|   0.0|  0.0|INFORM|FME Configuration: Using FME Reprojection Engine
2025-12-17 14:38:32|   0.0|  0.0|INFORM|Loaded module 'Geometry_func' from file 'C:\apps\FME\current\plugins/Geometry_func.dll'
2025-12-17 14:38:32|   0.0|  0.0|INFORM|FME API version of module 'Geometry_func' matches current internal version (4.0 20240212)
2025-12-17 14:38:32|   0.0|  0.0|INFORM|Loaded module 'PythonFactory' from file 'C:\apps\FME\current\plugins/PythonFactory.dll'
2025-12-17 14:38:32|   0.0|  0.0|INFORM|FME API version of module 'PythonFactory' matches current internal version (4.0 20240212)
2025-12-17 14:38:32|   0.0|  0.0|INFORM|Using Python interpreter from `C:\apps\FME\current\fmepython312\python312.dll' with PYTHONHOME `C:\apps\FME\current\fmepython312'
2025-12-17 14:38:32|   0.0|  0.0|INFORM|Python version 3.12 loaded successfully
2025-12-17 14:38:32|   0.0|  0.0|INFORM|Adding folder `C:\Users\jmeade\OneDrive - Iowa Department of Transportation\Projects\STATCOM_STL\' to the python path
2025-12-17 14:38:32|   0.0|  0.0|INFORM|Adding folder `C:\Users\jmeade\OneDrive - Iowa Department of Transportation\Projects\STATCOM_STL\' to the python path
2025-12-17 14:38:32|   0.0|  0.0|INFORM|Loaded module 'StatisticsCalculatorFactory' from file 'C:\apps\FME\current\plugins/StatisticsCalculatorFactory.dll'
2025-12-17 14:38:32|   0.0|  0.0|INFORM|FME API version of module 'StatisticsCalculatorFactory' matches current internal version (4.0 20240212)
2025-12-17 14:38:32|   0.0|  0.0|INFORM|StatisticsCalculator (StatisticsCalculatorFactory): The following statistics will be calculated 'ID.total_count'
2025-12-17 14:38:32|   0.0|  0.0|INFORM|Loaded module 'DuplicateRemoverFactory' from file 'C:\apps\FME\current\plugins/DuplicateRemoverFactory.dll'
2025-12-17 14:38:32|   0.0|  0.0|INFORM|FME API version of module 'DuplicateRemoverFactory' matches current internal version (4.0 20240212)
2025-12-17 14:38:32|   0.0|  0.0|INFORM|Loaded module 'FeatureJoinerFactory' from file 'C:\apps\FME\current\plugins/FeatureJoinerFactory.dll'
2025-12-17 14:38:32|   0.0|  0.0|INFORM|FME API version of module 'FeatureJoinerFactory' matches current internal version (4.0 20240212)
2025-12-17 14:38:32|   0.0|  0.0|INFORM|StatisticsCalculator_2 (StatisticsCalculatorFactory): The following statistics will be calculated 'ID.total_count'
2025-12-17 14:38:32|   0.0|  0.0|INFORM|Loaded module 'InspectorFactory' from file 'C:\apps\FME\current\plugins/InspectorFactory.dll'
2025-12-17 14:38:32|   0.0|  0.0|INFORM|FME API version of module 'InspectorFactory' matches current internal version (4.0 20240212)
2025-12-17 14:38:32|   0.1|  0.1|STATS |Restoring 1 feature(s) from FME feature store file `C:\Users\jmeade\AppData\Local\Temp\wb-cache-RAMS_AADT_STL_VOLUME CONFLATER-EzOjyd\Main_1991985_STATCOM1_2022_RAMP_osm_s -1 144 -1  0  d6f6ca7e0d1d787aa3074f7f6765f11583aaf657.ffs'
2025-12-17 14:38:32|   0.1|  0.0|INFORM|FFS writer: Writing 3065 feature(s) to file 'C:\Users\jmeade\AppData\Local\Temp\wb-cache-RAMS_AADT_STL_VOLUME CONFLATER-EzOjyd\Main_Reprojector_4 -1 94 fo 0 REPROJECTED  0  4539c50d6a7d2dd852a52ae81524ce00113e15b3.fts'
2025-12-17 14:38:32|   0.1|  0.0|INFORM|Spatial Index: Adding 3065 features
2025-12-17 14:38:32|   0.1|  0.0|INFORM|FFS writer: Writing 3065 feature(s) to file 'C:\Users\jmeade\AppData\Local\Temp\wb-cache-RAMS_AADT_STL_VOLUME CONFLATER-EzOjyd\LineDivider_Line 0 4 0  0  8e13399201db2fbf1f064bc340f91b7b3e8f1e48.fts'
2025-12-17 14:38:32|   0.1|  0.0|INFORM|Spatial Index: Adding 3065 features
2025-12-17 14:38:32|   0.1|  0.0|INFORM|FFS writer: Writing 3065 feature(s) to file 'C:\Users\jmeade\AppData\Local\Temp\wb-cache-RAMS_AADT_STL_VOLUME CONFLATER-EzOjyd\LineDivider_AggregateFilter 0 6 fo 1 NOT_AGGREGATE  0  5367966618d2ac7c2de13d4eff6bdff6a3062701.fts'
2025-12-17 14:38:32|   0.1|  0.0|INFORM|Spatial Index: Adding 3065 features
2025-12-17 14:38:32|   0.1|  0.0|INFORM|FFS writer: Writing 3065 feature(s) to file 'C:\Users\jmeade\AppData\Local\Temp\wb-cache-RAMS_AADT_STL_VOLUME CONFLATER-EzOjyd\LineDivider_GeometryFilter 0 7 fo 0 LINE  0  bf125c9b264bc98ee08e90eb02f3c14c3b3678c8.fts'
2025-12-17 14:38:32|   0.1|  0.0|INFORM|Spatial Index: Adding 3065 features
2025-12-17 14:38:32|   0.1|  0.0|INFORM|FFS writer: Writing 3065 feature(s) to file 'C:\Users\jmeade\AppData\Local\Temp\wb-cache-RAMS_AADT_STL_VOLUME CONFLATER-EzOjyd\LineDivider_AttributeCreator 0 10 fo 0 OUTPUT  0  7732676b526a818641f16be4b8eefdc69c5c7344.fts'
2025-12-17 14:38:32|   0.2|  0.1|INFORM|Spatial Index: Adding 3065 features
2025-12-17 14:38:32|   0.2|  0.0|INFORM|LineDivider_2_PythonCaller (PythonFactory): Splitting bulk features into individual features
2025-12-17 14:38:33|   0.2|  0.0|WARN  |NeighborFinder_2 (ProximityFactory): Close Candidate List Name is blank so Number of Neighbors to Find will be forced to 1 ('10' was specified)
2025-12-17 14:38:37|   2.3|  2.1|INFORM|LineDivider_2_PythonCaller (PythonFactory): Processed 1137 of 3065 features
2025-12-17 14:38:42|   4.3|  2.0|INFORM|LineDivider_2_PythonCaller (PythonFactory): Processed 2090 of 3065 features
2025-12-17 14:38:47|   6.5|  2.2|INFORM|LineDivider_2_PythonCaller (PythonFactory): Processed 2969 of 3065 features
2025-12-17 14:38:48|   6.9|  0.4|INFORM|LineDivider_2_PythonCaller (PythonFactory): Processed 3065 of 3065 features
2025-12-17 14:38:48|   6.9|  0.0|INFORM|TestFilter_2_<UNFILTERED> Feature Recorder -1 2147680307 (RecorderFactory): Splitting bulk features into individual features
2025-12-17 14:38:48|   6.9|  0.0|INFORM|TestFilter_2_@Value(Day Part) = 00: All Day (12am-12am) Feature Recorder -1 2147614771 (RecorderFactory): Splitting bulk features into individual features
2025-12-17 14:38:48|   6.9|  0.0|INFORM|TestFilter_2_<UNFILTERED> Feature Recorder -1 2147680307 (RecorderFactory): Splitting bulk features into individual features
2025-12-17 14:38:48|   6.9|  0.0|INFORM|TestFilter_2_@Value(Day Part) = 00: All Day (12am-12am) Feature Recorder -1 2147614771 (RecorderFactory): Splitting bulk features into individual features
2025-12-17 14:38:48|   6.9|  0.0|INFORM|TestFilter_2_<UNFILTERED> Feature Recorder -1 2147680307 (RecorderFactory): Splitting bulk features into individual features
2025-12-17 14:38:48|   6.9|  0.0|INFORM|TestFilter_2_@Value(Day Part) = 00: All Day (12am-12am) Feature Recorder -1 2147614771 (RecorderFactory): Splitting bulk features into individual features
2025-12-17 14:38:48|   6.9|  0.0|INFORM|TestFilter_2_<UNFILTERED> Feature Recorder -1 2147680307 (RecorderFactory): Splitting bulk features into individual features
2025-12-17 14:38:48|   6.9|  0.0|INFORM|TestFilter_2_@Value(Day Part) = 00: All Day (12am-12am) Feature Recorder -1 2147614771 (RecorderFactory): Splitting bulk features into individual features
2025-12-17 14:38:48|   6.9|  0.0|INFORM|TestFilter_2_<UNFILTERED> Feature Recorder -1 2147680307 (RecorderFactory): Splitting bulk features into individual features
2025-12-17 14:38:48|   6.9|  0.0|INFORM|TestFilter_2_@Value(Day Part) = 00: All Day (12am-12am) Feature Recorder -1 2147614771 (RecorderFactory): Splitting bulk features into individual features
2025-12-17 14:38:48|   6.9|  0.0|INFORM|TestFilter_2_<UNFILTERED> Feature Recorder -1 2147680307 (RecorderFactory): Splitting bulk features into individual features
2025-12-17 14:38:48|   6.9|  0.0|INFORM|TestFilter_2_@Value(Day Part) = 00: All Day (12am-12am) Feature Recorder -1 2147614771 (RecorderFactory): Splitting bulk features into individual features
2025-12-17 14:38:48|   6.9|  0.0|INFORM|TestFilter_2_<UNFILTERED> Feature Recorder -1 2147680307 (RecorderFactory): Splitting bulk features into individual features
2025-12-17 14:38:48|   6.9|  0.0|INFORM|TestFilter_2_@Value(Day Part) = 00: All Day (12am-12am) Feature Recorder -1 2147614771 (RecorderFactory): Splitting bulk features into individual features
2025-12-17 14:38:48|   6.9|  0.0|INFORM|TestFilter_2_<UNFILTERED> Feature Recorder -1 2147680307 (RecorderFactory): Splitting bulk features into individual features
2025-12-17 14:38:48|   6.9|  0.0|INFORM|TestFilter_2_@Value(Day Part) = 00: All Day (12am-12am) Feature Recorder -1 2147614771 (RecorderFactory): Splitting bulk features into individual features
2025-12-17 14:38:48|   6.9|  0.0|INFORM|TestFilter_2_<UNFILTERED> Feature Recorder -1 2147680307 (RecorderFactory): Splitting bulk features into individual features
2025-12-17 14:38:48|   6.9|  0.0|INFORM|TestFilter_2_@Value(Day Part) = 00: All Day (12am-12am) Feature Recorder -1 2147614771 (RecorderFactory): Splitting bulk features into individual features
2025-12-17 14:38:48|   6.9|  0.0|INFORM|TestFilter_2_<UNFILTERED> Feature Recorder -1 2147680307 (RecorderFactory): Splitting bulk features into individual features
2025-12-17 14:38:48|   6.9|  0.0|INFORM|TestFilter_2_@Value(Day Part) = 00: All Day (12am-12am) Feature Recorder -1 2147614771 (RecorderFactory): Splitting bulk features into individual features
2025-12-17 14:38:48|   6.9|  0.0|INFORM|TestFilter_2 (TestFactory): Splitting bulk features into individual features
2025-12-17 14:38:51|   8.1|  1.2|INFORM|CSV reader: Read 200000 features
2025-12-17 14:38:51|   8.1|  0.0|INFORM|TestFilter_2_<UNFILTERED> Feature Recorder -1 2147680307 (RecorderFactory): Splitting bulk features into individual features
2025-12-17 14:38:51|   8.1|  0.0|INFORM|TestFilter_2_@Value(Day Part) = 00: All Day (12am-12am) Feature Recorder -1 2147614771 (RecorderFactory): Splitting bulk features into individual features
2025-12-17 14:38:51|   8.1|  0.0|INFORM|TestFilter_2_<UNFILTERED> Feature Recorder -1 2147680307 (RecorderFactory): Splitting bulk features into individual features
2025-12-17 14:38:51|   8.1|  0.0|INFORM|TestFilter_2_@Value(Day Part) = 00: All Day (12am-12am) Feature Recorder -1 2147614771 (RecorderFactory): Splitting bulk features into individual features
2025-12-17 14:38:51|   8.1|  0.0|INFORM|TestFilter_2_<UNFILTERED> Feature Recorder -1 2147680307 (RecorderFactory): Splitting bulk features into individual features
2025-12-17 14:38:51|   8.1|  0.0|INFORM|TestFilter_2_@Value(Day Part) = 00: All Day (12am-12am) Feature Recorder -1 2147614771 (RecorderFactory): Splitting bulk features into individual features
2025-12-17 14:38:51|   8.1|  0.0|INFORM|TestFilter_2_<UNFILTERED> Feature Recorder -1 2147680307 (RecorderFactory): Splitting bulk features into individual features
2025-12-17 14:38:51|   8.1|  0.0|INFORM|TestFilter_2_@Value(Day Part) = 00: All Day (12am-12am) Feature Recorder -1 2147614771 (RecorderFactory): Splitting bulk features into individual features
2025-12-17 14:38:51|   8.1|  0.0|INFORM|TestFilter_2_<UNFILTERED> Feature Recorder -1 2147680307 (RecorderFactory): Splitting bulk features into individual features
2025-12-17 14:38:51|   8.1|  0.0|INFORM|TestFilter_2_@Value(Day Part) = 00: All Day (12am-12am) Feature Recorder -1 2147614771 (RecorderFactory): Splitting bulk features into individual features
2025-12-17 14:38:51|   8.1|  0.0|INFORM|TestFilter_2_<UNFILTERED> Feature Recorder -1 2147680307 (RecorderFactory): Splitting bulk features into individual features
2025-12-17 14:38:51|   8.1|  0.0|INFORM|TestFilter_2_@Value(Day Part) = 00: All Day (12am-12am) Feature Recorder -1 2147614771 (RecorderFactory): Splitting bulk features into individual features
2025-12-17 14:38:51|   8.1|  0.0|INFORM|TestFilter_2_<UNFILTERED> Feature Recorder -1 2147680307 (RecorderFactory): Splitting bulk features into individual features
2025-12-17 14:38:51|   8.1|  0.0|INFORM|TestFilter_2_@Value(Day Part) = 00: All Day (12am-12am) Feature Recorder -1 2147614771 (RecorderFactory): Splitting bulk features into individual features
2025-12-17 14:38:51|   8.1|  0.0|INFORM|TestFilter_2_<UNFILTERED> Feature Recorder -1 2147680307 (RecorderFactory): Splitting bulk features into individual features
2025-12-17 14:38:51|   8.1|  0.0|INFORM|TestFilter_2_@Value(Day Part) = 00: All Day (12am-12am) Feature Recorder -1 2147614771 (RecorderFactory): Splitting bulk features into individual features
2025-12-17 14:38:51|   8.1|  0.0|INFORM|TestFilter_2_<UNFILTERED> Feature Recorder -1 2147680307 (RecorderFactory): Splitting bulk features into individual features
2025-12-17 14:38:51|   8.1|  0.0|INFORM|TestFilter_2_@Value(Day Part) = 00: All Day (12am-12am) Feature Recorder -1 2147614771 (RecorderFactory): Splitting bulk features into individual features
2025-12-17 14:38:51|   8.1|  0.0|INFORM|TestFilter_2_<UNFILTERED> Feature Recorder -1 2147680307 (RecorderFactory): Splitting bulk features into individual features
2025-12-17 14:38:51|   8.1|  0.0|INFORM|TestFilter_2_@Value(Day Part) = 00: All Day (12am-12am) Feature Recorder -1 2147614771 (RecorderFactory): Splitting bulk features into individual features
2025-12-17 14:38:51|   8.1|  0.0|INFORM|TestFilter_2 (TestFactory): Splitting bulk features into individual features
2025-12-17 14:38:54|   9.4|  1.3|INFORM|TestFilter_2_<UNFILTERED> Feature Recorder -1 2147680307 (RecorderFactory): Splitting bulk features into individual features
2025-12-17 14:38:54|   9.4|  0.0|INFORM|TestFilter_2_@Value(Day Part) = 00: All Day (12am-12am) Feature Recorder -1 2147614771 (RecorderFactory): Splitting bulk features into individual features
2025-12-17 14:38:54|   9.4|  0.0|INFORM|TestFilter_2_<UNFILTERED> Feature Recorder -1 2147680307 (RecorderFactory): Splitting bulk features into individual features
2025-12-17 14:38:54|   9.4|  0.0|INFORM|TestFilter_2_@Value(Day Part) = 00: All Day (12am-12am) Feature Recorder -1 2147614771 (RecorderFactory): Splitting bulk features into individual features
2025-12-17 14:38:54|   9.4|  0.0|INFORM|TestFilter_2_<UNFILTERED> Feature Recorder -1 2147680307 (RecorderFactory): Splitting bulk features into individual features
2025-12-17 14:38:54|   9.4|  0.0|INFORM|TestFilter_2_@Value(Day Part) = 00: All Day (12am-12am) Feature Recorder -1 2147614771 (RecorderFactory): Splitting bulk features into individual features
2025-12-17 14:38:54|   9.4|  0.0|INFORM|TestFilter_2_<UNFILTERED> Feature Recorder -1 2147680307 (RecorderFactory): Splitting bulk features into individual features
2025-12-17 14:38:54|   9.4|  0.0|INFORM|TestFilter_2_@Value(Day Part) = 00: All Day (12am-12am) Feature Recorder -1 2147614771 (RecorderFactory): Splitting bulk features into individual features
2025-12-17 14:38:54|   9.4|  0.0|INFORM|TestFilter_2_<UNFILTERED> Feature Recorder -1 2147680307 (RecorderFactory): Splitting bulk features into individual features
2025-12-17 14:38:54|   9.4|  0.0|INFORM|TestFilter_2_@Value(Day Part) = 00: All Day (12am-12am) Feature Recorder -1 2147614771 (RecorderFactory): Splitting bulk features into individual features
2025-12-17 14:38:54|   9.4|  0.0|INFORM|TestFilter_2_<UNFILTERED> Feature Recorder -1 2147680307 (RecorderFactory): Splitting bulk features into individual features
2025-12-17 14:38:54|   9.4|  0.0|INFORM|TestFilter_2_@Value(Day Part) = 00: All Day (12am-12am) Feature Recorder -1 2147614771 (RecorderFactory): Splitting bulk features into individual features
2025-12-17 14:38:54|   9.4|  0.0|INFORM|TestFilter_2_<UNFILTERED> Feature Recorder -1 2147680307 (RecorderFactory): Splitting bulk features into individual features
2025-12-17 14:38:54|   9.4|  0.0|INFORM|TestFilter_2_@Value(Day Part) = 00: All Day (12am-12am) Feature Recorder -1 2147614771 (RecorderFactory): Splitting bulk features into individual features
2025-12-17 14:38:54|   9.4|  0.0|INFORM|TestFilter_2_<UNFILTERED> Feature Recorder -1 2147680307 (RecorderFactory): Splitting bulk features into individual features
2025-12-17 14:38:54|   9.4|  0.0|INFORM|TestFilter_2_@Value(Day Part) = 00: All Day (12am-12am) Feature Recorder -1 2147614771 (RecorderFactory): Splitting bulk features into individual features
2025-12-17 14:38:54|   9.4|  0.0|INFORM|TestFilter_2_<UNFILTERED> Feature Recorder -1 2147680307 (RecorderFactory): Splitting bulk features into individual features
2025-12-17 14:38:54|   9.4|  0.0|INFORM|TestFilter_2_@Value(Day Part) = 00: All Day (12am-12am) Feature Recorder -1 2147614771 (RecorderFactory): Splitting bulk features into individual features
2025-12-17 14:38:54|   9.4|  0.0|INFORM|TestFilter_2_<UNFILTERED> Feature Recorder -1 2147680307 (RecorderFactory): Splitting bulk features into individual features
2025-12-17 14:38:54|   9.4|  0.0|INFORM|TestFilter_2_@Value(Day Part) = 00: All Day (12am-12am) Feature Recorder -1 2147614771 (RecorderFactory): Splitting bulk features into individual features
2025-12-17 14:38:54|   9.4|  0.0|INFORM|TestFilter_2 (TestFactory): Splitting bulk features into individual features
2025-12-17 14:38:57|  10.3|  0.9|INFORM|FME Configuration: Using connection values from 'PRAMS.TDSOUT_SYSPLN QAQC' for GEODATABASE_SDE_1
2025-12-17 14:38:57|  10.3|  0.0|INFORM|Creating reader for format: Esri Geodatabase (ArcSDE Geodb)
2025-12-17 14:38:57|  10.3|  0.0|INFORM|Trying to find a DYNAMIC plugin for reader named `GEODATABASE_SDE'
2025-12-17 14:38:57|  10.3|  0.0|INFORM|Loaded module 'GEODATABASE_SDE' from file 'C:\apps\FME\current\plugins/..\geodatabase9.dll'
2025-12-17 14:38:57|  10.3|  0.0|INFORM|FME API version of module '..\geodatabase9' matches current internal version (4.0 20240212)
2025-12-17 14:38:57|  10.3|  0.0|INFORM|Opening the Esri Geodatabase reader
2025-12-17 14:39:05|  10.5|  0.2|INFORM|The ArcObjects license 'Advanced' is being selected from the ESRILicenseInfo ArcObjects call
2025-12-17 14:39:05|  10.6|  0.1|INFORM|FME has checked out an Esri license. The product checked out is 'Advanced'
2025-12-17 14:39:05|  10.6|  0.0|INFORM|Installed ArcGIS version is '3.3.1'
2025-12-17 14:39:05|  10.7|  0.1|WARN  |More than one transaction version specified. 'Transactional Version' will be used and 'Historical Marker and Historical Date and Time' will be ignored
2025-12-17 14:39:06|  10.7|  0.0|INFORM|Connection made to server 'PRAMS' for dataset '' (transactional version 'RAMS.QAQC') using instance 'sde:oracle11g:PRAMS' and user ID 'TDSOUT_SYSPLN'
2025-12-17 14:39:06|  10.7|  0.0|INFORM|ArcSDE release: '10.8'. Underlying database: 'Oracle'
2025-12-17 14:39:06|  10.7|  0.0|INFORM|GEODATABASE_SDE_1 Reader: Using Enhanced geometry
2025-12-17 14:39:06|  10.7|  0.0|INFORM|All network information will be ignored. As a result, edges will be treated as polyline features and junctions will be treated as point features
2025-12-17 14:39:06|  10.7|  0.0|INFORM|All relationship information will be ignored. As a result, simple relationships will not be read, and attributed relationships will be read as tables
2025-12-17 14:39:06|  10.7|  0.0|INFORM|GEODATABASE_SDE reader: Creating bulk features from individual features
2025-12-17 14:39:07|  10.7|  0.0|INFORM|The OGC definition of the FME coordinate system '_FME_0' is 'PROJCS["LRS Lambert",GEOGCS["GCS_North_American_1983",DATUM["D_North_American_1983",SPHEROID["GRS_1980",6378137.0,298.257222101]],PRIMEM["Greenwich",0.0],UNIT["Degree",0.0174532925199433]],PROJECTION["Lambert_Conformal_Conic"],PARAMETER["False_Easting",304800.0],PARAMETER["False_Northing",0.0],PARAMETER["Central_Meridian",-93.5],PARAMETER["Standard_Parallel_1",40.375],PARAMETER["Standard_Parallel_2",43.625],PARAMETER["Scale_Factor",1.0],PARAMETER["Latitude_Of_Origin",40.0],UNIT["Meter",1.0]]'
2025-12-17 14:39:07|  10.7|  0.0|INFORM|Reading feature type 'TDSOUT_SYSPLN.MFT_STATCOM1_2022'
2025-12-17 14:39:07|  10.7|  0.0|INFORM|FME Configuration: Source coordinate system for reader GEODATABASE_SDE_1[GEODATABASE_SDE] set to `_FME_0' as read from input data
2025-12-17 14:39:07|  10.7|  0.0|INFORM|Coordinate System `_FME_0' parameters: CS_NAME=`_FME_0' DESC_NM=`LRS Lambert' DT_NAME=`NAD83' ESRI_WKT=`PROJCS["LRS Lambert",GEOGCS["GCS_North_American_1983",DATUM["D_North_American_1983",SPHEROID["GRS_1980",6378137.0,298.257222101]],PRIMEM["Greenwich",0.0],UNIT["Degree",0.0174532925199433]],PROJECTION["Lambert_Conformal_Conic"],PARAMETER["False_Easting",304800.0],PARAMETER["False_Northing",0.0],PARAMETER["Central_Meridian",-93.5],PARAMETER["Standard_Parallel_1",40.375],PARAMETER["Standard_Parallel_2",43.625],PARAMETER["Scale_Factor",1.0],PARAMETER["Latitude_Of_Origin",40.0],UNIT["Meter",1.0]]' ORG_LAT=`40' ORG_LNG=`-93.5' PARM1=`40.375' PARM2=`43.625' PROJ=`LM' QUAD=`1' UNIT=`METER' X_OFF=`304800'
2025-12-17 14:39:07|  10.7|  0.0|INFORM|FFS writer: Writing 3436 feature(s) to file 'C:\Users\jmeade\AppData\Local\Temp\wb-cache-RAMS_AADT_STL_VOLUME CONFLATER-EzOjyd\Main_TDSOUT_SYSPLN.MFT_STATCOM1_2022 -1 141 -1  0  32378833e51d0284816cbd06b8b4a755afc83c4e.fts'
2025-12-17 14:39:07|  10.7|  0.0|INFORM|Spatial Index: Adding 3436 features
2025-12-17 14:39:07|  10.7|  0.0|INFORM|TestFilter_8_@Evaluate(@Length(@Value(ROUTEID))) != 11 Feature Recorder -1 2147614825 (RecorderFactory): Splitting bulk features into individual features
2025-12-17 14:39:07|  10.7|  0.0|INFORM|CS-MAP Reprojector: Transformation will be automatically selected for '_FME_0' -> 'UTM84-15N', and is not guaranteed to remain the same in future releases of FME
2025-12-17 14:39:07|  10.7|  0.0|INFORM|Reprojector: Using transformation `NAD83_to_WGS84,Forward(Null,EPSG:1188)' when reprojecting from _FME_0 to UTM84-15N
2025-12-17 14:39:07|  10.7|  0.0|INFORM|TestFilter_8_<UNFILTERED> Feature Recorder -1 2147680361 (RecorderFactory): Splitting bulk features into individual features
2025-12-17 14:39:07|  10.7|  0.0|INFORM|TestFilter_8_@Evaluate(@Length(@Value(ROUTEID))) != 11 Feature Recorder -1 2147614825 (RecorderFactory): Splitting bulk features into individual features
2025-12-17 14:39:07|  10.7|  0.0|INFORM|TestFilter_8_<UNFILTERED> Feature Recorder -1 2147680361 (RecorderFactory): Splitting bulk features into individual features
2025-12-17 14:39:07|  10.7|  0.0|INFORM|TestFilter_8_@Evaluate(@Length(@Value(ROUTEID))) != 11 Feature Recorder -1 2147614825 (RecorderFactory): Splitting bulk features into individual features
2025-12-17 14:39:07|  10.7|  0.0|INFORM|TestFilter_8_<UNFILTERED> Feature Recorder -1 2147680361 (RecorderFactory): Splitting bulk features into individual features
2025-12-17 14:39:07|  10.7|  0.0|INFORM|TestFilter_8_@Evaluate(@Length(@Value(ROUTEID))) != 11 Feature Recorder -1 2147614825 (RecorderFactory): Splitting bulk features into individual features
2025-12-17 14:39:07|  10.7|  0.0|INFORM|TestFilter_8_<UNFILTERED> Feature Recorder -1 2147680361 (RecorderFactory): Splitting bulk features into individual features
2025-12-17 14:39:07|  10.7|  0.0|INFORM|TestFilter_8_@Evaluate(@Length(@Value(ROUTEID))) != 11 Feature Recorder -1 2147614825 (RecorderFactory): Splitting bulk features into individual features
2025-12-17 14:39:07|  10.7|  0.0|INFORM|TestFilter_8_<UNFILTERED> Feature Recorder -1 2147680361 (RecorderFactory): Splitting bulk features into individual features
2025-12-17 14:39:07|  10.7|  0.0|INFORM|TestFilter_8_@Evaluate(@Length(@Value(ROUTEID))) != 11 Feature Recorder -1 2147614825 (RecorderFactory): Splitting bulk features into individual features
2025-12-17 14:39:07|  10.7|  0.0|INFORM|TestFilter_8_<UNFILTERED> Feature Recorder -1 2147680361 (RecorderFactory): Splitting bulk features into individual features
2025-12-17 14:39:07|  10.7|  0.0|INFORM|TestFilter_8_@Evaluate(@Length(@Value(ROUTEID))) != 11 Feature Recorder -1 2147614825 (RecorderFactory): Splitting bulk features into individual features
2025-12-17 14:39:07|  10.7|  0.0|INFORM|TestFilter_8_<UNFILTERED> Feature Recorder -1 2147680361 (RecorderFactory): Splitting bulk features into individual features
2025-12-17 14:39:07|  10.7|  0.0|INFORM|TestFilter_8_@Evaluate(@Length(@Value(ROUTEID))) != 11 Feature Recorder -1 2147614825 (RecorderFactory): Splitting bulk features into individual features
2025-12-17 14:39:07|  10.7|  0.0|INFORM|TestFilter_8_<UNFILTERED> Feature Recorder -1 2147680361 (RecorderFactory): Splitting bulk features into individual features
2025-12-17 14:39:07|  10.7|  0.0|INFORM|TestFilter_8_@Evaluate(@Length(@Value(ROUTEID))) != 11 Feature Recorder -1 2147614825 (RecorderFactory): Splitting bulk features into individual features
2025-12-17 14:39:07|  10.7|  0.0|INFORM|TestFilter_8_<UNFILTERED> Feature Recorder -1 2147680361 (RecorderFactory): Splitting bulk features into individual features
2025-12-17 14:39:07|  10.7|  0.0|INFORM|TestFilter_8_@Evaluate(@Length(@Value(ROUTEID))) != 11 Feature Recorder -1 2147614825 (RecorderFactory): Splitting bulk features into individual features
2025-12-17 14:39:07|  10.7|  0.0|INFORM|TestFilter_8_<UNFILTERED> Feature Recorder -1 2147680361 (RecorderFactory): Splitting bulk features into individual features
2025-12-17 14:39:07|  10.7|  0.0|INFORM|TestFilter_8 (TestFactory): The current set of bulk features will no longer be processed in Bulk Mode, as this is not expected to improve performance
2025-12-17 14:39:07|  10.7|  0.0|INFORM|TestFilter_8_@Evaluate(@Length(@Value(ROUTEID))) != 11 Feature Recorder -1 2147614825 (RecorderFactory): Splitting bulk features into individual features
2025-12-17 14:39:07|  10.7|  0.0|INFORM|TestFilter_8 (TestFactory): Splitting bulk features into individual features
2025-12-17 14:39:07|  10.7|  0.0|INFORM|Logger_2: Feature is:
2025-12-17 14:39:07|  10.7|  0.0|INFORM|+++++++++++++++++++++++++++++++++++++++++++++++++++++++++++++++++++++++++++
2025-12-17 14:39:07|  10.7|  0.0|INFORM|Feature Type: `Logger_2_LOGGED'
2025-12-17 14:39:07|  10.7|  0.0|INFORM|Attribute(string: UTF-16LE)        : `ID' has value `c171dbb7-56b2-46e5-a8e3-0fefa5dcb7f1'
2025-12-17 14:39:07|  10.7|  0.0|INFORM|Attribute(string; UTF-8)           : `fme_feature_type' has value `TDSOUT_SYSPLN.MFT_STATCOM1_2022'
2025-12-17 14:39:07|  10.7|  0.0|INFORM|Attribute(string: UTF-8)           : `fme_geometry' has value `fme_undefined'
2025-12-17 14:39:07|  10.7|  0.0|INFORM|Attribute(string; UTF-8)           : `fme_rejection_code' has value `INVALID_CANDIDATE_GEOMETRY_VERTICES'
2025-12-17 14:39:07|  10.7|  0.0|INFORM|Attribute(entangled: string: UTF-8): `fme_type' has value `fme_no_geom'
2025-12-17 14:39:07|  10.7|  0.0|INFORM|          entangled to geodb_type
2025-12-17 14:39:07|  10.7|  0.0|INFORM|Attribute(64 bit integer)          : `geodb_oid' has value `81'
2025-12-17 14:39:07|  10.7|  0.0|INFORM|Attribute(string: UTF-8)           : `geodb_type' has value `geodb_undefined'
2025-12-17 14:39:07|  10.7|  0.0|INFORM|Attribute(32 bit integer)          : `multi_reader_full_id' has value `1'
2025-12-17 14:39:07|  10.7|  0.0|INFORM|Attribute(32 bit integer)          : `multi_reader_id' has value `1'
2025-12-17 14:39:07|  10.7|  0.0|INFORM|Attribute(string: UTF-8)           : `multi_reader_keyword' has value `GEODATABASE_SDE_1'
2025-12-17 14:39:07|  10.7|  0.0|INFORM|Attribute(string: UTF-8)           : `multi_reader_type' has value `GEODATABASE_SDE'
2025-12-17 14:39:07|  10.7|  0.0|INFORM|Coordinate System: `UTM84-15N'
2025-12-17 14:39:07|  10.7|  0.0|INFORM|Geometry Type: Null
2025-12-17 14:39:07|  10.7|  0.0|INFORM|Coordinate Dimension: 2
2025-12-17 14:39:07|  10.7|  0.0|INFORM|===========================================================================
2025-12-17 14:39:07|  10.7|  0.0|INFORM|Logger_2: Feature is:
2025-12-17 14:39:07|  10.7|  0.0|INFORM|+++++++++++++++++++++++++++++++++++++++++++++++++++++++++++++++++++++++++++
2025-12-17 14:39:07|  10.7|  0.0|INFORM|Feature Type: `Logger_2_LOGGED'
2025-12-17 14:39:07|  10.7|  0.0|INFORM|Attribute(string: UTF-16LE)        : `ID' has value `707a2d7c-d251-4bbb-a060-2fbdadfc17f5'
2025-12-17 14:39:07|  10.7|  0.0|INFORM|Attribute(string; UTF-8)           : `fme_feature_type' has value `TDSOUT_SYSPLN.MFT_STATCOM1_2022'
2025-12-17 14:39:07|  10.7|  0.0|INFORM|Attribute(string: UTF-8)           : `fme_geometry' has value `fme_undefined'
2025-12-17 14:39:07|  10.7|  0.0|INFORM|Attribute(string; UTF-8)           : `fme_rejection_code' has value `INVALID_CANDIDATE_GEOMETRY_VERTICES'
2025-12-17 14:39:07|  10.7|  0.0|INFORM|Attribute(entangled: string: UTF-8): `fme_type' has value `fme_no_geom'
2025-12-17 14:39:07|  10.7|  0.0|INFORM|          entangled to geodb_type
2025-12-17 14:39:07|  10.7|  0.0|INFORM|Attribute(64 bit integer)          : `geodb_oid' has value `601'
2025-12-17 14:39:07|  10.7|  0.0|INFORM|Attribute(string: UTF-8)           : `geodb_type' has value `geodb_undefined'
2025-12-17 14:39:07|  10.7|  0.0|INFORM|Attribute(32 bit integer)          : `multi_reader_full_id' has value `1'
2025-12-17 14:39:07|  10.7|  0.0|INFORM|Attribute(32 bit integer)          : `multi_reader_id' has value `1'
2025-12-17 14:39:07|  10.7|  0.0|INFORM|Attribute(string: UTF-8)           : `multi_reader_keyword' has value `GEODATABASE_SDE_1'
2025-12-17 14:39:07|  10.7|  0.0|INFORM|Attribute(string: UTF-8)           : `multi_reader_type' has value `GEODATABASE_SDE'
2025-12-17 14:39:07|  10.7|  0.0|INFORM|Coordinate System: `UTM84-15N'
2025-12-17 14:39:07|  10.7|  0.0|INFORM|Geometry Type: Null
2025-12-17 14:39:07|  10.7|  0.0|INFORM|Coordinate Dimension: 2
2025-12-17 14:39:07|  10.7|  0.0|INFORM|===========================================================================
2025-12-17 14:39:07|  10.7|  0.0|INFORM|Logger_2: Feature is:
2025-12-17 14:39:07|  10.7|  0.0|INFORM|+++++++++++++++++++++++++++++++++++++++++++++++++++++++++++++++++++++++++++
2025-12-17 14:39:07|  10.7|  0.0|INFORM|Feature Type: `Logger_2_LOGGED'
2025-12-17 14:39:07|  10.7|  0.0|INFORM|Attribute(string: UTF-16LE)        : `ID' has value `9e78feb1-6fb5-45c4-a8d5-09abc5e2a647'
2025-12-17 14:39:07|  10.7|  0.0|INFORM|Attribute(string; UTF-8)           : `fme_feature_type' has value `TDSOUT_SYSPLN.MFT_STATCOM1_2022'
2025-12-17 14:39:07|  10.7|  0.0|INFORM|Attribute(string: UTF-8)           : `fme_geometry' has value `fme_undefined'
2025-12-17 14:39:07|  10.7|  0.0|INFORM|Attribute(string; UTF-8)           : `fme_rejection_code' has value `INVALID_CANDIDATE_GEOMETRY_VERTICES'
2025-12-17 14:39:07|  10.7|  0.0|INFORM|Attribute(entangled: string: UTF-8): `fme_type' has value `fme_no_geom'
2025-12-17 14:39:07|  10.7|  0.0|INFORM|          entangled to geodb_type
2025-12-17 14:39:07|  10.7|  0.0|INFORM|Attribute(64 bit integer)          : `geodb_oid' has value `1174'
2025-12-17 14:39:07|  10.7|  0.0|INFORM|Attribute(string: UTF-8)           : `geodb_type' has value `geodb_undefined'
2025-12-17 14:39:07|  10.7|  0.0|INFORM|Attribute(32 bit integer)          : `multi_reader_full_id' has value `1'
2025-12-17 14:39:07|  10.7|  0.0|INFORM|Attribute(32 bit integer)          : `multi_reader_id' has value `1'
2025-12-17 14:39:07|  10.7|  0.0|INFORM|Attribute(string: UTF-8)           : `multi_reader_keyword' has value `GEODATABASE_SDE_1'
2025-12-17 14:39:07|  10.7|  0.0|INFORM|Attribute(string: UTF-8)           : `multi_reader_type' has value `GEODATABASE_SDE'
2025-12-17 14:39:07|  10.7|  0.0|INFORM|Coordinate System: `UTM84-15N'
2025-12-17 14:39:07|  10.7|  0.0|INFORM|Geometry Type: Null
2025-12-17 14:39:07|  10.7|  0.0|INFORM|Coordinate Dimension: 2
2025-12-17 14:39:07|  10.7|  0.0|INFORM|===========================================================================
2025-12-17 14:39:08|  10.7|  0.0|INFORM|Logger_2: Feature is:
2025-12-17 14:39:08|  10.7|  0.0|INFORM|+++++++++++++++++++++++++++++++++++++++++++++++++++++++++++++++++++++++++++
2025-12-17 14:39:08|  10.7|  0.0|INFORM|Feature Type: `Logger_2_LOGGED'
2025-12-17 14:39:08|  10.7|  0.0|INFORM|Attribute(string: UTF-16LE)        : `ID' has value `124a5dd9-40be-4917-ac0e-4d3da0744865'
2025-12-17 14:39:08|  10.7|  0.0|INFORM|Attribute(string; UTF-8)           : `fme_feature_type' has value `TDSOUT_SYSPLN.MFT_STATCOM1_2022'
2025-12-17 14:39:08|  10.7|  0.0|INFORM|Attribute(string: UTF-8)           : `fme_geometry' has value `fme_undefined'
2025-12-17 14:39:08|  10.7|  0.0|INFORM|Attribute(string; UTF-8)           : `fme_rejection_code' has value `INVALID_CANDIDATE_GEOMETRY_VERTICES'
2025-12-17 14:39:08|  10.7|  0.0|INFORM|Attribute(entangled: string: UTF-8): `fme_type' has value `fme_no_geom'
2025-12-17 14:39:08|  10.7|  0.0|INFORM|          entangled to geodb_type
2025-12-17 14:39:08|  10.7|  0.0|INFORM|Attribute(64 bit integer)          : `geodb_oid' has value `1175'
2025-12-17 14:39:08|  10.7|  0.0|INFORM|Attribute(string: UTF-8)           : `geodb_type' has value `geodb_undefined'
2025-12-17 14:39:08|  10.7|  0.0|INFORM|Attribute(32 bit integer)          : `multi_reader_full_id' has value `1'
2025-12-17 14:39:08|  10.7|  0.0|INFORM|Attribute(32 bit integer)          : `multi_reader_id' has value `1'
2025-12-17 14:39:08|  10.7|  0.0|INFORM|Attribute(string: UTF-8)           : `multi_reader_keyword' has value `GEODATABASE_SDE_1'
2025-12-17 14:39:08|  10.7|  0.0|INFORM|Attribute(string: UTF-8)           : `multi_reader_type' has value `GEODATABASE_SDE'
2025-12-17 14:39:08|  10.7|  0.0|INFORM|Coordinate System: `UTM84-15N'
2025-12-17 14:39:08|  10.7|  0.0|INFORM|Geometry Type: Null
2025-12-17 14:39:08|  10.7|  0.0|INFORM|Coordinate Dimension: 2
2025-12-17 14:39:08|  10.7|  0.0|INFORM|===========================================================================
2025-12-17 14:39:08|  10.8|  0.1|INFORM|Logger_2: Feature is:
2025-12-17 14:39:08|  10.8|  0.0|INFORM|+++++++++++++++++++++++++++++++++++++++++++++++++++++++++++++++++++++++++++
2025-12-17 14:39:08|  10.8|  0.0|INFORM|Feature Type: `Logger_2_LOGGED'
2025-12-17 14:39:08|  10.8|  0.0|INFORM|Attribute(string: UTF-16LE)        : `ID' has value `5cf22c7f-bfe4-4932-bda0-15cde6ba1259'
2025-12-17 14:39:08|  10.8|  0.0|INFORM|Attribute(string; UTF-8)           : `fme_feature_type' has value `TDSOUT_SYSPLN.MFT_STATCOM1_2022'
2025-12-17 14:39:08|  10.8|  0.0|INFORM|Attribute(string: UTF-8)           : `fme_geometry' has value `fme_undefined'
2025-12-17 14:39:08|  10.8|  0.0|INFORM|Attribute(string; UTF-8)           : `fme_rejection_code' has value `INVALID_CANDIDATE_GEOMETRY_VERTICES'
2025-12-17 14:39:08|  10.8|  0.0|INFORM|Attribute(entangled: string: UTF-8): `fme_type' has value `fme_no_geom'
2025-12-17 14:39:08|  10.8|  0.0|INFORM|          entangled to geodb_type
2025-12-17 14:39:08|  10.8|  0.0|INFORM|Attribute(64 bit integer)          : `geodb_oid' has value `1397'
2025-12-17 14:39:08|  10.8|  0.0|INFORM|Attribute(string: UTF-8)           : `geodb_type' has value `geodb_undefined'
2025-12-17 14:39:08|  10.8|  0.0|INFORM|Attribute(32 bit integer)          : `multi_reader_full_id' has value `1'
2025-12-17 14:39:08|  10.8|  0.0|INFORM|Attribute(32 bit integer)          : `multi_reader_id' has value `1'
2025-12-17 14:39:08|  10.8|  0.0|INFORM|Attribute(string: UTF-8)           : `multi_reader_keyword' has value `GEODATABASE_SDE_1'
2025-12-17 14:39:08|  10.8|  0.0|INFORM|Attribute(string: UTF-8)           : `multi_reader_type' has value `GEODATABASE_SDE'
2025-12-17 14:39:08|  10.8|  0.0|INFORM|Coordinate System: `UTM84-15N'
2025-12-17 14:39:08|  10.8|  0.0|INFORM|Geometry Type: Null
2025-12-17 14:39:08|  10.8|  0.0|INFORM|Coordinate Dimension: 2
2025-12-17 14:39:08|  10.8|  0.0|INFORM|===========================================================================
2025-12-17 14:39:08|  10.9|  0.1|INFORM|Logger_2: Feature is:
2025-12-17 14:39:08|  10.9|  0.0|INFORM|+++++++++++++++++++++++++++++++++++++++++++++++++++++++++++++++++++++++++++
2025-12-17 14:39:08|  10.9|  0.0|INFORM|Feature Type: `Logger_2_LOGGED'
2025-12-17 14:39:08|  10.9|  0.0|INFORM|Attribute(string: UTF-16LE)        : `ID' has value `7b1684f9-1f9e-44d1-b3d6-1e6bcf05c6a4'
2025-12-17 14:39:08|  10.9|  0.0|INFORM|Attribute(string; UTF-8)           : `fme_feature_type' has value `TDSOUT_SYSPLN.MFT_STATCOM1_2022'
2025-12-17 14:39:08|  10.9|  0.0|INFORM|Attribute(string: UTF-8)           : `fme_geometry' has value `fme_undefined'
2025-12-17 14:39:08|  10.9|  0.0|INFORM|Attribute(string; UTF-8)           : `fme_rejection_code' has value `INVALID_CANDIDATE_GEOMETRY_VERTICES'
2025-12-17 14:39:08|  10.9|  0.0|INFORM|Attribute(entangled: string: UTF-8): `fme_type' has value `fme_no_geom'
2025-12-17 14:39:08|  10.9|  0.0|INFORM|          entangled to geodb_type
2025-12-17 14:39:08|  10.9|  0.0|INFORM|Attribute(64 bit integer)          : `geodb_oid' has value `1464'
2025-12-17 14:39:08|  10.9|  0.0|INFORM|Attribute(string: UTF-8)           : `geodb_type' has value `geodb_undefined'
2025-12-17 14:39:08|  10.9|  0.0|INFORM|Attribute(32 bit integer)          : `multi_reader_full_id' has value `1'
2025-12-17 14:39:08|  10.9|  0.0|INFORM|Attribute(32 bit integer)          : `multi_reader_id' has value `1'
2025-12-17 14:39:08|  10.9|  0.0|INFORM|Attribute(string: UTF-8)           : `multi_reader_keyword' has value `GEODATABASE_SDE_1'
2025-12-17 14:39:08|  10.9|  0.0|INFORM|Attribute(string: UTF-8)           : `multi_reader_type' has value `GEODATABASE_SDE'
2025-12-17 14:39:08|  10.9|  0.0|INFORM|Coordinate System: `UTM84-15N'
2025-12-17 14:39:08|  10.9|  0.0|INFORM|Geometry Type: Null
2025-12-17 14:39:08|  10.9|  0.0|INFORM|Coordinate Dimension: 2
2025-12-17 14:39:08|  10.9|  0.0|INFORM|===========================================================================
2025-12-17 14:39:08|  10.9|  0.0|INFORM|Logger_2: Feature is:
2025-12-17 14:39:08|  10.9|  0.0|INFORM|+++++++++++++++++++++++++++++++++++++++++++++++++++++++++++++++++++++++++++
2025-12-17 14:39:08|  10.9|  0.0|INFORM|Feature Type: `Logger_2_LOGGED'
2025-12-17 14:39:08|  10.9|  0.0|INFORM|Attribute(string: UTF-16LE)        : `ID' has value `80eb0312-5499-45ac-ab73-02c32098fef7'
2025-12-17 14:39:08|  10.9|  0.0|INFORM|Attribute(string; UTF-8)           : `fme_feature_type' has value `TDSOUT_SYSPLN.MFT_STATCOM1_2022'
2025-12-17 14:39:08|  10.9|  0.0|INFORM|Attribute(string: UTF-8)           : `fme_geometry' has value `fme_undefined'
2025-12-17 14:39:08|  10.9|  0.0|INFORM|Attribute(string; UTF-8)           : `fme_rejection_code' has value `INVALID_CANDIDATE_GEOMETRY_VERTICES'
2025-12-17 14:39:08|  10.9|  0.0|INFORM|Attribute(entangled: string: UTF-8): `fme_type' has value `fme_no_geom'
2025-12-17 14:39:08|  10.9|  0.0|INFORM|          entangled to geodb_type
2025-12-17 14:39:08|  10.9|  0.0|INFORM|Attribute(64 bit integer)          : `geodb_oid' has value `1732'
2025-12-17 14:39:08|  10.9|  0.0|INFORM|Attribute(string: UTF-8)           : `geodb_type' has value `geodb_undefined'
2025-12-17 14:39:08|  10.9|  0.0|INFORM|Attribute(32 bit integer)          : `multi_reader_full_id' has value `1'
2025-12-17 14:39:08|  10.9|  0.0|INFORM|Attribute(32 bit integer)          : `multi_reader_id' has value `1'
2025-12-17 14:39:08|  10.9|  0.0|INFORM|Attribute(string: UTF-8)           : `multi_reader_keyword' has value `GEODATABASE_SDE_1'
2025-12-17 14:39:08|  10.9|  0.0|INFORM|Attribute(string: UTF-8)           : `multi_reader_type' has value `GEODATABASE_SDE'
2025-12-17 14:39:08|  10.9|  0.0|INFORM|Coordinate System: `UTM84-15N'
2025-12-17 14:39:08|  10.9|  0.0|INFORM|Geometry Type: Null
2025-12-17 14:39:08|  10.9|  0.0|INFORM|Coordinate Dimension: 2
2025-12-17 14:39:08|  10.9|  0.0|INFORM|===========================================================================
2025-12-17 14:39:08|  10.9|  0.0|INFORM|Logger_2: Feature is:
2025-12-17 14:39:08|  10.9|  0.0|INFORM|+++++++++++++++++++++++++++++++++++++++++++++++++++++++++++++++++++++++++++
2025-12-17 14:39:08|  10.9|  0.0|INFORM|Feature Type: `Logger_2_LOGGED'
2025-12-17 14:39:08|  10.9|  0.0|INFORM|Attribute(string: UTF-16LE)        : `ID' has value `845146ba-1053-4904-bc30-f0736169c3e4'
2025-12-17 14:39:08|  10.9|  0.0|INFORM|Attribute(string; UTF-8)           : `fme_feature_type' has value `TDSOUT_SYSPLN.MFT_STATCOM1_2022'
2025-12-17 14:39:08|  10.9|  0.0|INFORM|Attribute(string: UTF-8)           : `fme_geometry' has value `fme_undefined'
2025-12-17 14:39:08|  10.9|  0.0|INFORM|Attribute(string; UTF-8)           : `fme_rejection_code' has value `INVALID_CANDIDATE_GEOMETRY_VERTICES'
2025-12-17 14:39:08|  10.9|  0.0|INFORM|Attribute(entangled: string: UTF-8): `fme_type' has value `fme_no_geom'
2025-12-17 14:39:08|  10.9|  0.0|INFORM|          entangled to geodb_type
2025-12-17 14:39:08|  10.9|  0.0|INFORM|Attribute(64 bit integer)          : `geodb_oid' has value `2147'
2025-12-17 14:39:08|  10.9|  0.0|INFORM|Attribute(string: UTF-8)           : `geodb_type' has value `geodb_undefined'
2025-12-17 14:39:08|  10.9|  0.0|INFORM|Attribute(32 bit integer)          : `multi_reader_full_id' has value `1'
2025-12-17 14:39:08|  10.9|  0.0|INFORM|Attribute(32 bit integer)          : `multi_reader_id' has value `1'
2025-12-17 14:39:08|  10.9|  0.0|INFORM|Attribute(string: UTF-8)           : `multi_reader_keyword' has value `GEODATABASE_SDE_1'
2025-12-17 14:39:08|  10.9|  0.0|INFORM|Attribute(string: UTF-8)           : `multi_reader_type' has value `GEODATABASE_SDE'
2025-12-17 14:39:08|  10.9|  0.0|INFORM|Coordinate System: `UTM84-15N'
2025-12-17 14:39:08|  10.9|  0.0|INFORM|Geometry Type: Null
2025-12-17 14:39:08|  10.9|  0.0|INFORM|Coordinate Dimension: 2
2025-12-17 14:39:08|  10.9|  0.0|INFORM|===========================================================================
2025-12-17 14:39:08|  10.9|  0.0|INFORM|Logger_2: Feature is:
2025-12-17 14:39:08|  10.9|  0.0|INFORM|+++++++++++++++++++++++++++++++++++++++++++++++++++++++++++++++++++++++++++
2025-12-17 14:39:08|  10.9|  0.0|INFORM|Feature Type: `Logger_2_LOGGED'
2025-12-17 14:39:08|  10.9|  0.0|INFORM|Attribute(string: UTF-16LE)        : `ID' has value `bad51964-3ce5-421a-a460-50ca222b2439'
2025-12-17 14:39:08|  10.9|  0.0|INFORM|Attribute(string; UTF-8)           : `fme_feature_type' has value `TDSOUT_SYSPLN.MFT_STATCOM1_2022'
2025-12-17 14:39:08|  10.9|  0.0|INFORM|Attribute(string: UTF-8)           : `fme_geometry' has value `fme_undefined'
2025-12-17 14:39:08|  10.9|  0.0|INFORM|Attribute(string; UTF-8)           : `fme_rejection_code' has value `INVALID_CANDIDATE_GEOMETRY_VERTICES'
2025-12-17 14:39:08|  10.9|  0.0|INFORM|Attribute(entangled: string: UTF-8): `fme_type' has value `fme_no_geom'
2025-12-17 14:39:08|  10.9|  0.0|INFORM|          entangled to geodb_type
2025-12-17 14:39:08|  10.9|  0.0|INFORM|Attribute(64 bit integer)          : `geodb_oid' has value `2480'
2025-12-17 14:39:08|  10.9|  0.0|INFORM|Attribute(string: UTF-8)           : `geodb_type' has value `geodb_undefined'
2025-12-17 14:39:08|  10.9|  0.0|INFORM|Attribute(32 bit integer)          : `multi_reader_full_id' has value `1'
2025-12-17 14:39:08|  10.9|  0.0|INFORM|Attribute(32 bit integer)          : `multi_reader_id' has value `1'
2025-12-17 14:39:08|  10.9|  0.0|INFORM|Attribute(string: UTF-8)           : `multi_reader_keyword' has value `GEODATABASE_SDE_1'
2025-12-17 14:39:08|  10.9|  0.0|INFORM|Attribute(string: UTF-8)           : `multi_reader_type' has value `GEODATABASE_SDE'
2025-12-17 14:39:08|  10.9|  0.0|INFORM|Coordinate System: `UTM84-15N'
2025-12-17 14:39:08|  10.9|  0.0|INFORM|Geometry Type: Null
2025-12-17 14:39:08|  10.9|  0.0|INFORM|Coordinate Dimension: 2
2025-12-17 14:39:08|  10.9|  0.0|INFORM|===========================================================================
2025-12-17 14:39:08|  10.9|  0.0|INFORM|Logger_2: Feature is:
2025-12-17 14:39:08|  10.9|  0.0|INFORM|+++++++++++++++++++++++++++++++++++++++++++++++++++++++++++++++++++++++++++
2025-12-17 14:39:08|  10.9|  0.0|INFORM|Feature Type: `Logger_2_LOGGED'
2025-12-17 14:39:08|  10.9|  0.0|INFORM|Attribute(string: UTF-16LE)        : `ID' has value `f21123ee-2b85-4ca8-896b-97ffa3b78050'
2025-12-17 14:39:08|  10.9|  0.0|INFORM|Attribute(string; UTF-8)           : `fme_feature_type' has value `TDSOUT_SYSPLN.MFT_STATCOM1_2022'
2025-12-17 14:39:08|  10.9|  0.0|INFORM|Attribute(string: UTF-8)           : `fme_geometry' has value `fme_undefined'
2025-12-17 14:39:08|  10.9|  0.0|INFORM|Attribute(string; UTF-8)           : `fme_rejection_code' has value `INVALID_CANDIDATE_GEOMETRY_VERTICES'
2025-12-17 14:39:08|  10.9|  0.0|INFORM|Attribute(entangled: string: UTF-8): `fme_type' has value `fme_no_geom'
2025-12-17 14:39:08|  10.9|  0.0|INFORM|          entangled to geodb_type
2025-12-17 14:39:08|  10.9|  0.0|INFORM|Attribute(64 bit integer)          : `geodb_oid' has value `2251'
2025-12-17 14:39:08|  10.9|  0.0|INFORM|Attribute(string: UTF-8)           : `geodb_type' has value `geodb_undefined'
2025-12-17 14:39:08|  10.9|  0.0|INFORM|Attribute(32 bit integer)          : `multi_reader_full_id' has value `1'
2025-12-17 14:39:08|  10.9|  0.0|INFORM|Attribute(32 bit integer)          : `multi_reader_id' has value `1'
2025-12-17 14:39:08|  10.9|  0.0|INFORM|Attribute(string: UTF-8)           : `multi_reader_keyword' has value `GEODATABASE_SDE_1'
2025-12-17 14:39:08|  10.9|  0.0|INFORM|Attribute(string: UTF-8)           : `multi_reader_type' has value `GEODATABASE_SDE'
2025-12-17 14:39:08|  10.9|  0.0|INFORM|Coordinate System: `UTM84-15N'
2025-12-17 14:39:08|  10.9|  0.0|INFORM|Geometry Type: Null
2025-12-17 14:39:08|  10.9|  0.0|INFORM|Coordinate Dimension: 2
2025-12-17 14:39:08|  10.9|  0.0|INFORM|===========================================================================
2025-12-17 14:39:08|  10.9|  0.0|INFORM|Logger_2: Feature is:
2025-12-17 14:39:08|  10.9|  0.0|INFORM|+++++++++++++++++++++++++++++++++++++++++++++++++++++++++++++++++++++++++++
2025-12-17 14:39:08|  10.9|  0.0|INFORM|Feature Type: `Logger_2_LOGGED'
2025-12-17 14:39:08|  10.9|  0.0|INFORM|Attribute(string: UTF-16LE)        : `ID' has value `345bb6ff-2def-4054-b9d9-42fd3ce95abc'
2025-12-17 14:39:08|  10.9|  0.0|INFORM|Attribute(string; UTF-8)           : `fme_feature_type' has value `TDSOUT_SYSPLN.MFT_STATCOM1_2022'
2025-12-17 14:39:08|  10.9|  0.0|INFORM|Attribute(string: UTF-8)           : `fme_geometry' has value `fme_undefined'
2025-12-17 14:39:08|  10.9|  0.0|INFORM|Attribute(string; UTF-8)           : `fme_rejection_code' has value `INVALID_CANDIDATE_GEOMETRY_VERTICES'
2025-12-17 14:39:08|  10.9|  0.0|INFORM|Attribute(entangled: string: UTF-8): `fme_type' has value `fme_no_geom'
2025-12-17 14:39:08|  10.9|  0.0|INFORM|          entangled to geodb_type
2025-12-17 14:39:08|  10.9|  0.0|INFORM|Attribute(64 bit integer)          : `geodb_oid' has value `2281'
2025-12-17 14:39:08|  10.9|  0.0|INFORM|Attribute(string: UTF-8)           : `geodb_type' has value `geodb_undefined'
2025-12-17 14:39:08|  10.9|  0.0|INFORM|Attribute(32 bit integer)          : `multi_reader_full_id' has value `1'
2025-12-17 14:39:08|  10.9|  0.0|INFORM|Attribute(32 bit integer)          : `multi_reader_id' has value `1'
2025-12-17 14:39:08|  10.9|  0.0|INFORM|Attribute(string: UTF-8)           : `multi_reader_keyword' has value `GEODATABASE_SDE_1'
2025-12-17 14:39:08|  10.9|  0.0|INFORM|Attribute(string: UTF-8)           : `multi_reader_type' has value `GEODATABASE_SDE'
2025-12-17 14:39:08|  10.9|  0.0|INFORM|Coordinate System: `UTM84-15N'
2025-12-17 14:39:08|  10.9|  0.0|INFORM|Geometry Type: Null
2025-12-17 14:39:08|  10.9|  0.0|INFORM|Coordinate Dimension: 2
2025-12-17 14:39:08|  10.9|  0.0|INFORM|===========================================================================
2025-12-17 14:39:08|  10.9|  0.0|INFORM|Logger_2: Feature is:
2025-12-17 14:39:08|  10.9|  0.0|INFORM|+++++++++++++++++++++++++++++++++++++++++++++++++++++++++++++++++++++++++++
2025-12-17 14:39:08|  10.9|  0.0|INFORM|Feature Type: `Logger_2_LOGGED'
2025-12-17 14:39:08|  10.9|  0.0|INFORM|Attribute(string: UTF-16LE)        : `ID' has value `7738cb62-a27d-40c2-9ced-71d3f9fdb9dd'
2025-12-17 14:39:08|  10.9|  0.0|INFORM|Attribute(string; UTF-8)           : `fme_feature_type' has value `TDSOUT_SYSPLN.MFT_STATCOM1_2022'
2025-12-17 14:39:08|  10.9|  0.0|INFORM|Attribute(string: UTF-8)           : `fme_geometry' has value `fme_undefined'
2025-12-17 14:39:08|  10.9|  0.0|INFORM|Attribute(string; UTF-8)           : `fme_rejection_code' has value `INVALID_CANDIDATE_GEOMETRY_VERTICES'
2025-12-17 14:39:08|  10.9|  0.0|INFORM|Attribute(entangled: string: UTF-8): `fme_type' has value `fme_no_geom'
2025-12-17 14:39:08|  10.9|  0.0|INFORM|          entangled to geodb_type
2025-12-17 14:39:08|  10.9|  0.0|INFORM|Attribute(64 bit integer)          : `geodb_oid' has value `2293'
2025-12-17 14:39:08|  10.9|  0.0|INFORM|Attribute(string: UTF-8)           : `geodb_type' has value `geodb_undefined'
2025-12-17 14:39:08|  10.9|  0.0|INFORM|Attribute(32 bit integer)          : `multi_reader_full_id' has value `1'
2025-12-17 14:39:08|  10.9|  0.0|INFORM|Attribute(32 bit integer)          : `multi_reader_id' has value `1'
2025-12-17 14:39:08|  10.9|  0.0|INFORM|Attribute(string: UTF-8)           : `multi_reader_keyword' has value `GEODATABASE_SDE_1'
2025-12-17 14:39:08|  10.9|  0.0|INFORM|Attribute(string: UTF-8)           : `multi_reader_type' has value `GEODATABASE_SDE'
2025-12-17 14:39:08|  10.9|  0.0|INFORM|Coordinate System: `UTM84-15N'
2025-12-17 14:39:08|  10.9|  0.0|INFORM|Geometry Type: Null
2025-12-17 14:39:08|  10.9|  0.0|INFORM|Coordinate Dimension: 2
2025-12-17 14:39:08|  10.9|  0.0|INFORM|===========================================================================
2025-12-17 14:39:08|  10.9|  0.0|INFORM|Logger_2: Feature is:
2025-12-17 14:39:08|  10.9|  0.0|INFORM|+++++++++++++++++++++++++++++++++++++++++++++++++++++++++++++++++++++++++++
2025-12-17 14:39:08|  10.9|  0.0|INFORM|Feature Type: `Logger_2_LOGGED'
2025-12-17 14:39:08|  10.9|  0.0|INFORM|Attribute(string: UTF-16LE)        : `ID' has value `9be5e172-0f9e-4072-9c4f-9c06e50ab959'
2025-12-17 14:39:08|  10.9|  0.0|INFORM|Attribute(string; UTF-8)           : `fme_feature_type' has value `TDSOUT_SYSPLN.MFT_STATCOM1_2022'
2025-12-17 14:39:08|  10.9|  0.0|INFORM|Attribute(string: UTF-8)           : `fme_geometry' has value `fme_undefined'
2025-12-17 14:39:08|  10.9|  0.0|INFORM|Attribute(string; UTF-8)           : `fme_rejection_code' has value `INVALID_CANDIDATE_GEOMETRY_VERTICES'
2025-12-17 14:39:08|  10.9|  0.0|INFORM|Attribute(entangled: string: UTF-8): `fme_type' has value `fme_no_geom'
2025-12-17 14:39:08|  10.9|  0.0|INFORM|          entangled to geodb_type
2025-12-17 14:39:08|  10.9|  0.0|INFORM|Attribute(64 bit integer)          : `geodb_oid' has value `2880'
2025-12-17 14:39:08|  10.9|  0.0|INFORM|Attribute(string: UTF-8)           : `geodb_type' has value `geodb_undefined'
2025-12-17 14:39:08|  10.9|  0.0|INFORM|Attribute(32 bit integer)          : `multi_reader_full_id' has value `1'
2025-12-17 14:39:08|  10.9|  0.0|INFORM|Attribute(32 bit integer)          : `multi_reader_id' has value `1'
2025-12-17 14:39:08|  10.9|  0.0|INFORM|Attribute(string: UTF-8)           : `multi_reader_keyword' has value `GEODATABASE_SDE_1'
2025-12-17 14:39:08|  10.9|  0.0|INFORM|Attribute(string: UTF-8)           : `multi_reader_type' has value `GEODATABASE_SDE'
2025-12-17 14:39:08|  10.9|  0.0|INFORM|Coordinate System: `UTM84-15N'
2025-12-17 14:39:08|  10.9|  0.0|INFORM|Geometry Type: Null
2025-12-17 14:39:08|  10.9|  0.0|INFORM|Coordinate Dimension: 2
2025-12-17 14:39:08|  10.9|  0.0|INFORM|===========================================================================
2025-12-17 14:39:08|  10.9|  0.0|INFORM|Logger_2: Feature is:
2025-12-17 14:39:08|  10.9|  0.0|INFORM|+++++++++++++++++++++++++++++++++++++++++++++++++++++++++++++++++++++++++++
2025-12-17 14:39:08|  10.9|  0.0|INFORM|Feature Type: `Logger_2_LOGGED'
2025-12-17 14:39:08|  10.9|  0.0|INFORM|Attribute(string: UTF-16LE)        : `ID' has value `9dd9ab29-9238-49e2-9813-6d9885b1e3e3'
2025-12-17 14:39:08|  10.9|  0.0|INFORM|Attribute(string; UTF-8)           : `fme_feature_type' has value `TDSOUT_SYSPLN.MFT_STATCOM1_2022'
2025-12-17 14:39:08|  10.9|  0.0|INFORM|Attribute(string: UTF-8)           : `fme_geometry' has value `fme_undefined'
2025-12-17 14:39:08|  10.9|  0.0|INFORM|Attribute(string; UTF-8)           : `fme_rejection_code' has value `INVALID_CANDIDATE_GEOMETRY_VERTICES'
2025-12-17 14:39:08|  10.9|  0.0|INFORM|Attribute(entangled: string: UTF-8): `fme_type' has value `fme_no_geom'
2025-12-17 14:39:08|  10.9|  0.0|INFORM|          entangled to geodb_type
2025-12-17 14:39:08|  10.9|  0.0|INFORM|Attribute(64 bit integer)          : `geodb_oid' has value `2376'
2025-12-17 14:39:08|  10.9|  0.0|INFORM|Attribute(string: UTF-8)           : `geodb_type' has value `geodb_undefined'
2025-12-17 14:39:08|  10.9|  0.0|INFORM|Attribute(32 bit integer)          : `multi_reader_full_id' has value `1'
2025-12-17 14:39:08|  10.9|  0.0|INFORM|Attribute(32 bit integer)          : `multi_reader_id' has value `1'
2025-12-17 14:39:08|  10.9|  0.0|INFORM|Attribute(string: UTF-8)           : `multi_reader_keyword' has value `GEODATABASE_SDE_1'
2025-12-17 14:39:08|  10.9|  0.0|INFORM|Attribute(string: UTF-8)           : `multi_reader_type' has value `GEODATABASE_SDE'
2025-12-17 14:39:08|  10.9|  0.0|INFORM|Coordinate System: `UTM84-15N'
2025-12-17 14:39:08|  10.9|  0.0|INFORM|Geometry Type: Null
2025-12-17 14:39:08|  10.9|  0.0|INFORM|Coordinate Dimension: 2
2025-12-17 14:39:08|  10.9|  0.0|INFORM|===========================================================================
2025-12-17 14:39:08|  10.9|  0.0|INFORM|Closing the Esri Geodatabase reader
2025-12-17 14:39:08|  10.9|  0.0|INFORM|Creating reader for format: Esri Shapefile
2025-12-17 14:39:08|  10.9|  0.0|INFORM|Trying to find a DYNAMIC plugin for reader named `SHAPEFILE'
2025-12-17 14:39:08|  10.9|  0.0|INFORM|Loaded module 'SHAPEFILE' from file 'C:\apps\FME\current\plugins/shapefile_dbase.dll'
2025-12-17 14:39:08|  10.9|  0.0|INFORM|FME API version of module 'shapefile_dbase' matches current internal version (4.0 20240212)
2025-12-17 14:39:08|  10.9|  0.0|INFORM|SHAPEFILE reader: Opening dataset 'C:\Users\jmeade\OneDrive - Iowa Department of Transportation\Projects\STATCOM_STL\DATA\STL_EXTRACT\1991984_STATCOM1_2022_MOTORWAY\1991984_STATCOM1_2022_MOTORWAY\Shapefile\1991984_STATCOM1_2022_MOTORWAY_osm_segment.shp'
2025-12-17 14:39:08|  10.9|  0.0|INFORM|The OGC definition of the FME coordinate system '_LL-WGS84_1' is 'GEOGCS["WGS 84",DATUM["WGS_1984",SPHEROID["WGS 84",6378137,298.257223563,AUTHORITY["EPSG","7030"]],AUTHORITY["EPSG","6326"]],PRIMEM["Greenwich",0,AUTHORITY["EPSG","8901"]],UNIT["degree",0.0174532925199433,AUTHORITY["EPSG","9122"]],AUTHORITY["EPSG","4326"]]'
2025-12-17 14:39:08|  10.9|  0.0|INFORM|Shapefile reader: Reading dataset with encoding 'UTF-8' as determined by 'Codepage File'
2025-12-17 14:39:08|  10.9|  0.0|INFORM|FME Configuration: Source coordinate system for reader SHAPEFILE_2[SHAPEFILE] set to `_LL-WGS84_1' as read from input data
2025-12-17 14:39:08|  10.9|  0.0|INFORM|Coordinate System `_LL-WGS84_1' parameters: CS_NAME=`_LL-WGS84_1' CS_ORIGINAL_NAME=`LL-WGS84' DESC_NM=`WGS84 Lat/Longs' DT_NAME=`WGS84' ESRI_WKT=`GEOGCS["WGS 84",DATUM["WGS_1984",SPHEROID["WGS 84",6378137,298.257223563,AUTHORITY["EPSG","7030"]],AUTHORITY["EPSG","6326"]],PRIMEM["Greenwich",0,AUTHORITY["EPSG","8901"]],UNIT["degree",0.0174532925199433,AUTHORITY["EPSG","9122"]],AUTHORITY["EPSG","4326"]]' GROUP=`LL' MAP_SCL=`1' PROJ=`LL' QUAD=`1' SCL_RED=`1' UNIT=`DEGREE'
2025-12-17 14:39:08|  10.9|  0.0|INFORM|FFS writer: Writing 2017 feature(s) to file 'C:\Users\jmeade\AppData\Local\Temp\wb-cache-RAMS_AADT_STL_VOLUME CONFLATER-EzOjyd\Main_1991984_STATCOM1_2022_MOTORWAY_o -1 143 -1  0  26be5c24906086e27734540caeb873bb327ca60d.fts'
2025-12-17 14:39:08|  10.9|  0.0|INFORM|Spatial Index: Adding 2017 features
2025-12-17 14:39:08|  10.9|  0.0|INFORM|FFS writer: Writing 2017 feature(s) to file 'C:\Users\jmeade\AppData\Local\Temp\wb-cache-RAMS_AADT_STL_VOLUME CONFLATER-EzOjyd\Main_Reprojector_4 -1 94 fo 0 REPROJECTED  0  4539c50d6a7d2dd852a52ae81524ce00113e15b3_1.fts'
2025-12-17 14:39:08|  10.9|  0.0|INFORM|Spatial Index: Adding 2017 features
2025-12-17 14:39:08|  10.9|  0.0|INFORM|FFS writer: Writing 2017 feature(s) to file 'C:\Users\jmeade\AppData\Local\Temp\wb-cache-RAMS_AADT_STL_VOLUME CONFLATER-EzOjyd\LineDivider_Line 0 4 0  0  8e13399201db2fbf1f064bc340f91b7b3e8f1e48_1.fts'
2025-12-17 14:39:08|  10.9|  0.0|INFORM|Spatial Index: Adding 2017 features
2025-12-17 14:39:08|  10.9|  0.0|INFORM|FFS writer: Writing 2017 feature(s) to file 'C:\Users\jmeade\AppData\Local\Temp\wb-cache-RAMS_AADT_STL_VOLUME CONFLATER-EzOjyd\LineDivider_AggregateFilter 0 6 fo 1 NOT_AGGREGATE  0  5367966618d2ac7c2de13d4eff6bdff6a3062701_1.fts'
2025-12-17 14:39:08|  10.9|  0.0|INFORM|Spatial Index: Adding 2017 features
2025-12-17 14:39:09|  10.9|  0.0|INFORM|FFS writer: Writing 2017 feature(s) to file 'C:\Users\jmeade\AppData\Local\Temp\wb-cache-RAMS_AADT_STL_VOLUME CONFLATER-EzOjyd\LineDivider_GeometryFilter 0 7 fo 0 LINE  0  bf125c9b264bc98ee08e90eb02f3c14c3b3678c8_1.fts'
2025-12-17 14:39:09|  10.9|  0.0|INFORM|Spatial Index: Adding 2017 features
2025-12-17 14:39:09|  10.9|  0.0|INFORM|FFS writer: Writing 2017 feature(s) to file 'C:\Users\jmeade\AppData\Local\Temp\wb-cache-RAMS_AADT_STL_VOLUME CONFLATER-EzOjyd\LineDivider_AttributeCreator 0 10 fo 0 OUTPUT  0  7732676b526a818641f16be4b8eefdc69c5c7344_1.fts'
2025-12-17 14:39:09|  10.9|  0.0|INFORM|Spatial Index: Adding 2017 features
2025-12-17 14:39:09|  10.9|  0.0|INFORM|LineDivider_2_PythonCaller (PythonFactory): Splitting bulk features into individual features
2025-12-17 14:39:14|  13.1|  2.2|INFORM|LineDivider_2_PythonCaller (PythonFactory): Processed 974 of 2017 features
2025-12-17 14:39:19|  15.0|  1.9|INFORM|LineDivider_2_PythonCaller (PythonFactory): Processed 1927 of 2017 features
2025-12-17 14:39:19|  15.1|  0.1|INFORM|LineDivider_2_PythonCaller (PythonFactory): Processed 2017 of 2017 features
2025-12-17 14:39:19|  15.1|  0.0|INFORM|Creating reader for format: CSV (Comma Separated Value)
2025-12-17 14:39:19|  15.1|  0.0|INFORM|Trying to find a DYNAMIC plugin for reader named `CSV2'
2025-12-17 14:39:19|  15.1|  0.0|INFORM|CSV reader: Opening dataset 'C:\Users\jmeade\OneDrive - Iowa Department of Transportation\Projects\STATCOM_STL\DATA\STL_EXTRACT\1991984_STATCOM1_2022_MOTORWAY\1991984_STATCOM1_2022_MOTORWAY\1991984_STATCOM1_2022_MOTORWAY_ct_all.csv'
2025-12-17 14:39:19|  15.1|  0.0|INFORM|CSV reader: Directive '_TRIM_FEATURE_TYPE_NAME' has the value 'Yes'
2025-12-17 14:39:19|  15.1|  0.0|INFORM|CSV reader: Directive '_SUPPORTED_READER_ARCHIVE_EXTENSIONS' has the value 'csv.gz,txt.gz'
2025-12-17 14:39:19|  15.1|  0.0|INFORM|CSV reader: Directive '_DELIMITER' has the value ','
2025-12-17 14:39:19|  15.1|  0.0|INFORM|CSV reader: Directive '_DELIMITER_DETECTION_ALGORITHM' has the value 'EQUAL_FIELDS_PER_LINE'
2025-12-17 14:39:19|  15.1|  0.0|INFORM|CSV reader: Directive '_FIELD_NAMES_LINE' has the value '1'
2025-12-17 14:39:19|  15.1|  0.0|INFORM|CSV reader: Directive '_DATA_START_LINE' has the value '2'
2025-12-17 14:39:19|  15.1|  0.0|INFORM|CSV reader: Directive '_SCAN_MAX_ROWS' has the value '250000'
2025-12-17 14:39:19|  15.1|  0.0|INFORM|CSV reader: Directive '_READ_SKIPPED_LINES' has the value 'No'
2025-12-17 14:39:19|  15.1|  0.0|INFORM|CSV reader: Directive '_ENCODING' has the value 'windows-1252'
2025-12-17 14:39:19|  15.1|  0.0|INFORM|CSV reader: Directive 'FME_NAMES_ENCODING' has the value 'UTF-8'
2025-12-17 14:39:19|  15.1|  0.0|INFORM|CSV reader: Directive '_SKIP_DUPLICATE_DELIMITERS' has the value 'No'
2025-12-17 14:39:19|  15.1|  0.0|INFORM|CSV reader: Directive '_FIELD_QUALIFIER_CHARACTER' has the value '"'
2025-12-17 14:39:19|  15.1|  0.0|INFORM|CSV reader: Directive '_FIELD_QUALIFIER_ESCAPE_CHARACTER' has the value '"'
2025-12-17 14:39:19|  15.1|  0.0|INFORM|CSV reader: Directive '_TRIM_FIELD_NAME_QUALIFIERS' has the value 'Yes'
2025-12-17 14:39:19|  15.1|  0.0|INFORM|CSV reader: Directive '_TRIM_FIELD_VALUE_QUALIFIERS' has the value 'Yes'
2025-12-17 14:39:19|  15.1|  0.0|INFORM|CSV reader: Directive '_PRESERVE_SOURCE_ENCODING' has the value 'No'
2025-12-17 14:39:19|  15.1|  0.0|INFORM|CSV reader: Directive '_CASE_SENSITIVE_FIELD_NAMES' has the value 'Yes'
2025-12-17 14:39:19|  15.1|  0.0|INFORM|CSV reader: Directive '_ENFORCE_STRICT_SCHEMA' has the value 'No'
2025-12-17 14:39:19|  15.1|  0.0|INFORM|CSV reader: Directive '_SCAN_TYPES' has the value 'Yes'
2025-12-17 14:39:19|  15.1|  0.0|INFORM|CSV reader: Directive '_TYPE_ATTRIBUTE_HANDLING' has the value 'STANDARD_TYPES'
2025-12-17 14:39:19|  15.1|  0.0|INFORM|CSV reader: Directive '_STRING_TYPE_ATTRIBUTE_HANDLING' has the value 'EXPLICIT_WIDTH'
2025-12-17 14:39:19|  15.1|  0.0|INFORM|CSV reader: Directive '_SCAN_ADDITIONAL_FIELDS' has the value 'No'
2025-12-17 14:39:19|  15.1|  0.0|INFORM|CSV reader: Directive '_DATE_INPUT_FORMAT' has the value 'ISO'
2025-12-17 14:39:19|  15.1|  0.0|INFORM|CSV reader: Directive '_CHUNK_SIZE' has the value '100000'
2025-12-17 14:39:19|  15.1|  0.0|INFORM|CSV reader: Directive '_TRIM_FIELD_NAME_WHITESPACE' has the value 'Yes'
2025-12-17 14:39:19|  15.1|  0.0|INFORM|CSV reader: Directive '_READ_EMPTY_VALUES_AS' has the value 'Null'
2025-12-17 14:39:19|  15.1|  0.0|INFORM|CSV reader: Directive '_REPLACE_ATTR_NAME_INVALID_CHARS' has the value 'No'
2025-12-17 14:39:19|  15.2|  0.1|INFORM|TestFilter_7_<UNFILTERED> Feature Recorder -1 2147680358 (RecorderFactory): Splitting bulk features into individual features
2025-12-17 14:39:19|  15.2|  0.0|INFORM|TestFilter_7_@Value(Day Part) = 00: All Day (12am-12am) Feature Recorder -1 2147614822 (RecorderFactory): Splitting bulk features into individual features
2025-12-17 14:39:19|  15.2|  0.0|INFORM|TestFilter_7_<UNFILTERED> Feature Recorder -1 2147680358 (RecorderFactory): Splitting bulk features into individual features
2025-12-17 14:39:19|  15.2|  0.0|INFORM|TestFilter_7_@Value(Day Part) = 00: All Day (12am-12am) Feature Recorder -1 2147614822 (RecorderFactory): Splitting bulk features into individual features
2025-12-17 14:39:19|  15.2|  0.0|INFORM|TestFilter_7_<UNFILTERED> Feature Recorder -1 2147680358 (RecorderFactory): Splitting bulk features into individual features
2025-12-17 14:39:19|  15.2|  0.0|INFORM|TestFilter_7_@Value(Day Part) = 00: All Day (12am-12am) Feature Recorder -1 2147614822 (RecorderFactory): Splitting bulk features into individual features
2025-12-17 14:39:19|  15.2|  0.0|INFORM|TestFilter_7_<UNFILTERED> Feature Recorder -1 2147680358 (RecorderFactory): Splitting bulk features into individual features
2025-12-17 14:39:19|  15.2|  0.0|INFORM|TestFilter_7_@Value(Day Part) = 00: All Day (12am-12am) Feature Recorder -1 2147614822 (RecorderFactory): Splitting bulk features into individual features
2025-12-17 14:39:19|  15.2|  0.0|INFORM|TestFilter_7_<UNFILTERED> Feature Recorder -1 2147680358 (RecorderFactory): Splitting bulk features into individual features
2025-12-17 14:39:19|  15.2|  0.0|INFORM|TestFilter_7_@Value(Day Part) = 00: All Day (12am-12am) Feature Recorder -1 2147614822 (RecorderFactory): Splitting bulk features into individual features
2025-12-17 14:39:19|  15.2|  0.0|INFORM|TestFilter_7_<UNFILTERED> Feature Recorder -1 2147680358 (RecorderFactory): Splitting bulk features into individual features
2025-12-17 14:39:19|  15.2|  0.0|INFORM|TestFilter_7_@Value(Day Part) = 00: All Day (12am-12am) Feature Recorder -1 2147614822 (RecorderFactory): Splitting bulk features into individual features
2025-12-17 14:39:19|  15.2|  0.0|INFORM|TestFilter_7_<UNFILTERED> Feature Recorder -1 2147680358 (RecorderFactory): Splitting bulk features into individual features
2025-12-17 14:39:19|  15.2|  0.0|INFORM|TestFilter_7_@Value(Day Part) = 00: All Day (12am-12am) Feature Recorder -1 2147614822 (RecorderFactory): Splitting bulk features into individual features
2025-12-17 14:39:19|  15.2|  0.0|INFORM|TestFilter_7_<UNFILTERED> Feature Recorder -1 2147680358 (RecorderFactory): Splitting bulk features into individual features
2025-12-17 14:39:19|  15.2|  0.0|INFORM|TestFilter_7_@Value(Day Part) = 00: All Day (12am-12am) Feature Recorder -1 2147614822 (RecorderFactory): Splitting bulk features into individual features
2025-12-17 14:39:19|  15.2|  0.0|INFORM|TestFilter_7_<UNFILTERED> Feature Recorder -1 2147680358 (RecorderFactory): Splitting bulk features into individual features
2025-12-17 14:39:19|  15.2|  0.0|INFORM|TestFilter_7_@Value(Day Part) = 00: All Day (12am-12am) Feature Recorder -1 2147614822 (RecorderFactory): Splitting bulk features into individual features
2025-12-17 14:39:19|  15.2|  0.0|INFORM|TestFilter_7_<UNFILTERED> Feature Recorder -1 2147680358 (RecorderFactory): Splitting bulk features into individual features
2025-12-17 14:39:19|  15.2|  0.0|INFORM|TestFilter_7_@Value(Day Part) = 00: All Day (12am-12am) Feature Recorder -1 2147614822 (RecorderFactory): Splitting bulk features into individual features
2025-12-17 14:39:19|  15.2|  0.0|INFORM|TestFilter_7 (TestFactory): Splitting bulk features into individual features
2025-12-17 14:39:22|  16.1|  0.9|INFORM|TestFilter_7_<UNFILTERED> Feature Recorder -1 2147680358 (RecorderFactory): Splitting bulk features into individual features
2025-12-17 14:39:22|  16.1|  0.0|INFORM|TestFilter_7_@Value(Day Part) = 00: All Day (12am-12am) Feature Recorder -1 2147614822 (RecorderFactory): Splitting bulk features into individual features
2025-12-17 14:39:22|  16.1|  0.0|INFORM|TestFilter_7_<UNFILTERED> Feature Recorder -1 2147680358 (RecorderFactory): Splitting bulk features into individual features
2025-12-17 14:39:22|  16.1|  0.0|INFORM|TestFilter_7_@Value(Day Part) = 00: All Day (12am-12am) Feature Recorder -1 2147614822 (RecorderFactory): Splitting bulk features into individual features
2025-12-17 14:39:22|  16.1|  0.0|INFORM|TestFilter_7_<UNFILTERED> Feature Recorder -1 2147680358 (RecorderFactory): Splitting bulk features into individual features
2025-12-17 14:39:22|  16.1|  0.0|INFORM|TestFilter_7_@Value(Day Part) = 00: All Day (12am-12am) Feature Recorder -1 2147614822 (RecorderFactory): Splitting bulk features into individual features
2025-12-17 14:39:22|  16.1|  0.0|INFORM|TestFilter_7_<UNFILTERED> Feature Recorder -1 2147680358 (RecorderFactory): Splitting bulk features into individual features
2025-12-17 14:39:22|  16.1|  0.0|INFORM|TestFilter_7_@Value(Day Part) = 00: All Day (12am-12am) Feature Recorder -1 2147614822 (RecorderFactory): Splitting bulk features into individual features
2025-12-17 14:39:22|  16.1|  0.0|INFORM|TestFilter_7_<UNFILTERED> Feature Recorder -1 2147680358 (RecorderFactory): Splitting bulk features into individual features
2025-12-17 14:39:22|  16.1|  0.0|INFORM|TestFilter_7_@Value(Day Part) = 00: All Day (12am-12am) Feature Recorder -1 2147614822 (RecorderFactory): Splitting bulk features into individual features
2025-12-17 14:39:22|  16.1|  0.0|INFORM|TestFilter_7_<UNFILTERED> Feature Recorder -1 2147680358 (RecorderFactory): Splitting bulk features into individual features
2025-12-17 14:39:22|  16.1|  0.0|INFORM|TestFilter_7_@Value(Day Part) = 00: All Day (12am-12am) Feature Recorder -1 2147614822 (RecorderFactory): Splitting bulk features into individual features
2025-12-17 14:39:22|  16.1|  0.0|INFORM|TestFilter_7_<UNFILTERED> Feature Recorder -1 2147680358 (RecorderFactory): Splitting bulk features into individual features
2025-12-17 14:39:22|  16.1|  0.0|INFORM|TestFilter_7_@Value(Day Part) = 00: All Day (12am-12am) Feature Recorder -1 2147614822 (RecorderFactory): Splitting bulk features into individual features
2025-12-17 14:39:22|  16.1|  0.0|INFORM|TestFilter_7_<UNFILTERED> Feature Recorder -1 2147680358 (RecorderFactory): Splitting bulk features into individual features
2025-12-17 14:39:22|  16.1|  0.0|INFORM|TestFilter_7_@Value(Day Part) = 00: All Day (12am-12am) Feature Recorder -1 2147614822 (RecorderFactory): Splitting bulk features into individual features
2025-12-17 14:39:22|  16.1|  0.0|INFORM|TestFilter_7_<UNFILTERED> Feature Recorder -1 2147680358 (RecorderFactory): Splitting bulk features into individual features
2025-12-17 14:39:22|  16.1|  0.0|INFORM|TestFilter_7_@Value(Day Part) = 00: All Day (12am-12am) Feature Recorder -1 2147614822 (RecorderFactory): Splitting bulk features into individual features
2025-12-17 14:39:22|  16.1|  0.0|INFORM|TestFilter_7_<UNFILTERED> Feature Recorder -1 2147680358 (RecorderFactory): Splitting bulk features into individual features
2025-12-17 14:39:22|  16.1|  0.0|INFORM|TestFilter_7_@Value(Day Part) = 00: All Day (12am-12am) Feature Recorder -1 2147614822 (RecorderFactory): Splitting bulk features into individual features
2025-12-17 14:39:22|  16.1|  0.0|INFORM|TestFilter_7 (TestFactory): Splitting bulk features into individual features
2025-12-17 14:39:24|  17.1|  1.0|INFORM|Creating reader for format: CSV (Comma Separated Value)
2025-12-17 14:39:24|  17.1|  0.0|INFORM|Trying to find a DYNAMIC plugin for reader named `CSV2'
2025-12-17 14:39:24|  17.1|  0.0|INFORM|CSV reader: Opening dataset 'C:\Users\jmeade\OneDrive - Iowa Department of Transportation\Projects\STATCOM_STL\DATA\STL_EXTRACT\1991985_STATCOM1_2022_RAMP\1991985_STATCOM1_2022_RAMP\1991985_STATCOM1_2022_RAMP_ct_all.csv'
2025-12-17 14:39:24|  17.1|  0.0|INFORM|CSV reader: Directive '_TRIM_FEATURE_TYPE_NAME' has the value 'Yes'
2025-12-17 14:39:24|  17.1|  0.0|INFORM|CSV reader: Directive '_SUPPORTED_READER_ARCHIVE_EXTENSIONS' has the value 'csv.gz,txt.gz'
2025-12-17 14:39:24|  17.1|  0.0|INFORM|CSV reader: Directive '_DELIMITER' has the value ','
2025-12-17 14:39:24|  17.1|  0.0|INFORM|CSV reader: Directive '_DELIMITER_DETECTION_ALGORITHM' has the value 'EQUAL_FIELDS_PER_LINE'
2025-12-17 14:39:24|  17.1|  0.0|INFORM|CSV reader: Directive '_FIELD_NAMES_LINE' has the value '1'
2025-12-17 14:39:24|  17.1|  0.0|INFORM|CSV reader: Directive '_DATA_START_LINE' has the value '2'
2025-12-17 14:39:24|  17.1|  0.0|INFORM|CSV reader: Directive '_SCAN_MAX_ROWS' has the value '250000'
2025-12-17 14:39:24|  17.1|  0.0|INFORM|CSV reader: Directive '_READ_SKIPPED_LINES' has the value 'No'
2025-12-17 14:39:24|  17.1|  0.0|INFORM|CSV reader: Directive '_ENCODING' has the value 'windows-1252'
2025-12-17 14:39:24|  17.1|  0.0|INFORM|CSV reader: Directive 'FME_NAMES_ENCODING' has the value 'UTF-8'
2025-12-17 14:39:24|  17.1|  0.0|INFORM|CSV reader: Directive '_SKIP_DUPLICATE_DELIMITERS' has the value 'No'
2025-12-17 14:39:24|  17.1|  0.0|INFORM|CSV reader: Directive '_FIELD_QUALIFIER_CHARACTER' has the value '"'
2025-12-17 14:39:24|  17.1|  0.0|INFORM|CSV reader: Directive '_FIELD_QUALIFIER_ESCAPE_CHARACTER' has the value '"'
2025-12-17 14:39:24|  17.1|  0.0|INFORM|CSV reader: Directive '_TRIM_FIELD_NAME_QUALIFIERS' has the value 'Yes'
2025-12-17 14:39:24|  17.1|  0.0|INFORM|CSV reader: Directive '_TRIM_FIELD_VALUE_QUALIFIERS' has the value 'Yes'
2025-12-17 14:39:24|  17.1|  0.0|INFORM|CSV reader: Directive '_PRESERVE_SOURCE_ENCODING' has the value 'No'
2025-12-17 14:39:24|  17.1|  0.0|INFORM|CSV reader: Directive '_CASE_SENSITIVE_FIELD_NAMES' has the value 'Yes'
2025-12-17 14:39:24|  17.1|  0.0|INFORM|CSV reader: Directive '_ENFORCE_STRICT_SCHEMA' has the value 'No'
2025-12-17 14:39:24|  17.1|  0.0|INFORM|CSV reader: Directive '_SCAN_TYPES' has the value 'Yes'
2025-12-17 14:39:24|  17.1|  0.0|INFORM|CSV reader: Directive '_TYPE_ATTRIBUTE_HANDLING' has the value 'STANDARD_TYPES'
2025-12-17 14:39:24|  17.1|  0.0|INFORM|CSV reader: Directive '_STRING_TYPE_ATTRIBUTE_HANDLING' has the value 'EXPLICIT_WIDTH'
2025-12-17 14:39:24|  17.1|  0.0|INFORM|CSV reader: Directive '_SCAN_ADDITIONAL_FIELDS' has the value 'No'
2025-12-17 14:39:24|  17.1|  0.0|INFORM|CSV reader: Directive '_DATE_INPUT_FORMAT' has the value 'ISO'
2025-12-17 14:39:24|  17.1|  0.0|INFORM|CSV reader: Directive '_CHUNK_SIZE' has the value '100000'
2025-12-17 14:39:24|  17.1|  0.0|INFORM|CSV reader: Directive '_TRIM_FIELD_NAME_WHITESPACE' has the value 'Yes'
2025-12-17 14:39:24|  17.1|  0.0|INFORM|CSV reader: Directive '_READ_EMPTY_VALUES_AS' has the value 'Null'
2025-12-17 14:39:24|  17.1|  0.0|INFORM|CSV reader: Directive '_REPLACE_ATTR_NAME_INVALID_CHARS' has the value 'No'
2025-12-17 14:39:24|  17.2|  0.1|INFORM|TestFilter_7_<UNFILTERED> Feature Recorder -1 2147680358 (RecorderFactory): Splitting bulk features into individual features
2025-12-17 14:39:24|  17.2|  0.0|INFORM|TestFilter_7_@Value(Day Part) = 00: All Day (12am-12am) Feature Recorder -1 2147614822 (RecorderFactory): Splitting bulk features into individual features
2025-12-17 14:39:24|  17.2|  0.0|INFORM|TestFilter_7_<UNFILTERED> Feature Recorder -1 2147680358 (RecorderFactory): Splitting bulk features into individual features
2025-12-17 14:39:24|  17.2|  0.0|INFORM|TestFilter_7_@Value(Day Part) = 00: All Day (12am-12am) Feature Recorder -1 2147614822 (RecorderFactory): Splitting bulk features into individual features
2025-12-17 14:39:24|  17.2|  0.0|INFORM|TestFilter_7_<UNFILTERED> Feature Recorder -1 2147680358 (RecorderFactory): Splitting bulk features into individual features
2025-12-17 14:39:24|  17.2|  0.0|INFORM|TestFilter_7_@Value(Day Part) = 00: All Day (12am-12am) Feature Recorder -1 2147614822 (RecorderFactory): Splitting bulk features into individual features
2025-12-17 14:39:24|  17.2|  0.0|INFORM|TestFilter_7_<UNFILTERED> Feature Recorder -1 2147680358 (RecorderFactory): Splitting bulk features into individual features
2025-12-17 14:39:24|  17.2|  0.0|INFORM|TestFilter_7_@Value(Day Part) = 00: All Day (12am-12am) Feature Recorder -1 2147614822 (RecorderFactory): Splitting bulk features into individual features
2025-12-17 14:39:24|  17.2|  0.0|INFORM|TestFilter_7_<UNFILTERED> Feature Recorder -1 2147680358 (RecorderFactory): Splitting bulk features into individual features
2025-12-17 14:39:24|  17.2|  0.0|INFORM|TestFilter_7_@Value(Day Part) = 00: All Day (12am-12am) Feature Recorder -1 2147614822 (RecorderFactory): Splitting bulk features into individual features
2025-12-17 14:39:24|  17.2|  0.0|INFORM|TestFilter_7_<UNFILTERED> Feature Recorder -1 2147680358 (RecorderFactory): Splitting bulk features into individual features
2025-12-17 14:39:24|  17.2|  0.0|INFORM|TestFilter_7_@Value(Day Part) = 00: All Day (12am-12am) Feature Recorder -1 2147614822 (RecorderFactory): Splitting bulk features into individual features
2025-12-17 14:39:24|  17.2|  0.0|INFORM|TestFilter_7_<UNFILTERED> Feature Recorder -1 2147680358 (RecorderFactory): Splitting bulk features into individual features
2025-12-17 14:39:24|  17.2|  0.0|INFORM|TestFilter_7_@Value(Day Part) = 00: All Day (12am-12am) Feature Recorder -1 2147614822 (RecorderFactory): Splitting bulk features into individual features
2025-12-17 14:39:24|  17.2|  0.0|INFORM|TestFilter_7_<UNFILTERED> Feature Recorder -1 2147680358 (RecorderFactory): Splitting bulk features into individual features
2025-12-17 14:39:24|  17.2|  0.0|INFORM|TestFilter_7_@Value(Day Part) = 00: All Day (12am-12am) Feature Recorder -1 2147614822 (RecorderFactory): Splitting bulk features into individual features
2025-12-17 14:39:24|  17.2|  0.0|INFORM|TestFilter_7_<UNFILTERED> Feature Recorder -1 2147680358 (RecorderFactory): Splitting bulk features into individual features
2025-12-17 14:39:24|  17.2|  0.0|INFORM|TestFilter_7_@Value(Day Part) = 00: All Day (12am-12am) Feature Recorder -1 2147614822 (RecorderFactory): Splitting bulk features into individual features
2025-12-17 14:39:24|  17.2|  0.0|INFORM|TestFilter_7_<UNFILTERED> Feature Recorder -1 2147680358 (RecorderFactory): Splitting bulk features into individual features
2025-12-17 14:39:24|  17.2|  0.0|INFORM|TestFilter_7_@Value(Day Part) = 00: All Day (12am-12am) Feature Recorder -1 2147614822 (RecorderFactory): Splitting bulk features into individual features
2025-12-17 14:39:24|  17.2|  0.0|INFORM|TestFilter_7 (TestFactory): Splitting bulk features into individual features
2025-12-17 14:39:27|  18.3|  1.1|INFORM|TestFilter_7_<UNFILTERED> Feature Recorder -1 2147680358 (RecorderFactory): Splitting bulk features into individual features
2025-12-17 14:39:27|  18.3|  0.0|INFORM|TestFilter_7_@Value(Day Part) = 00: All Day (12am-12am) Feature Recorder -1 2147614822 (RecorderFactory): Splitting bulk features into individual features
2025-12-17 14:39:27|  18.3|  0.0|INFORM|TestFilter_7_<UNFILTERED> Feature Recorder -1 2147680358 (RecorderFactory): Splitting bulk features into individual features
2025-12-17 14:39:27|  18.3|  0.0|INFORM|TestFilter_7_@Value(Day Part) = 00: All Day (12am-12am) Feature Recorder -1 2147614822 (RecorderFactory): Splitting bulk features into individual features
2025-12-17 14:39:27|  18.3|  0.0|INFORM|TestFilter_7_<UNFILTERED> Feature Recorder -1 2147680358 (RecorderFactory): Splitting bulk features into individual features
2025-12-17 14:39:27|  18.3|  0.0|INFORM|TestFilter_7_@Value(Day Part) = 00: All Day (12am-12am) Feature Recorder -1 2147614822 (RecorderFactory): Splitting bulk features into individual features
2025-12-17 14:39:27|  18.3|  0.0|INFORM|TestFilter_7_<UNFILTERED> Feature Recorder -1 2147680358 (RecorderFactory): Splitting bulk features into individual features
2025-12-17 14:39:27|  18.3|  0.0|INFORM|TestFilter_7_@Value(Day Part) = 00: All Day (12am-12am) Feature Recorder -1 2147614822 (RecorderFactory): Splitting bulk features into individual features
2025-12-17 14:39:27|  18.3|  0.0|INFORM|TestFilter_7_<UNFILTERED> Feature Recorder -1 2147680358 (RecorderFactory): Splitting bulk features into individual features
2025-12-17 14:39:27|  18.3|  0.0|INFORM|TestFilter_7_@Value(Day Part) = 00: All Day (12am-12am) Feature Recorder -1 2147614822 (RecorderFactory): Splitting bulk features into individual features
2025-12-17 14:39:27|  18.3|  0.0|INFORM|TestFilter_7_<UNFILTERED> Feature Recorder -1 2147680358 (RecorderFactory): Splitting bulk features into individual features
2025-12-17 14:39:27|  18.3|  0.0|INFORM|TestFilter_7_@Value(Day Part) = 00: All Day (12am-12am) Feature Recorder -1 2147614822 (RecorderFactory): Splitting bulk features into individual features
2025-12-17 14:39:27|  18.3|  0.0|INFORM|TestFilter_7_<UNFILTERED> Feature Recorder -1 2147680358 (RecorderFactory): Splitting bulk features into individual features
2025-12-17 14:39:27|  18.3|  0.0|INFORM|TestFilter_7_@Value(Day Part) = 00: All Day (12am-12am) Feature Recorder -1 2147614822 (RecorderFactory): Splitting bulk features into individual features
2025-12-17 14:39:27|  18.3|  0.0|INFORM|TestFilter_7_<UNFILTERED> Feature Recorder -1 2147680358 (RecorderFactory): Splitting bulk features into individual features
2025-12-17 14:39:27|  18.3|  0.0|INFORM|TestFilter_7_@Value(Day Part) = 00: All Day (12am-12am) Feature Recorder -1 2147614822 (RecorderFactory): Splitting bulk features into individual features
2025-12-17 14:39:27|  18.3|  0.0|INFORM|TestFilter_7_<UNFILTERED> Feature Recorder -1 2147680358 (RecorderFactory): Splitting bulk features into individual features
2025-12-17 14:39:27|  18.3|  0.0|INFORM|TestFilter_7_@Value(Day Part) = 00: All Day (12am-12am) Feature Recorder -1 2147614822 (RecorderFactory): Splitting bulk features into individual features
2025-12-17 14:39:27|  18.3|  0.0|INFORM|TestFilter_7_<UNFILTERED> Feature Recorder -1 2147680358 (RecorderFactory): Splitting bulk features into individual features
2025-12-17 14:39:27|  18.3|  0.0|INFORM|TestFilter_7_@Value(Day Part) = 00: All Day (12am-12am) Feature Recorder -1 2147614822 (RecorderFactory): Splitting bulk features into individual features
2025-12-17 14:39:27|  18.3|  0.0|INFORM|TestFilter_7 (TestFactory): Splitting bulk features into individual features
2025-12-17 14:39:30|  19.6|  1.3|INFORM|CSV reader: Read 258927 features
2025-12-17 14:39:30|  19.6|  0.0|INFORM|TestFilter_7_<UNFILTERED> Feature Recorder -1 2147680358 (RecorderFactory): Splitting bulk features into individual features
2025-12-17 14:39:30|  19.6|  0.0|INFORM|TestFilter_7_@Value(Day Part) = 00: All Day (12am-12am) Feature Recorder -1 2147614822 (RecorderFactory): Splitting bulk features into individual features
2025-12-17 14:39:30|  19.6|  0.0|INFORM|TestFilter_7_<UNFILTERED> Feature Recorder -1 2147680358 (RecorderFactory): Splitting bulk features into individual features
2025-12-17 14:39:30|  19.6|  0.0|INFORM|TestFilter_7_@Value(Day Part) = 00: All Day (12am-12am) Feature Recorder -1 2147614822 (RecorderFactory): Splitting bulk features into individual features
2025-12-17 14:39:30|  19.6|  0.0|INFORM|TestFilter_7_<UNFILTERED> Feature Recorder -1 2147680358 (RecorderFactory): Splitting bulk features into individual features
2025-12-17 14:39:30|  19.6|  0.0|INFORM|TestFilter_7_@Value(Day Part) = 00: All Day (12am-12am) Feature Recorder -1 2147614822 (RecorderFactory): Splitting bulk features into individual features
2025-12-17 14:39:30|  19.6|  0.0|INFORM|TestFilter_7_<UNFILTERED> Feature Recorder -1 2147680358 (RecorderFactory): Splitting bulk features into individual features
2025-12-17 14:39:30|  19.6|  0.0|INFORM|TestFilter_7_@Value(Day Part) = 00: All Day (12am-12am) Feature Recorder -1 2147614822 (RecorderFactory): Splitting bulk features into individual features
2025-12-17 14:39:30|  19.6|  0.0|INFORM|TestFilter_7_<UNFILTERED> Feature Recorder -1 2147680358 (RecorderFactory): Splitting bulk features into individual features
2025-12-17 14:39:30|  19.6|  0.0|INFORM|TestFilter_7_@Value(Day Part) = 00: All Day (12am-12am) Feature Recorder -1 2147614822 (RecorderFactory): Splitting bulk features into individual features
2025-12-17 14:39:30|  19.6|  0.0|INFORM|TestFilter_7_<UNFILTERED> Feature Recorder -1 2147680358 (RecorderFactory): Splitting bulk features into individual features
2025-12-17 14:39:30|  19.6|  0.0|INFORM|TestFilter_7_@Value(Day Part) = 00: All Day (12am-12am) Feature Recorder -1 2147614822 (RecorderFactory): Splitting bulk features into individual features
2025-12-17 14:39:30|  19.6|  0.0|INFORM|TestFilter_7_<UNFILTERED> Feature Recorder -1 2147680358 (RecorderFactory): Splitting bulk features into individual features
2025-12-17 14:39:30|  19.6|  0.0|INFORM|TestFilter_7_@Value(Day Part) = 00: All Day (12am-12am) Feature Recorder -1 2147614822 (RecorderFactory): Splitting bulk features into individual features
2025-12-17 14:39:30|  19.6|  0.0|INFORM|TestFilter_7_<UNFILTERED> Feature Recorder -1 2147680358 (RecorderFactory): Splitting bulk features into individual features
2025-12-17 14:39:30|  19.6|  0.0|INFORM|TestFilter_7_@Value(Day Part) = 00: All Day (12am-12am) Feature Recorder -1 2147614822 (RecorderFactory): Splitting bulk features into individual features
2025-12-17 14:39:30|  19.6|  0.0|INFORM|TestFilter_7_<UNFILTERED> Feature Recorder -1 2147680358 (RecorderFactory): Splitting bulk features into individual features
2025-12-17 14:39:30|  19.6|  0.0|INFORM|TestFilter_7_@Value(Day Part) = 00: All Day (12am-12am) Feature Recorder -1 2147614822 (RecorderFactory): Splitting bulk features into individual features
2025-12-17 14:39:30|  19.6|  0.0|INFORM|TestFilter_7_<UNFILTERED> Feature Recorder -1 2147680358 (RecorderFactory): Splitting bulk features into individual features
2025-12-17 14:39:30|  19.6|  0.0|INFORM|TestFilter_7_@Value(Day Part) = 00: All Day (12am-12am) Feature Recorder -1 2147614822 (RecorderFactory): Splitting bulk features into individual features
2025-12-17 14:39:30|  19.6|  0.0|INFORM|TestFilter_7 (TestFactory): Splitting bulk features into individual features
2025-12-17 14:39:32|  20.3|  0.7|INFORM|Creating reader for format: Esri Shapefile
2025-12-17 14:39:32|  20.3|  0.0|INFORM|Trying to find a DYNAMIC plugin for reader named `SHAPEFILE'
2025-12-17 14:39:32|  20.3|  0.0|INFORM|SHAPEFILE reader: Opening dataset 'C:\Users\jmeade\OneDrive - Iowa Department of Transportation\Projects\STATCOM_STL\DATA\STL_EXTRACT\1989473_STATCOM1_2024_MOTORWAY\1989473_STATCOM1_2024_MOTORWAY\Shapefile\1989473_STATCOM1_2024_MOTORWAY_osm_segment.shp'
2025-12-17 14:39:32|  20.3|  0.0|INFORM|Shapefile reader: Reading dataset with encoding 'UTF-8' as determined by 'Codepage File'
2025-12-17 14:39:32|  20.3|  0.0|INFORM|FME Configuration: Source coordinate system for reader SHAPEFILE_5[SHAPEFILE] set to `_LL-WGS84_1' as read from input data
2025-12-17 14:39:32|  20.3|  0.0|INFORM|Coordinate System `_LL-WGS84_1' parameters: CS_NAME=`_LL-WGS84_1' CS_ORIGINAL_NAME=`LL-WGS84' DESC_NM=`WGS84 Lat/Longs' DT_NAME=`WGS84' ESRI_WKT=`GEOGCS["WGS 84",DATUM["WGS_1984",SPHEROID["WGS 84",6378137,298.257223563,AUTHORITY["EPSG","7030"]],AUTHORITY["EPSG","6326"]],PRIMEM["Greenwich",0,AUTHORITY["EPSG","8901"]],UNIT["degree",0.0174532925199433,AUTHORITY["EPSG","9122"]],AUTHORITY["EPSG","4326"]]' GROUP=`LL' MAP_SCL=`1' PROJ=`LL' QUAD=`1' SCL_RED=`1' UNIT=`DEGREE'
2025-12-17 14:39:32|  20.4|  0.1|INFORM|FFS writer: Writing 2017 feature(s) to file 'C:\Users\jmeade\AppData\Local\Temp\wb-cache-RAMS_AADT_STL_VOLUME CONFLATER-EzOjyd\Main_1989473_STATCOM1_2024_MOTORWAY_o -1 151 -1  0  fb034299967c35d8db020d41c0203970fc4b0133.fts'
2025-12-17 14:39:32|  20.4|  0.0|INFORM|Spatial Index: Adding 2017 features
2025-12-17 14:39:32|  20.4|  0.0|INFORM|FFS writer: Writing 2017 feature(s) to file 'C:\Users\jmeade\AppData\Local\Temp\wb-cache-RAMS_AADT_STL_VOLUME CONFLATER-EzOjyd\Main_Reprojector_2 -1 36 fo 0 REPROJECTED  0  8c11bad314d6200e146b4bf7414b6dbb9134c8b4.fts'
2025-12-17 14:39:32|  20.4|  0.0|INFORM|Spatial Index: Adding 2017 features
2025-12-17 14:39:32|  20.4|  0.0|INFORM|FFS writer: Writing 2017 feature(s) to file 'C:\Users\jmeade\AppData\Local\Temp\wb-cache-RAMS_AADT_STL_VOLUME CONFLATER-EzOjyd\LineDivider_Line 0 4 0  0  8e13399201db2fbf1f064bc340f91b7b3e8f1e48_2.fts'
2025-12-17 14:39:32|  20.4|  0.0|INFORM|Spatial Index: Adding 2017 features
2025-12-17 14:39:32|  20.4|  0.0|INFORM|FFS writer: Writing 2017 feature(s) to file 'C:\Users\jmeade\AppData\Local\Temp\wb-cache-RAMS_AADT_STL_VOLUME CONFLATER-EzOjyd\LineDivider_AggregateFilter 0 6 fo 1 NOT_AGGREGATE  0  5367966618d2ac7c2de13d4eff6bdff6a3062701_2.fts'
2025-12-17 14:39:32|  20.4|  0.0|INFORM|Spatial Index: Adding 2017 features
2025-12-17 14:39:32|  20.4|  0.0|INFORM|FFS writer: Writing 2017 feature(s) to file 'C:\Users\jmeade\AppData\Local\Temp\wb-cache-RAMS_AADT_STL_VOLUME CONFLATER-EzOjyd\LineDivider_GeometryFilter 0 7 fo 0 LINE  0  bf125c9b264bc98ee08e90eb02f3c14c3b3678c8_2.fts'
2025-12-17 14:39:32|  20.4|  0.0|INFORM|Spatial Index: Adding 2017 features
2025-12-17 14:39:32|  20.4|  0.0|INFORM|FFS writer: Writing 2017 feature(s) to file 'C:\Users\jmeade\AppData\Local\Temp\wb-cache-RAMS_AADT_STL_VOLUME CONFLATER-EzOjyd\LineDivider_AttributeCreator 0 10 fo 0 OUTPUT  0  7732676b526a818641f16be4b8eefdc69c5c7344_2.fts'
2025-12-17 14:39:32|  20.4|  0.0|INFORM|Spatial Index: Adding 2017 features
2025-12-17 14:39:32|  20.4|  0.0|INFORM|LineDivider_PythonCaller (PythonFactory): Splitting bulk features into individual features
2025-12-17 14:39:32|  20.4|  0.0|WARN  |NeighborFinder (ProximityFactory): Close Candidate List Name is blank so Number of Neighbors to Find will be forced to 1 ('10' was specified)
2025-12-17 14:39:37|  23.2|  2.8|INFORM|LineDivider_PythonCaller (PythonFactory): Processed 213 of 2017 features
2025-12-17 14:39:42|  26.1|  2.9|INFORM|LineDivider_PythonCaller (PythonFactory): Processed 354 of 2017 features
2025-12-17 14:39:47|  29.4|  3.3|INFORM|LineDivider_PythonCaller (PythonFactory): Processed 497 of 2017 features
2025-12-17 14:39:52|  32.4|  3.0|INFORM|LineDivider_PythonCaller (PythonFactory): Processed 642 of 2017 features
2025-12-17 14:39:57|  34.7|  2.3|INFORM|LineDivider_PythonCaller (PythonFactory): Processed 1392 of 2017 features
2025-12-17 14:40:00|  36.1|  1.4|INFORM|LineDivider_PythonCaller (PythonFactory): Processed 2017 of 2017 features
2025-12-17 14:40:00|  36.1|  0.0|INFORM|Creating reader for format: Esri Shapefile
2025-12-17 14:40:00|  36.1|  0.0|INFORM|Trying to find a DYNAMIC plugin for reader named `SHAPEFILE'
2025-12-17 14:40:00|  36.1|  0.0|INFORM|SHAPEFILE reader: Opening dataset 'C:\Users\jmeade\OneDrive - Iowa Department of Transportation\Projects\STATCOM_STL\DATA\STL_EXTRACT\1990536_STATCOM1_2024_RAMP\1990536_STATCOM1_2024_RAMP\Shapefile\1990536_STATCOM1_2024_RAMP_osm_segment\1990536_STATCOM1_2024_RAMP_osm_segment.shp'
2025-12-17 14:40:00|  36.1|  0.0|INFORM|Shapefile reader: Reading dataset with encoding 'UTF-8' as determined by 'Codepage File'
2025-12-17 14:40:00|  36.1|  0.0|INFORM|FME Configuration: Source coordinate system for reader SHAPEFILE_6[SHAPEFILE] set to `_LL-WGS84_1' as read from input data
2025-12-17 14:40:00|  36.1|  0.0|INFORM|Coordinate System `_LL-WGS84_1' parameters: CS_NAME=`_LL-WGS84_1' CS_ORIGINAL_NAME=`LL-WGS84' DESC_NM=`WGS84 Lat/Longs' DT_NAME=`WGS84' ESRI_WKT=`GEOGCS["WGS 84",DATUM["WGS_1984",SPHEROID["WGS 84",6378137,298.257223563,AUTHORITY["EPSG","7030"]],AUTHORITY["EPSG","6326"]],PRIMEM["Greenwich",0,AUTHORITY["EPSG","8901"]],UNIT["degree",0.0174532925199433,AUTHORITY["EPSG","9122"]],AUTHORITY["EPSG","4326"]]' GROUP=`LL' MAP_SCL=`1' PROJ=`LL' QUAD=`1' SCL_RED=`1' UNIT=`DEGREE'
2025-12-17 14:40:00|  36.1|  0.0|INFORM|FFS writer: Writing 3065 feature(s) to file 'C:\Users\jmeade\AppData\Local\Temp\wb-cache-RAMS_AADT_STL_VOLUME CONFLATER-EzOjyd\Main_1990536_STATCOM1_2024_RAMP_osm_s -1 152 -1  0  7c42445abdfafb3909f0118e4d82fabaaa8fe96a.fts'
2025-12-17 14:40:00|  36.1|  0.0|INFORM|Spatial Index: Adding 3065 features
2025-12-17 14:40:00|  36.1|  0.0|INFORM|FFS writer: Writing 3065 feature(s) to file 'C:\Users\jmeade\AppData\Local\Temp\wb-cache-RAMS_AADT_STL_VOLUME CONFLATER-EzOjyd\Main_Reprojector_2 -1 36 fo 0 REPROJECTED  0  8c11bad314d6200e146b4bf7414b6dbb9134c8b4_1.fts'
2025-12-17 14:40:00|  36.1|  0.0|INFORM|Spatial Index: Adding 3065 features
2025-12-17 14:40:00|  36.1|  0.0|INFORM|FFS writer: Writing 3065 feature(s) to file 'C:\Users\jmeade\AppData\Local\Temp\wb-cache-RAMS_AADT_STL_VOLUME CONFLATER-EzOjyd\LineDivider_Line 0 4 0  0  8e13399201db2fbf1f064bc340f91b7b3e8f1e48_3.fts'
2025-12-17 14:40:00|  36.1|  0.0|INFORM|Spatial Index: Adding 3065 features
2025-12-17 14:40:00|  36.1|  0.0|INFORM|FFS writer: Writing 3065 feature(s) to file 'C:\Users\jmeade\AppData\Local\Temp\wb-cache-RAMS_AADT_STL_VOLUME CONFLATER-EzOjyd\LineDivider_AggregateFilter 0 6 fo 1 NOT_AGGREGATE  0  5367966618d2ac7c2de13d4eff6bdff6a3062701_3.fts'
2025-12-17 14:40:00|  36.1|  0.0|INFORM|Spatial Index: Adding 3065 features
2025-12-17 14:40:00|  36.1|  0.0|INFORM|FFS writer: Writing 3065 feature(s) to file 'C:\Users\jmeade\AppData\Local\Temp\wb-cache-RAMS_AADT_STL_VOLUME CONFLATER-EzOjyd\LineDivider_GeometryFilter 0 7 fo 0 LINE  0  bf125c9b264bc98ee08e90eb02f3c14c3b3678c8_3.fts'
2025-12-17 14:40:00|  36.1|  0.0|INFORM|Spatial Index: Adding 3065 features
2025-12-17 14:40:00|  36.1|  0.0|INFORM|FFS writer: Writing 3065 feature(s) to file 'C:\Users\jmeade\AppData\Local\Temp\wb-cache-RAMS_AADT_STL_VOLUME CONFLATER-EzOjyd\LineDivider_AttributeCreator 0 10 fo 0 OUTPUT  0  7732676b526a818641f16be4b8eefdc69c5c7344_3.fts'
2025-12-17 14:40:00|  36.1|  0.0|INFORM|Spatial Index: Adding 3065 features
2025-12-17 14:40:00|  36.1|  0.0|INFORM|LineDivider_PythonCaller (PythonFactory): Splitting bulk features into individual features
2025-12-17 14:40:05|  39.2|  3.1|INFORM|LineDivider_PythonCaller (PythonFactory): Processed 490 of 3065 features
2025-12-17 14:40:10|  42.3|  3.1|INFORM|LineDivider_PythonCaller (PythonFactory): Processed 641 of 3065 features
2025-12-17 14:40:15|  45.7|  3.4|INFORM|LineDivider_PythonCaller (PythonFactory): Processed 788 of 3065 features
2025-12-17 14:40:20|  48.6|  2.9|INFORM|LineDivider_PythonCaller (PythonFactory): Processed 937 of 3065 features
2025-12-17 14:40:25|  51.5|  2.9|INFORM|LineDivider_PythonCaller (PythonFactory): Processed 1080 of 3065 features
2025-12-17 14:40:30|  54.4|  2.9|INFORM|LineDivider_PythonCaller (PythonFactory): Processed 1223 of 3065 features
2025-12-17 14:40:35|  57.4|  3.0|INFORM|LineDivider_PythonCaller (PythonFactory): Processed 1367 of 3065 features
2025-12-17 14:40:40|  60.6|  3.2|INFORM|LineDivider_PythonCaller (PythonFactory): Processed 1516 of 3065 features
2025-12-17 14:40:45|  64.0|  3.4|INFORM|LineDivider_PythonCaller (PythonFactory): Processed 1665 of 3065 features
2025-12-17 14:40:50|  67.3|  3.3|INFORM|LineDivider_PythonCaller (PythonFactory): Processed 1807 of 3065 features
2025-12-17 14:40:55|  70.3|  3.0|INFORM|LineDivider_PythonCaller (PythonFactory): Processed 1953 of 3065 features
2025-12-17 14:41:00|  73.2|  2.9|INFORM|LineDivider_PythonCaller (PythonFactory): Processed 2093 of 3065 features
2025-12-17 14:41:05|  75.9|  2.7|INFORM|LineDivider_PythonCaller (PythonFactory): Processed 2215 of 3065 features
2025-12-17 14:41:10|  78.7|  2.8|INFORM|LineDivider_PythonCaller (PythonFactory): Processed 2343 of 3065 features
2025-12-17 14:41:15|  81.0|  2.3|INFORM|LineDivider_PythonCaller (PythonFactory): Processed 2481 of 3065 features
2025-12-17 14:41:20|  83.8|  2.8|INFORM|LineDivider_PythonCaller (PythonFactory): Processed 2621 of 3065 features
2025-12-17 14:41:25|  86.7|  2.9|INFORM|LineDivider_PythonCaller (PythonFactory): Processed 2758 of 3065 features
2025-12-17 14:41:30|  89.7|  3.0|INFORM|LineDivider_PythonCaller (PythonFactory): Processed 2905 of 3065 features
2025-12-17 14:41:35|  93.2|  3.5|INFORM|LineDivider_PythonCaller (PythonFactory): Processed 3052 of 3065 features
2025-12-17 14:41:36|  93.4|  0.2|INFORM|LineDivider_PythonCaller (PythonFactory): Processed 3065 of 3065 features
2025-12-17 14:41:36|  93.5|  0.1|INFORM|Creating reader for format: CSV (Comma Separated Value)
2025-12-17 14:41:36|  93.5|  0.0|INFORM|Trying to find a DYNAMIC plugin for reader named `CSV2'
2025-12-17 14:41:36|  93.5|  0.0|INFORM|CSV reader: Opening dataset 'C:\Users\jmeade\OneDrive - Iowa Department of Transportation\Projects\STATCOM_STL\DATA\STL_EXTRACT\1989473_STATCOM1_2024_MOTORWAY\1989473_STATCOM1_2024_MOTORWAY\1989473_STATCOM1_2024_MOTORWAY_ct_all.csv'
2025-12-17 14:41:36|  93.5|  0.0|INFORM|CSV reader: Directive '_TRIM_FEATURE_TYPE_NAME' has the value 'Yes'
2025-12-17 14:41:36|  93.5|  0.0|INFORM|CSV reader: Directive '_SUPPORTED_READER_ARCHIVE_EXTENSIONS' has the value 'csv.gz,txt.gz'
2025-12-17 14:41:36|  93.5|  0.0|INFORM|CSV reader: Directive '_DELIMITER' has the value ','
2025-12-17 14:41:36|  93.5|  0.0|INFORM|CSV reader: Directive '_DELIMITER_DETECTION_ALGORITHM' has the value 'EQUAL_FIELDS_PER_LINE'
2025-12-17 14:41:36|  93.5|  0.0|INFORM|CSV reader: Directive '_FIELD_NAMES_LINE' has the value '1'
2025-12-17 14:41:36|  93.5|  0.0|INFORM|CSV reader: Directive '_DATA_START_LINE' has the value '2'
2025-12-17 14:41:36|  93.5|  0.0|INFORM|CSV reader: Directive '_SCAN_MAX_ROWS' has the value '250000'
2025-12-17 14:41:36|  93.5|  0.0|INFORM|CSV reader: Directive '_READ_SKIPPED_LINES' has the value 'No'
2025-12-17 14:41:36|  93.5|  0.0|INFORM|CSV reader: Directive '_ENCODING' has the value 'windows-1252'
2025-12-17 14:41:36|  93.5|  0.0|INFORM|CSV reader: Directive 'FME_NAMES_ENCODING' has the value 'UTF-8'
2025-12-17 14:41:36|  93.5|  0.0|INFORM|CSV reader: Directive '_SKIP_DUPLICATE_DELIMITERS' has the value 'No'
2025-12-17 14:41:36|  93.5|  0.0|INFORM|CSV reader: Directive '_FIELD_QUALIFIER_CHARACTER' has the value '"'
2025-12-17 14:41:36|  93.5|  0.0|INFORM|CSV reader: Directive '_FIELD_QUALIFIER_ESCAPE_CHARACTER' has the value '"'
2025-12-17 14:41:36|  93.5|  0.0|INFORM|CSV reader: Directive '_TRIM_FIELD_NAME_QUALIFIERS' has the value 'Yes'
2025-12-17 14:41:36|  93.5|  0.0|INFORM|CSV reader: Directive '_TRIM_FIELD_VALUE_QUALIFIERS' has the value 'Yes'
2025-12-17 14:41:36|  93.5|  0.0|INFORM|CSV reader: Directive '_PRESERVE_SOURCE_ENCODING' has the value 'No'
2025-12-17 14:41:36|  93.5|  0.0|INFORM|CSV reader: Directive '_CASE_SENSITIVE_FIELD_NAMES' has the value 'Yes'
2025-12-17 14:41:36|  93.5|  0.0|INFORM|CSV reader: Directive '_ENFORCE_STRICT_SCHEMA' has the value 'No'
2025-12-17 14:41:36|  93.5|  0.0|INFORM|CSV reader: Directive '_SCAN_TYPES' has the value 'Yes'
2025-12-17 14:41:36|  93.5|  0.0|INFORM|CSV reader: Directive '_TYPE_ATTRIBUTE_HANDLING' has the value 'STANDARD_TYPES'
2025-12-17 14:41:36|  93.5|  0.0|INFORM|CSV reader: Directive '_STRING_TYPE_ATTRIBUTE_HANDLING' has the value 'EXPLICIT_WIDTH'
2025-12-17 14:41:36|  93.5|  0.0|INFORM|CSV reader: Directive '_SCAN_ADDITIONAL_FIELDS' has the value 'No'
2025-12-17 14:41:36|  93.5|  0.0|INFORM|CSV reader: Directive '_DATE_INPUT_FORMAT' has the value 'ISO'
2025-12-17 14:41:36|  93.5|  0.0|INFORM|CSV reader: Directive '_CHUNK_SIZE' has the value '100000'
2025-12-17 14:41:36|  93.5|  0.0|INFORM|CSV reader: Directive '_TRIM_FIELD_NAME_WHITESPACE' has the value 'Yes'
2025-12-17 14:41:36|  93.5|  0.0|INFORM|CSV reader: Directive '_READ_EMPTY_VALUES_AS' has the value 'Null'
2025-12-17 14:41:36|  93.5|  0.0|INFORM|CSV reader: Directive '_REPLACE_ATTR_NAME_INVALID_CHARS' has the value 'No'
2025-12-17 14:41:37|  94.4|  0.9|INFORM|TestFilter_2_<UNFILTERED> Feature Recorder -1 2147680307 (RecorderFactory): Splitting bulk features into individual features
2025-12-17 14:41:37|  94.4|  0.0|INFORM|TestFilter_2_@Value(Day Part) = 00: All Day (12am-12am) Feature Recorder -1 2147614771 (RecorderFactory): Splitting bulk features into individual features
2025-12-17 14:41:37|  94.4|  0.0|INFORM|TestFilter_2_<UNFILTERED> Feature Recorder -1 2147680307 (RecorderFactory): Splitting bulk features into individual features
2025-12-17 14:41:37|  94.4|  0.0|INFORM|TestFilter_2_@Value(Day Part) = 00: All Day (12am-12am) Feature Recorder -1 2147614771 (RecorderFactory): Splitting bulk features into individual features
2025-12-17 14:41:37|  94.4|  0.0|INFORM|TestFilter_2_<UNFILTERED> Feature Recorder -1 2147680307 (RecorderFactory): Splitting bulk features into individual features
2025-12-17 14:41:37|  94.4|  0.0|INFORM|TestFilter_2_@Value(Day Part) = 00: All Day (12am-12am) Feature Recorder -1 2147614771 (RecorderFactory): Splitting bulk features into individual features
2025-12-17 14:41:37|  94.4|  0.0|INFORM|TestFilter_2_<UNFILTERED> Feature Recorder -1 2147680307 (RecorderFactory): Splitting bulk features into individual features
2025-12-17 14:41:37|  94.5|  0.1|INFORM|TestFilter_2_@Value(Day Part) = 00: All Day (12am-12am) Feature Recorder -1 2147614771 (RecorderFactory): Splitting bulk features into individual features
2025-12-17 14:41:37|  94.5|  0.0|INFORM|TestFilter_2_<UNFILTERED> Feature Recorder -1 2147680307 (RecorderFactory): Splitting bulk features into individual features
2025-12-17 14:41:37|  94.5|  0.0|INFORM|TestFilter_2_@Value(Day Part) = 00: All Day (12am-12am) Feature Recorder -1 2147614771 (RecorderFactory): Splitting bulk features into individual features
2025-12-17 14:41:37|  94.5|  0.0|INFORM|TestFilter_2_<UNFILTERED> Feature Recorder -1 2147680307 (RecorderFactory): Splitting bulk features into individual features
2025-12-17 14:41:37|  94.5|  0.0|INFORM|TestFilter_2_@Value(Day Part) = 00: All Day (12am-12am) Feature Recorder -1 2147614771 (RecorderFactory): Splitting bulk features into individual features
2025-12-17 14:41:37|  94.5|  0.0|INFORM|TestFilter_2_<UNFILTERED> Feature Recorder -1 2147680307 (RecorderFactory): Splitting bulk features into individual features
2025-12-17 14:41:37|  94.6|  0.1|INFORM|TestFilter_2_@Value(Day Part) = 00: All Day (12am-12am) Feature Recorder -1 2147614771 (RecorderFactory): Splitting bulk features into individual features
2025-12-17 14:41:37|  94.6|  0.0|INFORM|TestFilter_2_<UNFILTERED> Feature Recorder -1 2147680307 (RecorderFactory): Splitting bulk features into individual features
2025-12-17 14:41:37|  94.6|  0.0|INFORM|TestFilter_2_@Value(Day Part) = 00: All Day (12am-12am) Feature Recorder -1 2147614771 (RecorderFactory): Splitting bulk features into individual features
2025-12-17 14:41:37|  94.6|  0.0|INFORM|TestFilter_2_<UNFILTERED> Feature Recorder -1 2147680307 (RecorderFactory): Splitting bulk features into individual features
2025-12-17 14:41:37|  94.6|  0.0|INFORM|TestFilter_2_@Value(Day Part) = 00: All Day (12am-12am) Feature Recorder -1 2147614771 (RecorderFactory): Splitting bulk features into individual features
2025-12-17 14:41:37|  94.6|  0.0|INFORM|TestFilter_2_<UNFILTERED> Feature Recorder -1 2147680307 (RecorderFactory): Splitting bulk features into individual features
2025-12-17 14:41:37|  94.6|  0.0|INFORM|TestFilter_2_@Value(Day Part) = 00: All Day (12am-12am) Feature Recorder -1 2147614771 (RecorderFactory): Splitting bulk features into individual features
2025-12-17 14:41:37|  94.6|  0.0|INFORM|TestFilter_2 (TestFactory): Splitting bulk features into individual features
2025-12-17 14:41:42|  97.7|  3.1|INFORM|TestFilter_2 (TestFactory): Tested 30499 of 99187 bulk features
2025-12-17 14:41:47| 101.0|  3.3|INFORM|TestFilter_2 (TestFactory): Tested 60453 of 99187 bulk features
2025-12-17 14:41:52| 104.6|  3.6|INFORM|TestFilter_2 (TestFactory): Tested 91446 of 99187 bulk features
2025-12-17 14:41:53| 105.5|  0.9|INFORM|TestFilter_2 (TestFactory): Tested 99187 of 99187 bulk features
2025-12-17 14:41:53| 105.5|  0.0|INFORM|CSV reader: Read 181440 features
2025-12-17 14:41:54| 105.6|  0.1|INFORM|TestFilter_2_<UNFILTERED> Feature Recorder -1 2147680307 (RecorderFactory): Splitting bulk features into individual features
2025-12-17 14:41:54| 105.6|  0.0|INFORM|TestFilter_2_@Value(Day Part) = 00: All Day (12am-12am) Feature Recorder -1 2147614771 (RecorderFactory): Splitting bulk features into individual features
2025-12-17 14:41:54| 105.6|  0.0|INFORM|TestFilter_2_<UNFILTERED> Feature Recorder -1 2147680307 (RecorderFactory): Splitting bulk features into individual features
2025-12-17 14:41:54| 105.6|  0.0|INFORM|TestFilter_2_@Value(Day Part) = 00: All Day (12am-12am) Feature Recorder -1 2147614771 (RecorderFactory): Splitting bulk features into individual features
2025-12-17 14:41:54| 105.6|  0.0|INFORM|TestFilter_2_<UNFILTERED> Feature Recorder -1 2147680307 (RecorderFactory): Splitting bulk features into individual features
2025-12-17 14:41:54| 105.7|  0.1|INFORM|TestFilter_2_@Value(Day Part) = 00: All Day (12am-12am) Feature Recorder -1 2147614771 (RecorderFactory): Splitting bulk features into individual features
2025-12-17 14:41:54| 105.7|  0.0|INFORM|TestFilter_2_<UNFILTERED> Feature Recorder -1 2147680307 (RecorderFactory): Splitting bulk features into individual features
2025-12-17 14:41:54| 105.7|  0.0|INFORM|TestFilter_2_@Value(Day Part) = 00: All Day (12am-12am) Feature Recorder -1 2147614771 (RecorderFactory): Splitting bulk features into individual features
2025-12-17 14:41:54| 105.7|  0.0|INFORM|TestFilter_2_<UNFILTERED> Feature Recorder -1 2147680307 (RecorderFactory): Splitting bulk features into individual features
2025-12-17 14:41:54| 105.7|  0.0|INFORM|TestFilter_2_@Value(Day Part) = 00: All Day (12am-12am) Feature Recorder -1 2147614771 (RecorderFactory): Splitting bulk features into individual features
2025-12-17 14:41:54| 105.7|  0.0|INFORM|TestFilter_2_<UNFILTERED> Feature Recorder -1 2147680307 (RecorderFactory): Splitting bulk features into individual features
2025-12-17 14:41:54| 105.7|  0.0|INFORM|TestFilter_2_@Value(Day Part) = 00: All Day (12am-12am) Feature Recorder -1 2147614771 (RecorderFactory): Splitting bulk features into individual features
2025-12-17 14:41:54| 105.7|  0.0|INFORM|TestFilter_2_<UNFILTERED> Feature Recorder -1 2147680307 (RecorderFactory): Splitting bulk features into individual features
2025-12-17 14:41:54| 105.7|  0.0|INFORM|TestFilter_2_@Value(Day Part) = 00: All Day (12am-12am) Feature Recorder -1 2147614771 (RecorderFactory): Splitting bulk features into individual features
2025-12-17 14:41:54| 105.7|  0.0|INFORM|TestFilter_2_<UNFILTERED> Feature Recorder -1 2147680307 (RecorderFactory): Splitting bulk features into individual features
2025-12-17 14:41:54| 105.7|  0.0|INFORM|TestFilter_2_@Value(Day Part) = 00: All Day (12am-12am) Feature Recorder -1 2147614771 (RecorderFactory): Splitting bulk features into individual features
2025-12-17 14:41:54| 105.7|  0.0|INFORM|TestFilter_2_<UNFILTERED> Feature Recorder -1 2147680307 (RecorderFactory): Splitting bulk features into individual features
2025-12-17 14:41:54| 105.7|  0.0|INFORM|TestFilter_2_@Value(Day Part) = 00: All Day (12am-12am) Feature Recorder -1 2147614771 (RecorderFactory): Splitting bulk features into individual features
2025-12-17 14:41:54| 105.7|  0.0|INFORM|TestFilter_2_<UNFILTERED> Feature Recorder -1 2147680307 (RecorderFactory): Splitting bulk features into individual features
2025-12-17 14:41:54| 105.8|  0.1|INFORM|TestFilter_2_@Value(Day Part) = 00: All Day (12am-12am) Feature Recorder -1 2147614771 (RecorderFactory): Splitting bulk features into individual features
2025-12-17 14:41:54| 105.8|  0.0|INFORM|TestFilter_2 (TestFactory): Splitting bulk features into individual features
2025-12-17 14:41:59| 109.0|  3.2|INFORM|TestFilter_2 (TestFactory): Tested 30764 of 80548 bulk features
2025-12-17 14:42:04| 112.6|  3.6|INFORM|TestFilter_2 (TestFactory): Tested 60718 of 80548 bulk features
2025-12-17 14:42:07| 114.7|  2.1|INFORM|TestFilter_2 (TestFactory): Tested 80548 of 80548 bulk features
2025-12-17 14:42:07| 114.7|  0.0|INFORM|FME Configuration: Using connection values from 'PRAMS.TDSOUT_SYSPLN QAQC' for GEODATABASE_SDE_2
2025-12-17 14:42:07| 114.7|  0.0|INFORM|Creating reader for format: Esri Geodatabase (ArcSDE Geodb)
2025-12-17 14:42:07| 114.7|  0.0|INFORM|Trying to find a DYNAMIC plugin for reader named `GEODATABASE_SDE'
2025-12-17 14:42:07| 114.7|  0.0|INFORM|Opening the Esri Geodatabase reader
2025-12-17 14:42:07| 114.7|  0.0|INFORM|An ArcGIS license is already checked out. The product checked out is 'Advanced'
2025-12-17 14:42:07| 114.7|  0.0|INFORM|Installed ArcGIS version is '3.3.1'
2025-12-17 14:42:07| 114.7|  0.0|WARN  |More than one transaction version specified. 'Transactional Version' will be used and 'Historical Marker and Historical Date and Time' will be ignored
2025-12-17 14:42:08| 114.7|  0.0|INFORM|Connection made to server 'PRAMS' for dataset '' (transactional version 'RAMS.QAQC') using instance 'sde:oracle11g:PRAMS' and user ID 'TDSOUT_SYSPLN'
2025-12-17 14:42:08| 114.7|  0.0|INFORM|ArcSDE release: '10.8'. Underlying database: 'Oracle'
2025-12-17 14:42:08| 114.7|  0.0|INFORM|GEODATABASE_SDE_2 Reader: Using Enhanced geometry
2025-12-17 14:42:08| 114.7|  0.0|INFORM|All network information will be ignored. As a result, edges will be treated as polyline features and junctions will be treated as point features
2025-12-17 14:42:08| 114.7|  0.0|INFORM|All relationship information will be ignored. As a result, simple relationships will not be read, and attributed relationships will be read as tables
2025-12-17 14:42:08| 114.7|  0.0|INFORM|GEODATABASE_SDE reader: Creating bulk features from individual features
2025-12-17 14:42:08| 114.7|  0.0|INFORM|Reading feature type 'TDSOUT_SYSPLN.MFT_STATCOM1_2024'
2025-12-17 14:42:08| 114.7|  0.0|INFORM|FME Configuration: Source coordinate system for reader GEODATABASE_SDE_2[GEODATABASE_SDE] set to `_FME_0' as read from input data
2025-12-17 14:42:08| 114.7|  0.0|INFORM|Coordinate System `_FME_0' parameters: CS_NAME=`_FME_0' DESC_NM=`LRS Lambert' DT_NAME=`NAD83' ESRI_WKT=`PROJCS["LRS Lambert",GEOGCS["GCS_North_American_1983",DATUM["D_North_American_1983",SPHEROID["GRS_1980",6378137.0,298.257222101]],PRIMEM["Greenwich",0.0],UNIT["Degree",0.0174532925199433]],PROJECTION["Lambert_Conformal_Conic"],PARAMETER["False_Easting",304800.0],PARAMETER["False_Northing",0.0],PARAMETER["Central_Meridian",-93.5],PARAMETER["Standard_Parallel_1",40.375],PARAMETER["Standard_Parallel_2",43.625],PARAMETER["Scale_Factor",1.0],PARAMETER["Latitude_Of_Origin",40.0],UNIT["Meter",1.0]]' ORG_LAT=`40' ORG_LNG=`-93.5' PARM1=`40.375' PARM2=`43.625' PROJ=`LM' QUAD=`1' UNIT=`METER' X_OFF=`304800'
2025-12-17 14:42:08| 114.7|  0.0|INFORM|TDSOUT_SYSPLN.MFT_STATCOM1_2024 Feature Recorder -1 2147549343 (RecorderFactory): Splitting bulk features into individual features
2025-12-17 14:42:10| 116.1|  1.4|INFORM|FFS writer: Writing 3600 feature(s) to file 'C:\Users\jmeade\AppData\Local\Temp\wb-cache-RAMS_AADT_STL_VOLUME CONFLATER-EzOjyd\Main_TDSOUT_SYSPLN.MFT_STATCOM1_2024 -1 159 -1  0  259a10fa5877a7f08495ac72e32ff7135f9fe654.fts'
2025-12-17 14:42:10| 116.2|  0.1|INFORM|Spatial Index: Adding 3600 features
2025-12-17 14:42:10| 116.2|  0.0|INFORM|TestFilter_4_@Evaluate(@Length(@Value(ROUTEID))) != 11 Feature Recorder -1 2147614787 (RecorderFactory): Splitting bulk features into individual features
2025-12-17 14:42:11| 116.2|  0.0|INFORM|TestFilter_4_<UNFILTERED> Feature Recorder -1 2147680323 (RecorderFactory): Splitting bulk features into individual features
2025-12-17 14:42:11| 116.2|  0.0|INFORM|TestFilter_4_@Evaluate(@Length(@Value(ROUTEID))) != 11 Feature Recorder -1 2147614787 (RecorderFactory): Splitting bulk features into individual features
2025-12-17 14:42:11| 116.3|  0.1|INFORM|TestFilter_4_<UNFILTERED> Feature Recorder -1 2147680323 (RecorderFactory): Splitting bulk features into individual features
2025-12-17 14:42:11| 116.3|  0.0|INFORM|TestFilter_4_@Evaluate(@Length(@Value(ROUTEID))) != 11 Feature Recorder -1 2147614787 (RecorderFactory): Splitting bulk features into individual features
2025-12-17 14:42:11| 116.3|  0.0|INFORM|TestFilter_4_<UNFILTERED> Feature Recorder -1 2147680323 (RecorderFactory): Splitting bulk features into individual features
2025-12-17 14:42:11| 116.3|  0.0|INFORM|TestFilter_4_@Evaluate(@Length(@Value(ROUTEID))) != 11 Feature Recorder -1 2147614787 (RecorderFactory): Splitting bulk features into individual features
2025-12-17 14:42:11| 116.3|  0.0|INFORM|TestFilter_4_<UNFILTERED> Feature Recorder -1 2147680323 (RecorderFactory): Splitting bulk features into individual features
2025-12-17 14:42:11| 116.3|  0.0|INFORM|TestFilter_4_@Evaluate(@Length(@Value(ROUTEID))) != 11 Feature Recorder -1 2147614787 (RecorderFactory): Splitting bulk features into individual features
2025-12-17 14:42:11| 116.3|  0.0|INFORM|TestFilter_4_<UNFILTERED> Feature Recorder -1 2147680323 (RecorderFactory): Splitting bulk features into individual features
2025-12-17 14:42:11| 116.3|  0.0|INFORM|TestFilter_4_@Evaluate(@Length(@Value(ROUTEID))) != 11 Feature Recorder -1 2147614787 (RecorderFactory): Splitting bulk features into individual features
2025-12-17 14:42:11| 116.3|  0.0|INFORM|TestFilter_4_<UNFILTERED> Feature Recorder -1 2147680323 (RecorderFactory): Splitting bulk features into individual features
2025-12-17 14:42:11| 116.3|  0.0|INFORM|TestFilter_4_@Evaluate(@Length(@Value(ROUTEID))) != 11 Feature Recorder -1 2147614787 (RecorderFactory): Splitting bulk features into individual features
2025-12-17 14:42:11| 116.3|  0.0|INFORM|TestFilter_4_<UNFILTERED> Feature Recorder -1 2147680323 (RecorderFactory): Splitting bulk features into individual features
2025-12-17 14:42:11| 116.3|  0.0|INFORM|TestFilter_4_@Evaluate(@Length(@Value(ROUTEID))) != 11 Feature Recorder -1 2147614787 (RecorderFactory): Splitting bulk features into individual features
2025-12-17 14:42:11| 116.3|  0.0|INFORM|TestFilter_4_<UNFILTERED> Feature Recorder -1 2147680323 (RecorderFactory): Splitting bulk features into individual features
2025-12-17 14:42:11| 116.3|  0.0|INFORM|TestFilter_4_@Evaluate(@Length(@Value(ROUTEID))) != 11 Feature Recorder -1 2147614787 (RecorderFactory): Splitting bulk features into individual features
2025-12-17 14:42:11| 116.3|  0.0|INFORM|TestFilter_4_<UNFILTERED> Feature Recorder -1 2147680323 (RecorderFactory): Splitting bulk features into individual features
2025-12-17 14:42:11| 116.3|  0.0|INFORM|TestFilter_4_@Evaluate(@Length(@Value(ROUTEID))) != 11 Feature Recorder -1 2147614787 (RecorderFactory): Splitting bulk features into individual features
2025-12-17 14:42:11| 116.3|  0.0|INFORM|TestFilter_4_<UNFILTERED> Feature Recorder -1 2147680323 (RecorderFactory): Splitting bulk features into individual features
2025-12-17 14:42:11| 116.3|  0.0|INFORM|TestFilter_4 (TestFactory): The current set of bulk features will no longer be processed in Bulk Mode, as this is not expected to improve performance
2025-12-17 14:42:11| 116.3|  0.0|INFORM|TestFilter_4_@Evaluate(@Length(@Value(ROUTEID))) != 11 Feature Recorder -1 2147614787 (RecorderFactory): Splitting bulk features into individual features
2025-12-17 14:42:11| 116.3|  0.0|INFORM|TestFilter_4 (TestFactory): Splitting bulk features into individual features
2025-12-17 14:42:11| 116.4|  0.1|INFORM|Logger: Feature is:
2025-12-17 14:42:11| 116.4|  0.0|INFORM|+++++++++++++++++++++++++++++++++++++++++++++++++++++++++++++++++++++++++++
2025-12-17 14:42:11| 116.4|  0.0|INFORM|Feature Type: `Logger_LOGGED'
2025-12-17 14:42:11| 116.4|  0.0|INFORM|Attribute(64 bit integer)          : `AADT' has value `880'
2025-12-17 14:42:11| 116.4|  0.0|INFORM|Attribute(64 bit integer)          : `AADT_YEAR' has value `2024'
2025-12-17 14:42:11| 116.4|  0.0|INFORM|Attribute(string: UTF-16LE)        : `DIRECTION' has value `S'
2025-12-17 14:42:11| 116.4|  0.0|INFORM|Attribute(64 bit real)             : `FROMMEASURE' has value `0'
2025-12-17 14:42:11| 116.4|  0.0|INFORM|Attribute(string: UTF-16LE)        : `ID' has value `70b1daaa-6b92-44e0-9e14-38c173afc25b'
2025-12-17 14:42:11| 116.4|  0.0|INFORM|Attribute(32 bit integer)          : `OBJECTID' has value `72'
2025-12-17 14:42:11| 116.4|  0.0|INFORM|Attribute(string: UTF-16LE)        : `ROUTEID' has value `S001910380S2825'
2025-12-17 14:42:11| 116.4|  0.0|INFORM|Attribute(64 bit real)             : `SHAPE.LEN' has value `0'
2025-12-17 14:42:11| 116.4|  0.0|INFORM|Attribute(64 bit real)             : `TOMEASURE' has value `0'
2025-12-17 14:42:11| 116.4|  0.0|INFORM|Attribute(string; UTF-8)           : `fme_feature_type' has value `TDSOUT_SYSPLN.MFT_STATCOM1_2024'
2025-12-17 14:42:11| 116.4|  0.0|INFORM|Attribute(string: UTF-8)           : `fme_geometry' has value `fme_undefined'
2025-12-17 14:42:11| 116.4|  0.0|INFORM|Attribute(string; UTF-8)           : `fme_rejection_code' has value `INVALID_CANDIDATE_GEOMETRY_VERTICES'
2025-12-17 14:42:11| 116.4|  0.0|INFORM|Attribute(entangled: string: UTF-8): `fme_type' has value `fme_no_geom'
2025-12-17 14:42:11| 116.4|  0.0|INFORM|          entangled to geodb_type
2025-12-17 14:42:11| 116.4|  0.0|INFORM|Attribute(64 bit integer)          : `geodb_oid' has value `72'
2025-12-17 14:42:11| 116.4|  0.0|INFORM|Attribute(string: UTF-8)           : `geodb_type' has value `geodb_undefined'
2025-12-17 14:42:11| 116.4|  0.0|INFORM|Attribute(32 bit integer)          : `multi_reader_full_id' has value `8'
2025-12-17 14:42:11| 116.4|  0.0|INFORM|Attribute(32 bit integer)          : `multi_reader_id' has value `8'
2025-12-17 14:42:11| 116.4|  0.0|INFORM|Attribute(string: UTF-8)           : `multi_reader_keyword' has value `GEODATABASE_SDE_2'
2025-12-17 14:42:11| 116.4|  0.0|INFORM|Attribute(string: UTF-8)           : `multi_reader_type' has value `GEODATABASE_SDE'
2025-12-17 14:42:11| 116.4|  0.0|INFORM|Coordinate System: `UTM84-15N'
2025-12-17 14:42:11| 116.4|  0.0|INFORM|Geometry Type: Null
2025-12-17 14:42:11| 116.4|  0.0|INFORM|Coordinate Dimension: 2
2025-12-17 14:42:11| 116.4|  0.0|INFORM|===========================================================================
2025-12-17 14:42:11| 116.4|  0.0|INFORM|Logger: Feature is:
2025-12-17 14:42:11| 116.4|  0.0|INFORM|+++++++++++++++++++++++++++++++++++++++++++++++++++++++++++++++++++++++++++
2025-12-17 14:42:11| 116.4|  0.0|INFORM|Feature Type: `Logger_LOGGED'
2025-12-17 14:42:11| 116.4|  0.0|INFORM|Attribute(64 bit integer)          : `AADT' has value `1210'
2025-12-17 14:42:11| 116.4|  0.0|INFORM|Attribute(64 bit integer)          : `AADT_YEAR' has value `2024'
2025-12-17 14:42:11| 116.4|  0.0|INFORM|Attribute(string: UTF-16LE)        : `DIRECTION' has value `W'
2025-12-17 14:42:11| 116.4|  0.0|INFORM|Attribute(64 bit real)             : `FROMMEASURE' has value `0.2969'
2025-12-17 14:42:11| 116.4|  0.0|INFORM|Attribute(string: UTF-16LE)        : `ID' has value `9b0b6127-2a3f-4964-8386-f9f492517bbb'
2025-12-17 14:42:11| 116.4|  0.0|INFORM|Attribute(32 bit integer)          : `OBJECTID' has value `92'
2025-12-17 14:42:11| 116.4|  0.0|INFORM|Attribute(string: UTF-16LE)        : `ROUTEID' has value `S001910080W6450'
2025-12-17 14:42:11| 116.4|  0.0|INFORM|Attribute(64 bit real)             : `SHAPE.LEN' has value `0'
2025-12-17 14:42:11| 116.4|  0.0|INFORM|Attribute(64 bit real)             : `TOMEASURE' has value `0.2969'
2025-12-17 14:42:11| 116.4|  0.0|INFORM|Attribute(string; UTF-8)           : `fme_feature_type' has value `TDSOUT_SYSPLN.MFT_STATCOM1_2024'
2025-12-17 14:42:11| 116.4|  0.0|INFORM|Attribute(string: UTF-8)           : `fme_geometry' has value `fme_undefined'
2025-12-17 14:42:11| 116.4|  0.0|INFORM|Attribute(string; UTF-8)           : `fme_rejection_code' has value `INVALID_CANDIDATE_GEOMETRY_VERTICES'
2025-12-17 14:42:11| 116.4|  0.0|INFORM|Attribute(entangled: string: UTF-8): `fme_type' has value `fme_no_geom'
2025-12-17 14:42:11| 116.4|  0.0|INFORM|          entangled to geodb_type
2025-12-17 14:42:11| 116.4|  0.0|INFORM|Attribute(64 bit integer)          : `geodb_oid' has value `92'
2025-12-17 14:42:11| 116.4|  0.0|INFORM|Attribute(string: UTF-8)           : `geodb_type' has value `geodb_undefined'
2025-12-17 14:42:11| 116.4|  0.0|INFORM|Attribute(32 bit integer)          : `multi_reader_full_id' has value `8'
2025-12-17 14:42:11| 116.4|  0.0|INFORM|Attribute(32 bit integer)          : `multi_reader_id' has value `8'
2025-12-17 14:42:11| 116.4|  0.0|INFORM|Attribute(string: UTF-8)           : `multi_reader_keyword' has value `GEODATABASE_SDE_2'
2025-12-17 14:42:11| 116.4|  0.0|INFORM|Attribute(string: UTF-8)           : `multi_reader_type' has value `GEODATABASE_SDE'
2025-12-17 14:42:11| 116.4|  0.0|INFORM|Coordinate System: `UTM84-15N'
2025-12-17 14:42:11| 116.4|  0.0|INFORM|Geometry Type: Null
2025-12-17 14:42:11| 116.4|  0.0|INFORM|Coordinate Dimension: 2
2025-12-17 14:42:11| 116.4|  0.0|INFORM|===========================================================================
2025-12-17 14:42:11| 116.5|  0.1|INFORM|Logger: Feature is:
2025-12-17 14:42:11| 116.5|  0.0|INFORM|+++++++++++++++++++++++++++++++++++++++++++++++++++++++++++++++++++++++++++
2025-12-17 14:42:11| 116.5|  0.0|INFORM|Feature Type: `Logger_LOGGED'
2025-12-17 14:42:11| 116.5|  0.0|INFORM|Attribute(64 bit real)             : `AADT' has value `23100'
2025-12-17 14:42:11| 116.5|  0.0|INFORM|Attribute(64 bit integer)          : `AADT_YEAR' has value `2024'
2025-12-17 14:42:11| 116.5|  0.0|INFORM|Attribute(string: UTF-16LE)        : `DIRECTION' has value `S'
2025-12-17 14:42:11| 116.5|  0.0|INFORM|Attribute(64 bit real)             : `FROMMEASURE' has value `148.2364'
2025-12-17 14:42:11| 116.5|  0.0|INFORM|Attribute(string: UTF-16LE)        : `ID' has value `8ae3de60-dfbd-49e6-8b66-b4b38ce5fb8e'
2025-12-17 14:42:11| 116.5|  0.0|INFORM|Attribute(32 bit integer)          : `OBJECTID' has value `351'
2025-12-17 14:42:11| 116.5|  0.0|INFORM|Attribute(string: UTF-16LE)        : `ROUTEID' has value `S001910035S'
2025-12-17 14:42:11| 116.5|  0.0|INFORM|Attribute(64 bit real)             : `SHAPE.LEN' has value `0'
2025-12-17 14:42:11| 116.5|  0.0|INFORM|Attribute(64 bit real)             : `TOMEASURE' has value `148.2364'
2025-12-17 14:42:11| 116.5|  0.0|INFORM|Attribute(string; UTF-8)           : `fme_feature_type' has value `TDSOUT_SYSPLN.MFT_STATCOM1_2024'
2025-12-17 14:42:11| 116.5|  0.0|INFORM|Attribute(string: UTF-8)           : `fme_geometry' has value `fme_undefined'
2025-12-17 14:42:11| 116.5|  0.0|INFORM|Attribute(string; UTF-8)           : `fme_rejection_code' has value `INVALID_CANDIDATE_GEOMETRY_VERTICES'
2025-12-17 14:42:11| 116.5|  0.0|INFORM|Attribute(entangled: string: UTF-8): `fme_type' has value `fme_no_geom'
2025-12-17 14:42:11| 116.5|  0.0|INFORM|          entangled to geodb_type
2025-12-17 14:42:11| 116.5|  0.0|INFORM|Attribute(64 bit integer)          : `geodb_oid' has value `351'
2025-12-17 14:42:11| 116.5|  0.0|INFORM|Attribute(string: UTF-8)           : `geodb_type' has value `geodb_undefined'
2025-12-17 14:42:11| 116.5|  0.0|INFORM|Attribute(32 bit integer)          : `multi_reader_full_id' has value `8'
2025-12-17 14:42:11| 116.5|  0.0|INFORM|Attribute(32 bit integer)          : `multi_reader_id' has value `8'
2025-12-17 14:42:11| 116.5|  0.0|INFORM|Attribute(string: UTF-8)           : `multi_reader_keyword' has value `GEODATABASE_SDE_2'
2025-12-17 14:42:11| 116.5|  0.0|INFORM|Attribute(string: UTF-8)           : `multi_reader_type' has value `GEODATABASE_SDE'
2025-12-17 14:42:11| 116.5|  0.0|INFORM|Coordinate System: `UTM84-15N'
2025-12-17 14:42:11| 116.5|  0.0|INFORM|Geometry Type: Null
2025-12-17 14:42:11| 116.5|  0.0|INFORM|Coordinate Dimension: 2
2025-12-17 14:42:11| 116.5|  0.0|INFORM|===========================================================================
2025-12-17 14:42:11| 116.6|  0.1|INFORM|Logger: Feature is:
2025-12-17 14:42:11| 116.6|  0.0|INFORM|+++++++++++++++++++++++++++++++++++++++++++++++++++++++++++++++++++++++++++
2025-12-17 14:42:11| 116.6|  0.0|INFORM|Feature Type: `Logger_LOGGED'
2025-12-17 14:42:11| 116.6|  0.0|INFORM|Attribute(64 bit real)             : `AADT' has value `19700'
2025-12-17 14:42:11| 116.6|  0.0|INFORM|Attribute(64 bit integer)          : `AADT_YEAR' has value `2024'
2025-12-17 14:42:11| 116.6|  0.0|INFORM|Attribute(string: UTF-16LE)        : `DIRECTION' has value `S'
2025-12-17 14:42:11| 116.6|  0.0|INFORM|Attribute(64 bit real)             : `FROMMEASURE' has value `147.5698'
2025-12-17 14:42:11| 116.6|  0.0|INFORM|Attribute(string: UTF-16LE)        : `ID' has value `a3377a84-4a0e-43d2-ae6f-8dcb9a0d9b57'
2025-12-17 14:42:11| 116.6|  0.0|INFORM|Attribute(32 bit integer)          : `OBJECTID' has value `646'
2025-12-17 14:42:11| 116.6|  0.0|INFORM|Attribute(string: UTF-16LE)        : `ROUTEID' has value `S001910035S'
2025-12-17 14:42:11| 116.6|  0.0|INFORM|Attribute(64 bit real)             : `SHAPE.LEN' has value `0'
2025-12-17 14:42:11| 116.6|  0.0|INFORM|Attribute(64 bit real)             : `TOMEASURE' has value `147.5698'
2025-12-17 14:42:11| 116.6|  0.0|INFORM|Attribute(string; UTF-8)           : `fme_feature_type' has value `TDSOUT_SYSPLN.MFT_STATCOM1_2024'
2025-12-17 14:42:11| 116.6|  0.0|INFORM|Attribute(string: UTF-8)           : `fme_geometry' has value `fme_undefined'
2025-12-17 14:42:11| 116.6|  0.0|INFORM|Attribute(string; UTF-8)           : `fme_rejection_code' has value `INVALID_CANDIDATE_GEOMETRY_VERTICES'
2025-12-17 14:42:11| 116.6|  0.0|INFORM|Attribute(entangled: string: UTF-8): `fme_type' has value `fme_no_geom'
2025-12-17 14:42:11| 116.6|  0.0|INFORM|          entangled to geodb_type
2025-12-17 14:42:11| 116.6|  0.0|INFORM|Attribute(64 bit integer)          : `geodb_oid' has value `646'
2025-12-17 14:42:11| 116.6|  0.0|INFORM|Attribute(string: UTF-8)           : `geodb_type' has value `geodb_undefined'
2025-12-17 14:42:11| 116.6|  0.0|INFORM|Attribute(32 bit integer)          : `multi_reader_full_id' has value `8'
2025-12-17 14:42:11| 116.6|  0.0|INFORM|Attribute(32 bit integer)          : `multi_reader_id' has value `8'
2025-12-17 14:42:11| 116.6|  0.0|INFORM|Attribute(string: UTF-8)           : `multi_reader_keyword' has value `GEODATABASE_SDE_2'
2025-12-17 14:42:11| 116.6|  0.0|INFORM|Attribute(string: UTF-8)           : `multi_reader_type' has value `GEODATABASE_SDE'
2025-12-17 14:42:11| 116.6|  0.0|INFORM|Coordinate System: `UTM84-15N'
2025-12-17 14:42:11| 116.6|  0.0|INFORM|Geometry Type: Null
2025-12-17 14:42:11| 116.6|  0.0|INFORM|Coordinate Dimension: 2
2025-12-17 14:42:11| 116.6|  0.0|INFORM|===========================================================================
2025-12-17 14:42:11| 116.6|  0.0|INFORM|Logger: Feature is:
2025-12-17 14:42:11| 116.6|  0.0|INFORM|+++++++++++++++++++++++++++++++++++++++++++++++++++++++++++++++++++++++++++
2025-12-17 14:42:11| 116.6|  0.0|INFORM|Feature Type: `Logger_LOGGED'
2025-12-17 14:42:11| 116.6|  0.0|INFORM|Attribute(64 bit integer)          : `AADT' has value `8700'
2025-12-17 14:42:11| 116.6|  0.0|INFORM|Attribute(64 bit integer)          : `AADT_YEAR' has value `2024'
2025-12-17 14:42:11| 116.6|  0.0|INFORM|Attribute(string: UTF-16LE)        : `DIRECTION' has value `E'
2025-12-17 14:42:11| 116.6|  0.0|INFORM|Attribute(64 bit real)             : `FROMMEASURE' has value `0.8158'
2025-12-17 14:42:11| 116.6|  0.0|INFORM|Attribute(string: UTF-16LE)        : `ID' has value `455a789a-57b0-4fa8-a3ec-9638488cab87'
2025-12-17 14:42:11| 116.6|  0.0|INFORM|Attribute(32 bit integer)          : `OBJECTID' has value `687'
2025-12-17 14:42:11| 116.6|  0.0|INFORM|Attribute(string: UTF-16LE)        : `ROUTEID' has value `S001910080E6755'
2025-12-17 14:42:11| 116.6|  0.0|INFORM|Attribute(64 bit real)             : `SHAPE.LEN' has value `0'
2025-12-17 14:42:11| 116.6|  0.0|INFORM|Attribute(64 bit real)             : `TOMEASURE' has value `0.8158'
2025-12-17 14:42:11| 116.6|  0.0|INFORM|Attribute(string; UTF-8)           : `fme_feature_type' has value `TDSOUT_SYSPLN.MFT_STATCOM1_2024'
2025-12-17 14:42:11| 116.6|  0.0|INFORM|Attribute(string: UTF-8)           : `fme_geometry' has value `fme_undefined'
2025-12-17 14:42:11| 116.6|  0.0|INFORM|Attribute(string; UTF-8)           : `fme_rejection_code' has value `INVALID_CANDIDATE_GEOMETRY_VERTICES'
2025-12-17 14:42:11| 116.6|  0.0|INFORM|Attribute(entangled: string: UTF-8): `fme_type' has value `fme_no_geom'
2025-12-17 14:42:11| 116.6|  0.0|INFORM|          entangled to geodb_type
2025-12-17 14:42:11| 116.6|  0.0|INFORM|Attribute(64 bit integer)          : `geodb_oid' has value `687'
2025-12-17 14:42:11| 116.6|  0.0|INFORM|Attribute(string: UTF-8)           : `geodb_type' has value `geodb_undefined'
2025-12-17 14:42:11| 116.6|  0.0|INFORM|Attribute(32 bit integer)          : `multi_reader_full_id' has value `8'
2025-12-17 14:42:11| 116.6|  0.0|INFORM|Attribute(32 bit integer)          : `multi_reader_id' has value `8'
2025-12-17 14:42:11| 116.6|  0.0|INFORM|Attribute(string: UTF-8)           : `multi_reader_keyword' has value `GEODATABASE_SDE_2'
2025-12-17 14:42:11| 116.6|  0.0|INFORM|Attribute(string: UTF-8)           : `multi_reader_type' has value `GEODATABASE_SDE'
2025-12-17 14:42:11| 116.6|  0.0|INFORM|Coordinate System: `UTM84-15N'
2025-12-17 14:42:11| 116.6|  0.0|INFORM|Geometry Type: Null
2025-12-17 14:42:11| 116.6|  0.0|INFORM|Coordinate Dimension: 2
2025-12-17 14:42:11| 116.6|  0.0|INFORM|===========================================================================
2025-12-17 14:42:12| 116.7|  0.1|INFORM|Logger: Feature is:
2025-12-17 14:42:12| 116.7|  0.0|INFORM|+++++++++++++++++++++++++++++++++++++++++++++++++++++++++++++++++++++++++++
2025-12-17 14:42:12| 116.7|  0.0|INFORM|Feature Type: `Logger_LOGGED'
2025-12-17 14:42:12| 116.7|  0.0|INFORM|Attribute(64 bit real)             : `AADT' has value `17550'
2025-12-17 14:42:12| 116.7|  0.0|INFORM|Attribute(64 bit integer)          : `AADT_YEAR' has value `2024'
2025-12-17 14:42:12| 116.7|  0.0|INFORM|Attribute(string: UTF-16LE)        : `DIRECTION' has value `S'
2025-12-17 14:42:12| 116.7|  0.0|INFORM|Attribute(64 bit real)             : `FROMMEASURE' has value `0'
2025-12-17 14:42:12| 116.7|  0.0|INFORM|Attribute(string: UTF-16LE)        : `ID' has value `74e97ef5-2855-4ef2-989c-62efda641fca'
2025-12-17 14:42:12| 116.7|  0.0|INFORM|Attribute(32 bit integer)          : `OBJECTID' has value `1113'
2025-12-17 14:42:12| 116.7|  0.0|INFORM|Attribute(string: UTF-16LE)        : `ROUTEID' has value `S001910029S'
2025-12-17 14:42:12| 116.7|  0.0|INFORM|Attribute(64 bit real)             : `SHAPE.LEN' has value `0'
2025-12-17 14:42:12| 116.7|  0.0|INFORM|Attribute(64 bit real)             : `TOMEASURE' has value `0'
2025-12-17 14:42:12| 116.7|  0.0|INFORM|Attribute(string; UTF-8)           : `fme_feature_type' has value `TDSOUT_SYSPLN.MFT_STATCOM1_2024'
2025-12-17 14:42:12| 116.7|  0.0|INFORM|Attribute(string: UTF-8)           : `fme_geometry' has value `fme_undefined'
2025-12-17 14:42:12| 116.7|  0.0|INFORM|Attribute(string; UTF-8)           : `fme_rejection_code' has value `INVALID_CANDIDATE_GEOMETRY_VERTICES'
2025-12-17 14:42:12| 116.7|  0.0|INFORM|Attribute(entangled: string: UTF-8): `fme_type' has value `fme_no_geom'
2025-12-17 14:42:12| 116.7|  0.0|INFORM|          entangled to geodb_type
2025-12-17 14:42:12| 116.7|  0.0|INFORM|Attribute(64 bit integer)          : `geodb_oid' has value `1113'
2025-12-17 14:42:12| 116.7|  0.0|INFORM|Attribute(string: UTF-8)           : `geodb_type' has value `geodb_undefined'
2025-12-17 14:42:12| 116.7|  0.0|INFORM|Attribute(32 bit integer)          : `multi_reader_full_id' has value `8'
2025-12-17 14:42:12| 116.7|  0.0|INFORM|Attribute(32 bit integer)          : `multi_reader_id' has value `8'
2025-12-17 14:42:12| 116.7|  0.0|INFORM|Attribute(string: UTF-8)           : `multi_reader_keyword' has value `GEODATABASE_SDE_2'
2025-12-17 14:42:12| 116.7|  0.0|INFORM|Attribute(string: UTF-8)           : `multi_reader_type' has value `GEODATABASE_SDE'
2025-12-17 14:42:12| 116.7|  0.0|INFORM|Coordinate System: `UTM84-15N'
2025-12-17 14:42:12| 116.7|  0.0|INFORM|Geometry Type: Null
2025-12-17 14:42:12| 116.7|  0.0|INFORM|Coordinate Dimension: 2
2025-12-17 14:42:12| 116.7|  0.0|INFORM|===========================================================================
2025-12-17 14:42:12| 116.7|  0.0|INFORM|Logger: Feature is:
2025-12-17 14:42:12| 116.7|  0.0|INFORM|+++++++++++++++++++++++++++++++++++++++++++++++++++++++++++++++++++++++++++
2025-12-17 14:42:12| 116.7|  0.0|INFORM|Feature Type: `Logger_LOGGED'
2025-12-17 14:42:12| 116.7|  0.0|INFORM|Attribute(64 bit integer)          : `AADT' has value `240'
2025-12-17 14:42:12| 116.7|  0.0|INFORM|Attribute(64 bit integer)          : `AADT_YEAR' has value `2024'
2025-12-17 14:42:12| 116.7|  0.0|INFORM|Attribute(string: UTF-16LE)        : `DIRECTION' has value `W'
2025-12-17 14:42:12| 116.7|  0.0|INFORM|Attribute(64 bit real)             : `FROMMEASURE' has value `0.3514'
2025-12-17 14:42:12| 116.7|  0.0|INFORM|Attribute(string: UTF-16LE)        : `ID' has value `865601c9-09e2-4bbf-bdf7-a248de95f642'
2025-12-17 14:42:12| 116.7|  0.0|INFORM|Attribute(32 bit integer)          : `OBJECTID' has value `1004'
2025-12-17 14:42:12| 116.7|  0.0|INFORM|Attribute(string: UTF-16LE)        : `ROUTEID' has value `S001910080W6010'
2025-12-17 14:42:12| 116.7|  0.0|INFORM|Attribute(64 bit real)             : `SHAPE.LEN' has value `0'
2025-12-17 14:42:12| 116.7|  0.0|INFORM|Attribute(64 bit real)             : `TOMEASURE' has value `0.3514'
2025-12-17 14:42:12| 116.7|  0.0|INFORM|Attribute(string; UTF-8)           : `fme_feature_type' has value `TDSOUT_SYSPLN.MFT_STATCOM1_2024'
2025-12-17 14:42:12| 116.7|  0.0|INFORM|Attribute(string: UTF-8)           : `fme_geometry' has value `fme_undefined'
2025-12-17 14:42:12| 116.7|  0.0|INFORM|Attribute(string; UTF-8)           : `fme_rejection_code' has value `INVALID_CANDIDATE_GEOMETRY_VERTICES'
2025-12-17 14:42:12| 116.7|  0.0|INFORM|Attribute(entangled: string: UTF-8): `fme_type' has value `fme_no_geom'
2025-12-17 14:42:12| 116.7|  0.0|INFORM|          entangled to geodb_type
2025-12-17 14:42:12| 116.7|  0.0|INFORM|Attribute(64 bit integer)          : `geodb_oid' has value `1004'
2025-12-17 14:42:12| 116.7|  0.0|INFORM|Attribute(string: UTF-8)           : `geodb_type' has value `geodb_undefined'
2025-12-17 14:42:12| 116.7|  0.0|INFORM|Attribute(32 bit integer)          : `multi_reader_full_id' has value `8'
2025-12-17 14:42:12| 116.7|  0.0|INFORM|Attribute(32 bit integer)          : `multi_reader_id' has value `8'
2025-12-17 14:42:12| 116.7|  0.0|INFORM|Attribute(string: UTF-8)           : `multi_reader_keyword' has value `GEODATABASE_SDE_2'
2025-12-17 14:42:12| 116.7|  0.0|INFORM|Attribute(string: UTF-8)           : `multi_reader_type' has value `GEODATABASE_SDE'
2025-12-17 14:42:12| 116.7|  0.0|INFORM|Coordinate System: `UTM84-15N'
2025-12-17 14:42:12| 116.7|  0.0|INFORM|Geometry Type: Null
2025-12-17 14:42:12| 116.7|  0.0|INFORM|Coordinate Dimension: 2
2025-12-17 14:42:12| 116.7|  0.0|INFORM|===========================================================================
2025-12-17 14:42:12| 116.8|  0.1|INFORM|Logger: Feature is:
2025-12-17 14:42:12| 116.8|  0.0|INFORM|+++++++++++++++++++++++++++++++++++++++++++++++++++++++++++++++++++++++++++
2025-12-17 14:42:12| 116.8|  0.0|INFORM|Feature Type: `Logger_LOGGED'
2025-12-17 14:42:12| 116.8|  0.0|INFORM|Attribute(64 bit real)             : `AADT' has value `29750'
2025-12-17 14:42:12| 116.8|  0.0|INFORM|Attribute(64 bit integer)          : `AADT_YEAR' has value `2024'
2025-12-17 14:42:12| 116.8|  0.0|INFORM|Attribute(string: UTF-16LE)        : `DIRECTION' has value `S'
2025-12-17 14:42:12| 116.8|  0.0|INFORM|Attribute(64 bit real)             : `FROMMEASURE' has value `145.8308'
2025-12-17 14:42:12| 116.8|  0.0|INFORM|Attribute(string: UTF-16LE)        : `ID' has value `21eec9b5-4c8f-456b-bd24-ee301600ac36'
2025-12-17 14:42:12| 116.8|  0.0|INFORM|Attribute(32 bit integer)          : `OBJECTID' has value `1248'
2025-12-17 14:42:12| 116.8|  0.0|INFORM|Attribute(string: UTF-16LE)        : `ROUTEID' has value `S001910035S'
2025-12-17 14:42:12| 116.8|  0.0|INFORM|Attribute(64 bit real)             : `SHAPE.LEN' has value `0'
2025-12-17 14:42:12| 116.8|  0.0|INFORM|Attribute(64 bit real)             : `TOMEASURE' has value `145.8308'
2025-12-17 14:42:12| 116.8|  0.0|INFORM|Attribute(string; UTF-8)           : `fme_feature_type' has value `TDSOUT_SYSPLN.MFT_STATCOM1_2024'
2025-12-17 14:42:12| 116.8|  0.0|INFORM|Attribute(string: UTF-8)           : `fme_geometry' has value `fme_undefined'
2025-12-17 14:42:12| 116.8|  0.0|INFORM|Attribute(string; UTF-8)           : `fme_rejection_code' has value `INVALID_CANDIDATE_GEOMETRY_VERTICES'
2025-12-17 14:42:12| 116.8|  0.0|INFORM|Attribute(entangled: string: UTF-8): `fme_type' has value `fme_no_geom'
2025-12-17 14:42:12| 116.8|  0.0|INFORM|          entangled to geodb_type
2025-12-17 14:42:12| 116.8|  0.0|INFORM|Attribute(64 bit integer)          : `geodb_oid' has value `1248'
2025-12-17 14:42:12| 116.8|  0.0|INFORM|Attribute(string: UTF-8)           : `geodb_type' has value `geodb_undefined'
2025-12-17 14:42:12| 116.8|  0.0|INFORM|Attribute(32 bit integer)          : `multi_reader_full_id' has value `8'
2025-12-17 14:42:12| 116.8|  0.0|INFORM|Attribute(32 bit integer)          : `multi_reader_id' has value `8'
2025-12-17 14:42:12| 116.8|  0.0|INFORM|Attribute(string: UTF-8)           : `multi_reader_keyword' has value `GEODATABASE_SDE_2'
2025-12-17 14:42:12| 116.8|  0.0|INFORM|Attribute(string: UTF-8)           : `multi_reader_type' has value `GEODATABASE_SDE'
2025-12-17 14:42:12| 116.8|  0.0|INFORM|Coordinate System: `UTM84-15N'
2025-12-17 14:42:12| 116.8|  0.0|INFORM|Geometry Type: Null
2025-12-17 14:42:12| 116.8|  0.0|INFORM|Coordinate Dimension: 2
2025-12-17 14:42:12| 116.8|  0.0|INFORM|===========================================================================
2025-12-17 14:42:12| 116.8|  0.0|INFORM|Logger: Feature is:
2025-12-17 14:42:12| 116.8|  0.0|INFORM|+++++++++++++++++++++++++++++++++++++++++++++++++++++++++++++++++++++++++++
2025-12-17 14:42:12| 116.8|  0.0|INFORM|Feature Type: `Logger_LOGGED'
2025-12-17 14:42:12| 116.8|  0.0|INFORM|Attribute(64 bit integer)          : `AADT' has value `690'
2025-12-17 14:42:12| 116.8|  0.0|INFORM|Attribute(64 bit integer)          : `AADT_YEAR' has value `2024'
2025-12-17 14:42:12| 116.8|  0.0|INFORM|Attribute(string: UTF-16LE)        : `DIRECTION' has value `E'
2025-12-17 14:42:12| 116.8|  0.0|INFORM|Attribute(64 bit real)             : `FROMMEASURE' has value `0.3134'
2025-12-17 14:42:12| 116.8|  0.0|INFORM|Attribute(string: UTF-16LE)        : `ID' has value `328a96c3-6eb8-4c7f-88db-79bc14ca1a4d'
2025-12-17 14:42:12| 116.8|  0.0|INFORM|Attribute(32 bit integer)          : `OBJECTID' has value `1290'
2025-12-17 14:42:12| 116.8|  0.0|INFORM|Attribute(string: UTF-16LE)        : `ROUTEID' has value `S001910080E6100'
2025-12-17 14:42:12| 116.8|  0.0|INFORM|Attribute(64 bit real)             : `SHAPE.LEN' has value `0'
2025-12-17 14:42:12| 116.8|  0.0|INFORM|Attribute(64 bit real)             : `TOMEASURE' has value `0.3134'
2025-12-17 14:42:12| 116.8|  0.0|INFORM|Attribute(string; UTF-8)           : `fme_feature_type' has value `TDSOUT_SYSPLN.MFT_STATCOM1_2024'
2025-12-17 14:42:12| 116.8|  0.0|INFORM|Attribute(string: UTF-8)           : `fme_geometry' has value `fme_undefined'
2025-12-17 14:42:12| 116.8|  0.0|INFORM|Attribute(string; UTF-8)           : `fme_rejection_code' has value `INVALID_CANDIDATE_GEOMETRY_VERTICES'
2025-12-17 14:42:12| 116.8|  0.0|INFORM|Attribute(entangled: string: UTF-8): `fme_type' has value `fme_no_geom'
2025-12-17 14:42:12| 116.8|  0.0|INFORM|          entangled to geodb_type
2025-12-17 14:42:12| 116.8|  0.0|INFORM|Attribute(64 bit integer)          : `geodb_oid' has value `1290'
2025-12-17 14:42:12| 116.8|  0.0|INFORM|Attribute(string: UTF-8)           : `geodb_type' has value `geodb_undefined'
2025-12-17 14:42:12| 116.8|  0.0|INFORM|Attribute(32 bit integer)          : `multi_reader_full_id' has value `8'
2025-12-17 14:42:12| 116.8|  0.0|INFORM|Attribute(32 bit integer)          : `multi_reader_id' has value `8'
2025-12-17 14:42:12| 116.8|  0.0|INFORM|Attribute(string: UTF-8)           : `multi_reader_keyword' has value `GEODATABASE_SDE_2'
2025-12-17 14:42:12| 116.8|  0.0|INFORM|Attribute(string: UTF-8)           : `multi_reader_type' has value `GEODATABASE_SDE'
2025-12-17 14:42:12| 116.8|  0.0|INFORM|Coordinate System: `UTM84-15N'
2025-12-17 14:42:12| 116.8|  0.0|INFORM|Geometry Type: Null
2025-12-17 14:42:12| 116.8|  0.0|INFORM|Coordinate Dimension: 2
2025-12-17 14:42:12| 116.8|  0.0|INFORM|===========================================================================
2025-12-17 14:42:12| 116.8|  0.0|INFORM|Logger: Feature is:
2025-12-17 14:42:12| 116.8|  0.0|INFORM|+++++++++++++++++++++++++++++++++++++++++++++++++++++++++++++++++++++++++++
2025-12-17 14:42:12| 116.8|  0.0|INFORM|Feature Type: `Logger_LOGGED'
2025-12-17 14:42:12| 116.8|  0.0|INFORM|Attribute(64 bit real)             : `AADT' has value `7700'
2025-12-17 14:42:12| 116.8|  0.0|INFORM|Attribute(64 bit integer)          : `AADT_YEAR' has value `2024'
2025-12-17 14:42:12| 116.8|  0.0|INFORM|Attribute(string: UTF-16LE)        : `DIRECTION' is <null>
2025-12-17 14:42:12| 116.8|  0.0|INFORM|Attribute(64 bit real)             : `FROMMEASURE' has value `0'
2025-12-17 14:42:12| 116.8|  0.0|INFORM|Attribute(string: UTF-16LE)        : `ID' has value `f5bb3ebb-a8b1-49d3-a32b-3e3543b478b0'
2025-12-17 14:42:12| 116.8|  0.0|INFORM|Attribute(32 bit integer)          : `OBJECTID' has value `1511'
2025-12-17 14:42:12| 116.8|  0.0|INFORM|Attribute(string: UTF-16LE)        : `ROUTEID' has value `S001919935N'
2025-12-17 14:42:12| 116.8|  0.0|INFORM|Attribute(64 bit real)             : `SHAPE.LEN' has value `0'
2025-12-17 14:42:12| 116.8|  0.0|INFORM|Attribute(64 bit real)             : `TOMEASURE' has value `1.6167'
2025-12-17 14:42:12| 116.8|  0.0|INFORM|Attribute(string; UTF-8)           : `fme_feature_type' has value `TDSOUT_SYSPLN.MFT_STATCOM1_2024'
2025-12-17 14:42:12| 116.8|  0.0|INFORM|Attribute(string: UTF-8)           : `fme_geometry' has value `fme_undefined'
2025-12-17 14:42:12| 116.8|  0.0|INFORM|Attribute(string; UTF-8)           : `fme_rejection_code' has value `INVALID_CANDIDATE_GEOMETRY_VERTICES'
2025-12-17 14:42:12| 116.8|  0.0|INFORM|Attribute(entangled: string: UTF-8): `fme_type' has value `fme_no_geom'
2025-12-17 14:42:12| 116.8|  0.0|INFORM|          entangled to geodb_type
2025-12-17 14:42:12| 116.8|  0.0|INFORM|Attribute(64 bit integer)          : `geodb_oid' has value `1511'
2025-12-17 14:42:12| 116.8|  0.0|INFORM|Attribute(string: UTF-8)           : `geodb_type' has value `geodb_undefined'
2025-12-17 14:42:12| 116.8|  0.0|INFORM|Attribute(32 bit integer)          : `multi_reader_full_id' has value `8'
2025-12-17 14:42:12| 116.8|  0.0|INFORM|Attribute(32 bit integer)          : `multi_reader_id' has value `8'
2025-12-17 14:42:12| 116.8|  0.0|INFORM|Attribute(string: UTF-8)           : `multi_reader_keyword' has value `GEODATABASE_SDE_2'
2025-12-17 14:42:12| 116.8|  0.0|INFORM|Attribute(string: UTF-8)           : `multi_reader_type' has value `GEODATABASE_SDE'
2025-12-17 14:42:12| 116.8|  0.0|INFORM|Coordinate System: `UTM84-15N'
2025-12-17 14:42:12| 116.8|  0.0|INFORM|Geometry Type: Null
2025-12-17 14:42:12| 116.8|  0.0|INFORM|Coordinate Dimension: 2
2025-12-17 14:42:12| 116.8|  0.0|INFORM|===========================================================================
2025-12-17 14:42:12| 117.0|  0.2|INFORM|Logger: Feature is:
2025-12-17 14:42:12| 117.0|  0.0|INFORM|+++++++++++++++++++++++++++++++++++++++++++++++++++++++++++++++++++++++++++
2025-12-17 14:42:12| 117.0|  0.0|INFORM|Feature Type: `Logger_LOGGED'
2025-12-17 14:42:12| 117.0|  0.0|INFORM|Attribute(64 bit real)             : `AADT' has value `16450'
2025-12-17 14:42:12| 117.0|  0.0|INFORM|Attribute(64 bit integer)          : `AADT_YEAR' has value `2024'
2025-12-17 14:42:12| 117.0|  0.0|INFORM|Attribute(string: UTF-16LE)        : `DIRECTION' has value `S'
2025-12-17 14:42:12| 117.0|  0.0|INFORM|Attribute(64 bit real)             : `FROMMEASURE' has value `105.3134'
2025-12-17 14:42:12| 117.0|  0.0|INFORM|Attribute(string: UTF-16LE)        : `ID' has value `445f8ba2-9afd-4e4e-880b-a6ba459ae031'
2025-12-17 14:42:12| 117.0|  0.0|INFORM|Attribute(32 bit integer)          : `OBJECTID' has value `1720'
2025-12-17 14:42:12| 117.0|  0.0|INFORM|Attribute(string: UTF-16LE)        : `ROUTEID' has value `S001910035S'
2025-12-17 14:42:12| 117.0|  0.0|INFORM|Attribute(64 bit real)             : `SHAPE.LEN' has value `0'
2025-12-17 14:42:12| 117.0|  0.0|INFORM|Attribute(64 bit real)             : `TOMEASURE' has value `105.3134'
2025-12-17 14:42:12| 117.0|  0.0|INFORM|Attribute(string; UTF-8)           : `fme_feature_type' has value `TDSOUT_SYSPLN.MFT_STATCOM1_2024'
2025-12-17 14:42:12| 117.0|  0.0|INFORM|Attribute(string: UTF-8)           : `fme_geometry' has value `fme_undefined'
2025-12-17 14:42:12| 117.0|  0.0|INFORM|Attribute(string; UTF-8)           : `fme_rejection_code' has value `INVALID_CANDIDATE_GEOMETRY_VERTICES'
2025-12-17 14:42:12| 117.0|  0.0|INFORM|Attribute(entangled: string: UTF-8): `fme_type' has value `fme_no_geom'
2025-12-17 14:42:12| 117.0|  0.0|INFORM|          entangled to geodb_type
2025-12-17 14:42:12| 117.0|  0.0|INFORM|Attribute(64 bit integer)          : `geodb_oid' has value `1720'
2025-12-17 14:42:12| 117.0|  0.0|INFORM|Attribute(string: UTF-8)           : `geodb_type' has value `geodb_undefined'
2025-12-17 14:42:12| 117.0|  0.0|INFORM|Attribute(32 bit integer)          : `multi_reader_full_id' has value `8'
2025-12-17 14:42:12| 117.0|  0.0|INFORM|Attribute(32 bit integer)          : `multi_reader_id' has value `8'
2025-12-17 14:42:12| 117.0|  0.0|INFORM|Attribute(string: UTF-8)           : `multi_reader_keyword' has value `GEODATABASE_SDE_2'
2025-12-17 14:42:12| 117.0|  0.0|INFORM|Attribute(string: UTF-8)           : `multi_reader_type' has value `GEODATABASE_SDE'
2025-12-17 14:42:12| 117.0|  0.0|INFORM|Coordinate System: `UTM84-15N'
2025-12-17 14:42:12| 117.0|  0.0|INFORM|Geometry Type: Null
2025-12-17 14:42:12| 117.0|  0.0|INFORM|Coordinate Dimension: 2
2025-12-17 14:42:12| 117.0|  0.0|INFORM|===========================================================================
2025-12-17 14:42:12| 117.0|  0.0|INFORM|Logger: Feature is:
2025-12-17 14:42:12| 117.0|  0.0|INFORM|+++++++++++++++++++++++++++++++++++++++++++++++++++++++++++++++++++++++++++
2025-12-17 14:42:12| 117.0|  0.0|INFORM|Feature Type: `Logger_LOGGED'
2025-12-17 14:42:12| 117.0|  0.0|INFORM|Attribute(64 bit real)             : `AADT' has value `13350'
2025-12-17 14:42:12| 117.0|  0.0|INFORM|Attribute(64 bit integer)          : `AADT_YEAR' has value `2024'
2025-12-17 14:42:12| 117.0|  0.0|INFORM|Attribute(string: UTF-16LE)        : `DIRECTION' has value `W'
2025-12-17 14:42:12| 117.0|  0.0|INFORM|Attribute(64 bit real)             : `FROMMEASURE' has value `114.7209'
2025-12-17 14:42:12| 117.0|  0.0|INFORM|Attribute(string: UTF-16LE)        : `ID' has value `f0bbee9f-f0df-4cbd-b05a-4b13be42b9b7'
2025-12-17 14:42:12| 117.0|  0.0|INFORM|Attribute(32 bit integer)          : `OBJECTID' has value `1882'
2025-12-17 14:42:12| 117.0|  0.0|INFORM|Attribute(string: UTF-16LE)        : `ROUTEID' has value `S001910080W'
2025-12-17 14:42:12| 117.0|  0.0|INFORM|Attribute(64 bit real)             : `SHAPE.LEN' has value `0'
2025-12-17 14:42:12| 117.0|  0.0|INFORM|Attribute(64 bit real)             : `TOMEASURE' has value `114.7209'
2025-12-17 14:42:12| 117.0|  0.0|INFORM|Attribute(string; UTF-8)           : `fme_feature_type' has value `TDSOUT_SYSPLN.MFT_STATCOM1_2024'
2025-12-17 14:42:12| 117.0|  0.0|INFORM|Attribute(string: UTF-8)           : `fme_geometry' has value `fme_undefined'
2025-12-17 14:42:12| 117.0|  0.0|INFORM|Attribute(string; UTF-8)           : `fme_rejection_code' has value `INVALID_CANDIDATE_GEOMETRY_VERTICES'
2025-12-17 14:42:12| 117.0|  0.0|INFORM|Attribute(entangled: string: UTF-8): `fme_type' has value `fme_no_geom'
2025-12-17 14:42:12| 117.0|  0.0|INFORM|          entangled to geodb_type
2025-12-17 14:42:12| 117.0|  0.0|INFORM|Attribute(64 bit integer)          : `geodb_oid' has value `1882'
2025-12-17 14:42:12| 117.0|  0.0|INFORM|Attribute(string: UTF-8)           : `geodb_type' has value `geodb_undefined'
2025-12-17 14:42:12| 117.0|  0.0|INFORM|Attribute(32 bit integer)          : `multi_reader_full_id' has value `8'
2025-12-17 14:42:12| 117.0|  0.0|INFORM|Attribute(32 bit integer)          : `multi_reader_id' has value `8'
2025-12-17 14:42:12| 117.0|  0.0|INFORM|Attribute(string: UTF-8)           : `multi_reader_keyword' has value `GEODATABASE_SDE_2'
2025-12-17 14:42:12| 117.0|  0.0|INFORM|Attribute(string: UTF-8)           : `multi_reader_type' has value `GEODATABASE_SDE'
2025-12-17 14:42:12| 117.0|  0.0|INFORM|Coordinate System: `UTM84-15N'
2025-12-17 14:42:12| 117.0|  0.0|INFORM|Geometry Type: Null
2025-12-17 14:42:12| 117.0|  0.0|INFORM|Coordinate Dimension: 2
2025-12-17 14:42:12| 117.0|  0.0|INFORM|===========================================================================
2025-12-17 14:42:12| 117.1|  0.1|INFORM|Logger: Feature is:
2025-12-17 14:42:12| 117.1|  0.0|INFORM|+++++++++++++++++++++++++++++++++++++++++++++++++++++++++++++++++++++++++++
2025-12-17 14:42:12| 117.1|  0.0|INFORM|Feature Type: `Logger_LOGGED'
2025-12-17 14:42:12| 117.1|  0.0|INFORM|Attribute(64 bit real)             : `AADT' has value `5350'
2025-12-17 14:42:12| 117.1|  0.0|INFORM|Attribute(64 bit integer)          : `AADT_YEAR' has value `2024'
2025-12-17 14:42:12| 117.1|  0.0|INFORM|Attribute(string: UTF-16LE)        : `DIRECTION' has value `W'
2025-12-17 14:42:12| 117.1|  0.0|INFORM|Attribute(64 bit real)             : `FROMMEASURE' has value `0'
2025-12-17 14:42:12| 117.1|  0.0|INFORM|Attribute(string: UTF-16LE)        : `ID' has value `85e9dbfc-64be-47b6-87a1-ec8cc225e537'
2025-12-17 14:42:12| 117.1|  0.0|INFORM|Attribute(32 bit integer)          : `OBJECTID' has value `2083'
2025-12-17 14:42:12| 117.1|  0.0|INFORM|Attribute(string: UTF-16LE)        : `ROUTEID' has value `S001910129W'
2025-12-17 14:42:12| 117.1|  0.0|INFORM|Attribute(64 bit real)             : `SHAPE.LEN' has value `0'
2025-12-17 14:42:12| 117.1|  0.0|INFORM|Attribute(64 bit real)             : `TOMEASURE' has value `0'
2025-12-17 14:42:12| 117.1|  0.0|INFORM|Attribute(string; UTF-8)           : `fme_feature_type' has value `TDSOUT_SYSPLN.MFT_STATCOM1_2024'
2025-12-17 14:42:12| 117.1|  0.0|INFORM|Attribute(string: UTF-8)           : `fme_geometry' has value `fme_undefined'
2025-12-17 14:42:12| 117.1|  0.0|INFORM|Attribute(string; UTF-8)           : `fme_rejection_code' has value `INVALID_CANDIDATE_GEOMETRY_VERTICES'
2025-12-17 14:42:12| 117.1|  0.0|INFORM|Attribute(entangled: string: UTF-8): `fme_type' has value `fme_no_geom'
2025-12-17 14:42:12| 117.1|  0.0|INFORM|          entangled to geodb_type
2025-12-17 14:42:12| 117.1|  0.0|INFORM|Attribute(64 bit integer)          : `geodb_oid' has value `2083'
2025-12-17 14:42:12| 117.1|  0.0|INFORM|Attribute(string: UTF-8)           : `geodb_type' has value `geodb_undefined'
2025-12-17 14:42:12| 117.1|  0.0|INFORM|Attribute(32 bit integer)          : `multi_reader_full_id' has value `8'
2025-12-17 14:42:12| 117.1|  0.0|INFORM|Attribute(32 bit integer)          : `multi_reader_id' has value `8'
2025-12-17 14:42:12| 117.1|  0.0|INFORM|Attribute(string: UTF-8)           : `multi_reader_keyword' has value `GEODATABASE_SDE_2'
2025-12-17 14:42:12| 117.1|  0.0|INFORM|Attribute(string: UTF-8)           : `multi_reader_type' has value `GEODATABASE_SDE'
2025-12-17 14:42:12| 117.1|  0.0|INFORM|Coordinate System: `UTM84-15N'
2025-12-17 14:42:12| 117.1|  0.0|INFORM|Geometry Type: Null
2025-12-17 14:42:12| 117.1|  0.0|INFORM|Coordinate Dimension: 2
2025-12-17 14:42:12| 117.1|  0.0|INFORM|===========================================================================
2025-12-17 14:42:13| 117.2|  0.1|INFORM|Logger: Feature is:
2025-12-17 14:42:13| 117.2|  0.0|INFORM|+++++++++++++++++++++++++++++++++++++++++++++++++++++++++++++++++++++++++++
2025-12-17 14:42:13| 117.2|  0.0|INFORM|Feature Type: `Logger_LOGGED'
2025-12-17 14:42:13| 117.2|  0.0|INFORM|Attribute(64 bit integer)          : `AADT' has value `90'
2025-12-17 14:42:13| 117.2|  0.0|INFORM|Attribute(64 bit integer)          : `AADT_YEAR' has value `2024'
2025-12-17 14:42:13| 117.2|  0.0|INFORM|Attribute(string: UTF-16LE)        : `DIRECTION' has value `E'
2025-12-17 14:42:13| 117.2|  0.0|INFORM|Attribute(64 bit real)             : `FROMMEASURE' has value `0.348'
2025-12-17 14:42:13| 117.2|  0.0|INFORM|Attribute(string: UTF-16LE)        : `ID' has value `ffa9073d-945a-4a07-b485-9e6eeb77e60a'
2025-12-17 14:42:13| 117.2|  0.0|INFORM|Attribute(32 bit integer)          : `OBJECTID' has value `3507'
2025-12-17 14:42:13| 117.2|  0.0|INFORM|Attribute(string: UTF-16LE)        : `ROUTEID' has value `S001910080E5750'
2025-12-17 14:42:13| 117.2|  0.0|INFORM|Attribute(64 bit real)             : `SHAPE.LEN' has value `0'
2025-12-17 14:42:13| 117.2|  0.0|INFORM|Attribute(64 bit real)             : `TOMEASURE' has value `0.348'
2025-12-17 14:42:13| 117.2|  0.0|INFORM|Attribute(string; UTF-8)           : `fme_feature_type' has value `TDSOUT_SYSPLN.MFT_STATCOM1_2024'
2025-12-17 14:42:13| 117.2|  0.0|INFORM|Attribute(string: UTF-8)           : `fme_geometry' has value `fme_undefined'
2025-12-17 14:42:13| 117.2|  0.0|INFORM|Attribute(string; UTF-8)           : `fme_rejection_code' has value `INVALID_CANDIDATE_GEOMETRY_VERTICES'
2025-12-17 14:42:13| 117.2|  0.0|INFORM|Attribute(entangled: string: UTF-8): `fme_type' has value `fme_no_geom'
2025-12-17 14:42:13| 117.2|  0.0|INFORM|          entangled to geodb_type
2025-12-17 14:42:13| 117.2|  0.0|INFORM|Attribute(64 bit integer)          : `geodb_oid' has value `3507'
2025-12-17 14:42:13| 117.2|  0.0|INFORM|Attribute(string: UTF-8)           : `geodb_type' has value `geodb_undefined'
2025-12-17 14:42:13| 117.2|  0.0|INFORM|Attribute(32 bit integer)          : `multi_reader_full_id' has value `8'
2025-12-17 14:42:13| 117.2|  0.0|INFORM|Attribute(32 bit integer)          : `multi_reader_id' has value `8'
2025-12-17 14:42:13| 117.2|  0.0|INFORM|Attribute(string: UTF-8)           : `multi_reader_keyword' has value `GEODATABASE_SDE_2'
2025-12-17 14:42:13| 117.2|  0.0|INFORM|Attribute(string: UTF-8)           : `multi_reader_type' has value `GEODATABASE_SDE'
2025-12-17 14:42:13| 117.2|  0.0|INFORM|Coordinate System: `UTM84-15N'
2025-12-17 14:42:13| 117.2|  0.0|INFORM|Geometry Type: Null
2025-12-17 14:42:13| 117.2|  0.0|INFORM|Coordinate Dimension: 2
2025-12-17 14:42:13| 117.2|  0.0|INFORM|===========================================================================
2025-12-17 14:42:13| 117.3|  0.1|INFORM|Logger: Feature is:
2025-12-17 14:42:13| 117.3|  0.0|INFORM|+++++++++++++++++++++++++++++++++++++++++++++++++++++++++++++++++++++++++++
2025-12-17 14:42:13| 117.3|  0.0|INFORM|Feature Type: `Logger_LOGGED'
2025-12-17 14:42:13| 117.3|  0.0|INFORM|Attribute(64 bit integer)          : `AADT' has value `1200'
2025-12-17 14:42:13| 117.3|  0.0|INFORM|Attribute(64 bit integer)          : `AADT_YEAR' has value `2024'
2025-12-17 14:42:13| 117.3|  0.0|INFORM|Attribute(string: UTF-16LE)        : `DIRECTION' has value `E'
2025-12-17 14:42:13| 117.3|  0.0|INFORM|Attribute(64 bit real)             : `FROMMEASURE' has value `0.3762'
2025-12-17 14:42:13| 117.3|  0.0|INFORM|Attribute(string: UTF-16LE)        : `ID' has value `7a81b52f-eed3-4eaf-83cd-f73af9c64e90'
2025-12-17 14:42:13| 117.3|  0.0|INFORM|Attribute(32 bit integer)          : `OBJECTID' has value `2669'
2025-12-17 14:42:13| 117.3|  0.0|INFORM|Attribute(string: UTF-16LE)        : `ROUTEID' has value `S001910080E6900'
2025-12-17 14:42:13| 117.3|  0.0|INFORM|Attribute(64 bit real)             : `SHAPE.LEN' has value `0'
2025-12-17 14:42:13| 117.3|  0.0|INFORM|Attribute(64 bit real)             : `TOMEASURE' has value `0.3762'
2025-12-17 14:42:13| 117.3|  0.0|INFORM|Attribute(string; UTF-8)           : `fme_feature_type' has value `TDSOUT_SYSPLN.MFT_STATCOM1_2024'
2025-12-17 14:42:13| 117.3|  0.0|INFORM|Attribute(string: UTF-8)           : `fme_geometry' has value `fme_undefined'
2025-12-17 14:42:13| 117.3|  0.0|INFORM|Attribute(string; UTF-8)           : `fme_rejection_code' has value `INVALID_CANDIDATE_GEOMETRY_VERTICES'
2025-12-17 14:42:13| 117.3|  0.0|INFORM|Attribute(entangled: string: UTF-8): `fme_type' has value `fme_no_geom'
2025-12-17 14:42:13| 117.3|  0.0|INFORM|          entangled to geodb_type
2025-12-17 14:42:13| 117.3|  0.0|INFORM|Attribute(64 bit integer)          : `geodb_oid' has value `2669'
2025-12-17 14:42:13| 117.3|  0.0|INFORM|Attribute(string: UTF-8)           : `geodb_type' has value `geodb_undefined'
2025-12-17 14:42:13| 117.3|  0.0|INFORM|Attribute(32 bit integer)          : `multi_reader_full_id' has value `8'
2025-12-17 14:42:13| 117.3|  0.0|INFORM|Attribute(32 bit integer)          : `multi_reader_id' has value `8'
2025-12-17 14:42:13| 117.3|  0.0|INFORM|Attribute(string: UTF-8)           : `multi_reader_keyword' has value `GEODATABASE_SDE_2'
2025-12-17 14:42:13| 117.3|  0.0|INFORM|Attribute(string: UTF-8)           : `multi_reader_type' has value `GEODATABASE_SDE'
2025-12-17 14:42:13| 117.3|  0.0|INFORM|Coordinate System: `UTM84-15N'
2025-12-17 14:42:13| 117.3|  0.0|INFORM|Geometry Type: Null
2025-12-17 14:42:13| 117.3|  0.0|INFORM|Coordinate Dimension: 2
2025-12-17 14:42:13| 117.3|  0.0|INFORM|===========================================================================
2025-12-17 14:42:13| 117.4|  0.1|INFORM|Logger: Feature is:
2025-12-17 14:42:13| 117.4|  0.0|INFORM|+++++++++++++++++++++++++++++++++++++++++++++++++++++++++++++++++++++++++++
2025-12-17 14:42:13| 117.4|  0.0|INFORM|Feature Type: `Logger_LOGGED'
2025-12-17 14:42:13| 117.4|  0.0|INFORM|Attribute(64 bit real)             : `AADT' has value `27650'
2025-12-17 14:42:13| 117.4|  0.0|INFORM|Attribute(64 bit integer)          : `AADT_YEAR' has value `2024'
2025-12-17 14:42:13| 117.4|  0.0|INFORM|Attribute(string: UTF-16LE)        : `DIRECTION' has value `S'
2025-12-17 14:42:13| 117.4|  0.0|INFORM|Attribute(64 bit real)             : `FROMMEASURE' has value `147.4985'
2025-12-17 14:42:13| 117.4|  0.0|INFORM|Attribute(string: UTF-16LE)        : `ID' has value `94dcce90-6723-469a-b304-e686f73d6e73'
2025-12-17 14:42:13| 117.4|  0.0|INFORM|Attribute(32 bit integer)          : `OBJECTID' has value `3488'
2025-12-17 14:42:13| 117.4|  0.0|INFORM|Attribute(string: UTF-16LE)        : `ROUTEID' has value `S001910035S'
2025-12-17 14:42:13| 117.4|  0.0|INFORM|Attribute(64 bit real)             : `SHAPE.LEN' has value `0'
2025-12-17 14:42:13| 117.4|  0.0|INFORM|Attribute(64 bit real)             : `TOMEASURE' has value `147.4985'
2025-12-17 14:42:13| 117.4|  0.0|INFORM|Attribute(string; UTF-8)           : `fme_feature_type' has value `TDSOUT_SYSPLN.MFT_STATCOM1_2024'
2025-12-17 14:42:13| 117.4|  0.0|INFORM|Attribute(string: UTF-8)           : `fme_geometry' has value `fme_undefined'
2025-12-17 14:42:13| 117.4|  0.0|INFORM|Attribute(string; UTF-8)           : `fme_rejection_code' has value `INVALID_CANDIDATE_GEOMETRY_VERTICES'
2025-12-17 14:42:13| 117.4|  0.0|INFORM|Attribute(entangled: string: UTF-8): `fme_type' has value `fme_no_geom'
2025-12-17 14:42:13| 117.4|  0.0|INFORM|          entangled to geodb_type
2025-12-17 14:42:13| 117.4|  0.0|INFORM|Attribute(64 bit integer)          : `geodb_oid' has value `3488'
2025-12-17 14:42:13| 117.4|  0.0|INFORM|Attribute(string: UTF-8)           : `geodb_type' has value `geodb_undefined'
2025-12-17 14:42:13| 117.4|  0.0|INFORM|Attribute(32 bit integer)          : `multi_reader_full_id' has value `8'
2025-12-17 14:42:13| 117.4|  0.0|INFORM|Attribute(32 bit integer)          : `multi_reader_id' has value `8'
2025-12-17 14:42:13| 117.4|  0.0|INFORM|Attribute(string: UTF-8)           : `multi_reader_keyword' has value `GEODATABASE_SDE_2'
2025-12-17 14:42:13| 117.4|  0.0|INFORM|Attribute(string: UTF-8)           : `multi_reader_type' has value `GEODATABASE_SDE'
2025-12-17 14:42:13| 117.4|  0.0|INFORM|Coordinate System: `UTM84-15N'
2025-12-17 14:42:13| 117.4|  0.0|INFORM|Geometry Type: Null
2025-12-17 14:42:13| 117.4|  0.0|INFORM|Coordinate Dimension: 2
2025-12-17 14:42:13| 117.4|  0.0|INFORM|===========================================================================
2025-12-17 14:42:13| 117.5|  0.1|INFORM|Logger: Feature is:
2025-12-17 14:42:13| 117.5|  0.0|INFORM|+++++++++++++++++++++++++++++++++++++++++++++++++++++++++++++++++++++++++++
2025-12-17 14:42:13| 117.5|  0.0|INFORM|Feature Type: `Logger_LOGGED'
2025-12-17 14:42:13| 117.5|  0.0|INFORM|Attribute(64 bit integer)          : `AADT' has value `1130'
2025-12-17 14:42:13| 117.5|  0.0|INFORM|Attribute(64 bit integer)          : `AADT_YEAR' has value `2024'
2025-12-17 14:42:13| 117.5|  0.0|INFORM|Attribute(string: UTF-16LE)        : `DIRECTION' has value `E'
2025-12-17 14:42:13| 117.5|  0.0|INFORM|Attribute(64 bit real)             : `FROMMEASURE' has value `0.0145'
2025-12-17 14:42:13| 117.5|  0.0|INFORM|Attribute(string: UTF-16LE)        : `ID' has value `93be45b5-3dcb-4f0b-a3a1-58cdefa2108d'
2025-12-17 14:42:13| 117.5|  0.0|INFORM|Attribute(32 bit integer)          : `OBJECTID' has value `3296'
2025-12-17 14:42:13| 117.5|  0.0|INFORM|Attribute(string: UTF-16LE)        : `ROUTEID' has value `S001910080E7750'
2025-12-17 14:42:13| 117.5|  0.0|INFORM|Attribute(64 bit real)             : `SHAPE.LEN' has value `0'
2025-12-17 14:42:13| 117.5|  0.0|INFORM|Attribute(64 bit real)             : `TOMEASURE' has value `0.0145'
2025-12-17 14:42:13| 117.5|  0.0|INFORM|Attribute(string; UTF-8)           : `fme_feature_type' has value `TDSOUT_SYSPLN.MFT_STATCOM1_2024'
2025-12-17 14:42:13| 117.5|  0.0|INFORM|Attribute(string: UTF-8)           : `fme_geometry' has value `fme_undefined'
2025-12-17 14:42:13| 117.5|  0.0|INFORM|Attribute(string; UTF-8)           : `fme_rejection_code' has value `INVALID_CANDIDATE_GEOMETRY_VERTICES'
2025-12-17 14:42:13| 117.5|  0.0|INFORM|Attribute(entangled: string: UTF-8): `fme_type' has value `fme_no_geom'
2025-12-17 14:42:13| 117.5|  0.0|INFORM|          entangled to geodb_type
2025-12-17 14:42:13| 117.5|  0.0|INFORM|Attribute(64 bit integer)          : `geodb_oid' has value `3296'
2025-12-17 14:42:13| 117.5|  0.0|INFORM|Attribute(string: UTF-8)           : `geodb_type' has value `geodb_undefined'
2025-12-17 14:42:13| 117.5|  0.0|INFORM|Attribute(32 bit integer)          : `multi_reader_full_id' has value `8'
2025-12-17 14:42:13| 117.5|  0.0|INFORM|Attribute(32 bit integer)          : `multi_reader_id' has value `8'
2025-12-17 14:42:13| 117.5|  0.0|INFORM|Attribute(string: UTF-8)           : `multi_reader_keyword' has value `GEODATABASE_SDE_2'
2025-12-17 14:42:13| 117.5|  0.0|INFORM|Attribute(string: UTF-8)           : `multi_reader_type' has value `GEODATABASE_SDE'
2025-12-17 14:42:13| 117.5|  0.0|INFORM|Coordinate System: `UTM84-15N'
2025-12-17 14:42:13| 117.5|  0.0|INFORM|Geometry Type: Null
2025-12-17 14:42:13| 117.5|  0.0|INFORM|Coordinate Dimension: 2
2025-12-17 14:42:13| 117.5|  0.0|INFORM|===========================================================================
2025-12-17 14:42:13| 117.5|  0.0|INFORM|Logger: Feature is:
2025-12-17 14:42:13| 117.5|  0.0|INFORM|+++++++++++++++++++++++++++++++++++++++++++++++++++++++++++++++++++++++++++
2025-12-17 14:42:13| 117.5|  0.0|INFORM|Feature Type: `Logger_LOGGED'
2025-12-17 14:42:13| 117.5|  0.0|INFORM|Attribute(64 bit real)             : `AADT' has value `53650'
2025-12-17 14:42:13| 117.5|  0.0|INFORM|Attribute(64 bit integer)          : `AADT_YEAR' has value `2024'
2025-12-17 14:42:13| 117.5|  0.0|INFORM|Attribute(string: UTF-16LE)        : `DIRECTION' has value `W'
2025-12-17 14:42:13| 117.5|  0.0|INFORM|Attribute(64 bit real)             : `FROMMEASURE' has value `180.2498'
2025-12-17 14:42:13| 117.5|  0.0|INFORM|Attribute(string: UTF-16LE)        : `ID' has value `f252ea33-aadd-4249-99d7-59d80b83f83b'
2025-12-17 14:42:13| 117.5|  0.0|INFORM|Attribute(32 bit integer)          : `OBJECTID' has value `2463'
2025-12-17 14:42:13| 117.5|  0.0|INFORM|Attribute(string: UTF-16LE)        : `ROUTEID' has value `S001910080W'
2025-12-17 14:42:13| 117.5|  0.0|INFORM|Attribute(64 bit real)             : `SHAPE.LEN' has value `0'
2025-12-17 14:42:13| 117.5|  0.0|INFORM|Attribute(64 bit real)             : `TOMEASURE' has value `180.2498'
2025-12-17 14:42:13| 117.5|  0.0|INFORM|Attribute(string; UTF-8)           : `fme_feature_type' has value `TDSOUT_SYSPLN.MFT_STATCOM1_2024'
2025-12-17 14:42:13| 117.5|  0.0|INFORM|Attribute(string: UTF-8)           : `fme_geometry' has value `fme_undefined'
2025-12-17 14:42:13| 117.5|  0.0|INFORM|Attribute(string; UTF-8)           : `fme_rejection_code' has value `INVALID_CANDIDATE_GEOMETRY_VERTICES'
2025-12-17 14:42:13| 117.5|  0.0|INFORM|Attribute(entangled: string: UTF-8): `fme_type' has value `fme_no_geom'
2025-12-17 14:42:13| 117.5|  0.0|INFORM|          entangled to geodb_type
2025-12-17 14:42:13| 117.5|  0.0|INFORM|Attribute(64 bit integer)          : `geodb_oid' has value `2463'
2025-12-17 14:42:13| 117.5|  0.0|INFORM|Attribute(string: UTF-8)           : `geodb_type' has value `geodb_undefined'
2025-12-17 14:42:13| 117.5|  0.0|INFORM|Attribute(32 bit integer)          : `multi_reader_full_id' has value `8'
2025-12-17 14:42:13| 117.5|  0.0|INFORM|Attribute(32 bit integer)          : `multi_reader_id' has value `8'
2025-12-17 14:42:13| 117.5|  0.0|INFORM|Attribute(string: UTF-8)           : `multi_reader_keyword' has value `GEODATABASE_SDE_2'
2025-12-17 14:42:13| 117.5|  0.0|INFORM|Attribute(string: UTF-8)           : `multi_reader_type' has value `GEODATABASE_SDE'
2025-12-17 14:42:13| 117.5|  0.0|INFORM|Coordinate System: `UTM84-15N'
2025-12-17 14:42:13| 117.5|  0.0|INFORM|Geometry Type: Null
2025-12-17 14:42:13| 117.5|  0.0|INFORM|Coordinate Dimension: 2
2025-12-17 14:42:13| 117.5|  0.0|INFORM|===========================================================================
2025-12-17 14:42:13| 117.5|  0.0|INFORM|Logger: Feature is:
2025-12-17 14:42:13| 117.5|  0.0|INFORM|+++++++++++++++++++++++++++++++++++++++++++++++++++++++++++++++++++++++++++
2025-12-17 14:42:13| 117.5|  0.0|INFORM|Feature Type: `Logger_LOGGED'
2025-12-17 14:42:13| 117.5|  0.0|INFORM|Attribute(64 bit real)             : `AADT' has value `13650'
2025-12-17 14:42:13| 117.5|  0.0|INFORM|Attribute(64 bit integer)          : `AADT_YEAR' has value `2024'
2025-12-17 14:42:13| 117.5|  0.0|INFORM|Attribute(string: UTF-16LE)        : `DIRECTION' has value `W'
2025-12-17 14:42:13| 117.5|  0.0|INFORM|Attribute(64 bit real)             : `FROMMEASURE' has value `114.7055'
2025-12-17 14:42:13| 117.5|  0.0|INFORM|Attribute(string: UTF-16LE)        : `ID' has value `86e78e58-a6f9-4535-9b4f-0bded09efe61'
2025-12-17 14:42:13| 117.5|  0.0|INFORM|Attribute(32 bit integer)          : `OBJECTID' has value `2762'
2025-12-17 14:42:13| 117.5|  0.0|INFORM|Attribute(string: UTF-16LE)        : `ROUTEID' has value `S001910080W'
2025-12-17 14:42:13| 117.5|  0.0|INFORM|Attribute(64 bit real)             : `SHAPE.LEN' has value `0'
2025-12-17 14:42:13| 117.5|  0.0|INFORM|Attribute(64 bit real)             : `TOMEASURE' has value `114.7055'
2025-12-17 14:42:13| 117.5|  0.0|INFORM|Attribute(string; UTF-8)           : `fme_feature_type' has value `TDSOUT_SYSPLN.MFT_STATCOM1_2024'
2025-12-17 14:42:13| 117.5|  0.0|INFORM|Attribute(string: UTF-8)           : `fme_geometry' has value `fme_undefined'
2025-12-17 14:42:13| 117.5|  0.0|INFORM|Attribute(string; UTF-8)           : `fme_rejection_code' has value `INVALID_CANDIDATE_GEOMETRY_VERTICES'
2025-12-17 14:42:13| 117.5|  0.0|INFORM|Attribute(entangled: string: UTF-8): `fme_type' has value `fme_no_geom'
2025-12-17 14:42:13| 117.5|  0.0|INFORM|          entangled to geodb_type
2025-12-17 14:42:13| 117.5|  0.0|INFORM|Attribute(64 bit integer)          : `geodb_oid' has value `2762'
2025-12-17 14:42:13| 117.5|  0.0|INFORM|Attribute(string: UTF-8)           : `geodb_type' has value `geodb_undefined'
2025-12-17 14:42:13| 117.5|  0.0|INFORM|Attribute(32 bit integer)          : `multi_reader_full_id' has value `8'
2025-12-17 14:42:13| 117.5|  0.0|INFORM|Attribute(32 bit integer)          : `multi_reader_id' has value `8'
2025-12-17 14:42:13| 117.5|  0.0|INFORM|Attribute(string: UTF-8)           : `multi_reader_keyword' has value `GEODATABASE_SDE_2'
2025-12-17 14:42:13| 117.5|  0.0|INFORM|Attribute(string: UTF-8)           : `multi_reader_type' has value `GEODATABASE_SDE'
2025-12-17 14:42:13| 117.5|  0.0|INFORM|Coordinate System: `UTM84-15N'
2025-12-17 14:42:13| 117.5|  0.0|INFORM|Geometry Type: Null
2025-12-17 14:42:13| 117.5|  0.0|INFORM|Coordinate Dimension: 2
2025-12-17 14:42:13| 117.5|  0.0|INFORM|===========================================================================
2025-12-17 14:42:13| 117.5|  0.0|INFORM|Logger: Feature is:
2025-12-17 14:42:13| 117.5|  0.0|INFORM|+++++++++++++++++++++++++++++++++++++++++++++++++++++++++++++++++++++++++++
2025-12-17 14:42:13| 117.5|  0.0|INFORM|Feature Type: `Logger_LOGGED'
2025-12-17 14:42:13| 117.5|  0.0|INFORM|Attribute(64 bit real)             : `AADT' has value `13050'
2025-12-17 14:42:13| 117.5|  0.0|INFORM|Attribute(64 bit integer)          : `AADT_YEAR' has value `2024'
2025-12-17 14:42:13| 117.5|  0.0|INFORM|Attribute(string: UTF-16LE)        : `DIRECTION' has value `S'
2025-12-17 14:42:13| 117.5|  0.0|INFORM|Attribute(64 bit real)             : `FROMMEASURE' has value `153.71'
2025-12-17 14:42:13| 117.5|  0.0|INFORM|Attribute(string: UTF-16LE)        : `ID' has value `ed05776a-c1f6-43ab-b6dc-3bcda8ca0fc7'
2025-12-17 14:42:13| 117.5|  0.0|INFORM|Attribute(32 bit integer)          : `OBJECTID' has value `3058'
2025-12-17 14:42:13| 117.5|  0.0|INFORM|Attribute(string: UTF-16LE)        : `ROUTEID' has value `S001910035S'
2025-12-17 14:42:13| 117.5|  0.0|INFORM|Attribute(64 bit real)             : `SHAPE.LEN' has value `0'
2025-12-17 14:42:13| 117.5|  0.0|INFORM|Attribute(64 bit real)             : `TOMEASURE' has value `153.71'
2025-12-17 14:42:13| 117.5|  0.0|INFORM|Attribute(string; UTF-8)           : `fme_feature_type' has value `TDSOUT_SYSPLN.MFT_STATCOM1_2024'
2025-12-17 14:42:13| 117.5|  0.0|INFORM|Attribute(string: UTF-8)           : `fme_geometry' has value `fme_undefined'
2025-12-17 14:42:13| 117.5|  0.0|INFORM|Attribute(string; UTF-8)           : `fme_rejection_code' has value `INVALID_CANDIDATE_GEOMETRY_VERTICES'
2025-12-17 14:42:13| 117.5|  0.0|INFORM|Attribute(entangled: string: UTF-8): `fme_type' has value `fme_no_geom'
2025-12-17 14:42:13| 117.5|  0.0|INFORM|          entangled to geodb_type
2025-12-17 14:42:13| 117.5|  0.0|INFORM|Attribute(64 bit integer)          : `geodb_oid' has value `3058'
2025-12-17 14:42:13| 117.5|  0.0|INFORM|Attribute(string: UTF-8)           : `geodb_type' has value `geodb_undefined'
2025-12-17 14:42:13| 117.5|  0.0|INFORM|Attribute(32 bit integer)          : `multi_reader_full_id' has value `8'
2025-12-17 14:42:13| 117.5|  0.0|INFORM|Attribute(32 bit integer)          : `multi_reader_id' has value `8'
2025-12-17 14:42:13| 117.5|  0.0|INFORM|Attribute(string: UTF-8)           : `multi_reader_keyword' has value `GEODATABASE_SDE_2'
2025-12-17 14:42:13| 117.5|  0.0|INFORM|Attribute(string: UTF-8)           : `multi_reader_type' has value `GEODATABASE_SDE'
2025-12-17 14:42:13| 117.5|  0.0|INFORM|Coordinate System: `UTM84-15N'
2025-12-17 14:42:13| 117.5|  0.0|INFORM|Geometry Type: Null
2025-12-17 14:42:13| 117.5|  0.0|INFORM|Coordinate Dimension: 2
2025-12-17 14:42:13| 117.5|  0.0|INFORM|===========================================================================
2025-12-17 14:42:13| 117.8|  0.3|INFORM|Closing the Esri Geodatabase reader
2025-12-17 14:42:14| 117.8|  0.0|INFORM|MULTI_READER(MULTI_READER): Done reading 908296 features from 9 readers
2025-12-17 14:42:14| 117.8|  0.0|INFORM|Emptying factory pipeline
2025-12-17 14:42:14| 117.8|  0.0|STATS |Router and Unexpected Input Remover (RoutingFactory): Tested 908296 input feature(s), wrote 908296 output feature(s): 908296 matched merge filters, 908296 were routed to output, 0 could not be routed.
2025-12-17 14:42:14| 117.8|  0.0|STATS |Unwanted Router Input Nuker (TeeFactory): Cloned 0 input feature(s) into 0 output feature(s)
2025-12-17 14:42:14| 117.8|  0.0|STATS |CSV_CSV2_5 Splitter (TeeFactory): Cloned 258927 input feature(s) into 258927 output feature(s)
2025-12-17 14:42:14| 117.8|  0.0|STATS |1991985_STATCOM1_2022_RAMP_osm_segment_SHAPEFILE_3 Splitter (TeeFactory): Cloned 0 input feature(s) into 0 output feature(s)
2025-12-17 14:42:14| 117.8|  0.0|STATS |CSV_CSV2_4 Splitter (TeeFactory): Cloned 180630 input feature(s) into 180630 output feature(s)
2025-12-17 14:42:14| 117.8|  0.0|STATS |CSV_CSV2_2 Splitter (TeeFactory): Cloned 273163 input feature(s) into 273163 output feature(s)
2025-12-17 14:42:14| 117.8|  0.0|STATS |TDSOUT_SYSPLN.MFT_STATCOM1_2024_GEODATABASE_SDE_2 Splitter (TeeFactory): Cloned 3601 input feature(s) into 7202 output feature(s)
2025-12-17 14:42:14| 117.8|  0.0|STATS |1990536_STATCOM1_2024_RAMP_osm_segment_SHAPEFILE_6 Splitter (TeeFactory): Cloned 3065 input feature(s) into 3065 output feature(s)
2025-12-17 14:42:14| 117.8|  0.0|STATS |1991984_STATCOM1_2022_MOTORWAY_osm_segment_SHAPEFILE_2 Splitter (TeeFactory): Cloned 2017 input feature(s) into 2017 output feature(s)
2025-12-17 14:42:14| 117.8|  0.0|STATS |1989473_STATCOM1_2024_MOTORWAY_osm_segment_SHAPEFILE_5 Splitter (TeeFactory): Cloned 2017 input feature(s) into 2017 output feature(s)
2025-12-17 14:42:14| 117.8|  0.0|STATS |CSV_CSV2_1 Splitter (TeeFactory): Cloned 181440 input feature(s) into 181440 output feature(s)
2025-12-17 14:42:14| 117.8|  0.0|STATS |TDSOUT_SYSPLN.MFT_STATCOM1_2022_GEODATABASE_SDE_1 Splitter (TeeFactory): Cloned 3436 input feature(s) into 6872 output feature(s)
2025-12-17 14:42:14| 117.8|  0.0|STATS |TestFilter_4_INPUT (TeeFactory): Cloned 3601 input feature(s) into 3601 output feature(s)
2025-12-17 14:42:14| 117.8|  0.0|STATS |TestFilter_4 (TestFactory): Tested 3601 input feature(s) -- 2346 feature(s) passed and 1255 feature(s) failed
2025-12-17 14:42:14| 117.8|  0.0|STATS |Reprojector_3 (TeeFactory): Cloned 3601 input feature(s) into 3601 output feature(s)
2025-12-17 14:42:14| 117.8|  0.0|STATS |TestFilter_INPUT (TeeFactory): Cloned 3601 input feature(s) into 3601 output feature(s)
2025-12-17 14:42:14| 117.8|  0.0|STATS |TestFilter (TestFactory): Tested 3601 input feature(s) -- 3217 feature(s) passed and 384 feature(s) failed
2025-12-17 14:42:14| 117.8|  0.0|STATS |TestFilter AADT_YEAR ATTRIBUTE_HAS_A_VALUE Splitter (TeeFactory): Cloned 3217 input feature(s) into 6434 output feature(s)
2025-12-17 14:42:14| 117.8|  0.0|STATS |Reprojector_2 (TeeFactory): Cloned 5082 input feature(s) into 5082 output feature(s)
2025-12-17 14:42:14| 117.8|  0.0|STATS |Reprojector_2 REPROJECTED Splitter (TeeFactory): Cloned 5082 input feature(s) into 10164 output feature(s)
2025-12-17 14:42:14| 117.8|  0.0|STATS |LineDivider Line Input Collector (TeeFactory): Cloned 5082 input feature(s) into 5082 output feature(s)
2025-12-17 14:42:14| 117.8|  0.0|STATS |LineDivider_Line1766003910 Input Splitter (TeeFactory): Cloned 5082 input feature(s) into 5082 output feature(s)
2025-12-17 14:42:14| 117.8|  0.0|STATS |LineDivider_AggregateFilter (TestFactory): Tested 5082 input feature(s) -- 0 feature(s) passed and 5082 feature(s) failed
2025-12-17 14:42:14| 117.8|  0.0|STATS |LineDivider_GeometryFilter_InputPassThrough (TeeFactory): Cloned 5082 input feature(s) into 5082 output feature(s)
2025-12-17 14:42:14| 117.8|  0.0|STATS |LineDivider_GeometryFilter_RouterPrepper (TeeFactory): Cloned 5082 input feature(s) into 5082 output feature(s)
2025-12-17 14:42:14| 117.8|  0.0|STATS |LineDivider_GeometryFilter_Router (TestFactory): Tested 5082 input feature(s) -- 5082 feature(s) passed and 0 feature(s) failed
2025-12-17 14:42:14| 117.8|  0.0|INFORM|Optional `process_group' method not present; not called
2025-12-17 14:42:14| 117.8|  0.0|INFORM|Optional `close' method not present; not called
2025-12-17 14:42:14| 117.8|  0.0|STATS |LineDivider_GeometryFilter_2_InputPassThrough (TeeFactory): Cloned 508200 input feature(s) into 508200 output feature(s)
2025-12-17 14:42:14| 117.8|  0.0|STATS |LineDivider_GeometryFilter_2_RouterPrepper (TeeFactory): Cloned 508200 input feature(s) into 508200 output feature(s)
2025-12-17 14:42:14| 117.8|  0.0|STATS |LineDivider_GeometryFilter_2_Router (TestFactory): Tested 508200 input feature(s) -- 508200 feature(s) passed and 0 feature(s) failed
2025-12-17 14:42:14| 117.8|  0.0|STATS |LineDivider_Point1766003910 Output Collector (TeeFactory): Cloned 508200 input feature(s) into 508200 output feature(s)
2025-12-17 14:42:14| 117.8|  0.0|STATS |LineDivider_Line1766003910 Output Collector (TeeFactory): Cloned 0 input feature(s) into 0 output feature(s)
2025-12-17 14:42:14| 117.8|  0.0|STATS |LineDivider_<Rejected>1766003910 Output Collector (TeeFactory): Cloned 0 input feature(s) into 0 output feature(s)
2025-12-17 14:42:14| 117.8|  0.0|STATS |LineDivider Line Output Renamer/Nuker (TeeFactory): Cloned 0 input feature(s) into 0 output feature(s)
2025-12-17 14:42:14| 117.8|  0.0|STATS |LineDivider Point Output Renamer/Nuker (TeeFactory): Cloned 508200 input feature(s) into 508200 output feature(s)
2025-12-17 14:42:14| 117.8|  0.0|STATS |LineDivider <Rejected> Output Renamer/Nuker (TeeFactory): Cloned 0 input feature(s) into 0 output feature(s)
2025-12-17 14:42:14| 117.9|  0.1|INFORM|Processing base feature(s)...
2025-12-17 14:42:19| 120.8|  2.9|INFORM|NeighborFinder (ProximityFactory): Processing 7% complete
2025-12-17 14:42:24| 124.0|  3.2|INFORM|NeighborFinder (ProximityFactory): Processing 13.65% complete
2025-12-17 14:42:29| 126.8|  2.8|INFORM|NeighborFinder (ProximityFactory): Processing 20.81% complete
2025-12-17 14:42:34| 129.7|  2.9|INFORM|NeighborFinder (ProximityFactory): Processing 26.24% complete
2025-12-17 14:42:39| 132.1|  2.4|INFORM|NeighborFinder (ProximityFactory): Processing 31.99% complete
2025-12-17 14:42:44| 134.4|  2.3|INFORM|NeighborFinder (ProximityFactory): Processing 37.66% complete
2025-12-17 14:42:49| 136.9|  2.5|INFORM|NeighborFinder (ProximityFactory): Processing 43.03% complete
2025-12-17 14:42:54| 139.4|  2.5|INFORM|NeighborFinder (ProximityFactory): Processing 50.98% complete
2025-12-17 14:42:59| 142.5|  3.1|INFORM|NeighborFinder (ProximityFactory): Processing 58.67% complete
2025-12-17 14:43:04| 145.1|  2.6|INFORM|NeighborFinder (ProximityFactory): Processing 65.11% complete
2025-12-17 14:43:09| 148.7|  3.6|INFORM|NeighborFinder (ProximityFactory): Processing 72.62% complete
2025-12-17 14:43:14| 152.2|  3.5|INFORM|NeighborFinder (ProximityFactory): Processing 79.22% complete
2025-12-17 14:43:19| 155.7|  3.5|INFORM|NeighborFinder (ProximityFactory): Processing 85.26% complete
2025-12-17 14:43:24| 159.2|  3.5|INFORM|NeighborFinder (ProximityFactory): Processing 91.65% complete
2025-12-17 14:43:29| 161.8|  2.6|INFORM|NeighborFinder (ProximityFactory): Processing 97.69% complete
2025-12-17 14:43:31| 162.6|  0.8|INFORM|NeighborFinder (ProximityFactory): Processing 100% complete
2025-12-17 14:43:31| 162.8|  0.2|STATS |NeighborFinder (ProximityFactory): Input Summary:  508200 base feature(s), 3197 candidate feature(s)
2025-12-17 14:43:31| 162.8|  0.0|STATS |NeighborFinder (ProximityFactory): Output Summary: 268340 matched feature(s), 239860 unmatched base feature(s), 217 unmatched candidate feature(s)
2025-12-17 14:43:45| 169.8|  7.0|INFORM|StatisticsCalculator (StatisticsCalculatorFactory): Processing complete
2025-12-17 14:43:45| 169.8|  0.0|STATS |TestFilter_3_INPUT (TeeFactory): Cloned 6308 input feature(s) into 6308 output feature(s)
2025-12-17 14:43:45| 169.8|  0.0|STATS |TestFilter_3 (TestFactory): Tested 6308 input feature(s) -- 988 feature(s) passed and 5320 feature(s) failed
2025-12-17 14:43:45| 169.8|  0.0|INFORM|FeatureJoiner_4_JOINED Feature Recorder -1 2147614784 (RecorderFactory): Splitting bulk features into individual features
2025-12-17 14:43:45| 169.8|  0.0|INFORM|FeatureJoiner_4_UNJOINED_LEFT Feature Recorder -1 2147680320 (RecorderFactory): Splitting bulk features into individual features
2025-12-17 14:43:45| 169.9|  0.1|INFORM|FeatureJoiner_JOINED Feature Recorder -1 2147614764 (RecorderFactory): Splitting bulk features into individual features
2025-12-17 14:43:45| 169.9|  0.0|INFORM|FFS writer: Writing 2507 feature(s) to file 'C:\Users\jmeade\AppData\Local\Temp\wb-cache-RAMS_AADT_STL_VOLUME CONFLATER-EzOjyd\Main_FeatureJoiner -1 44 fo 2 UNJOINED_RIGHT  0  1a7c3fd865dbbb8f2f03e6aa08a0e52fe2a04d48.fts'
2025-12-17 14:43:45| 169.9|  0.0|INFORM|Spatial Index: Adding 2507 features
2025-12-17 14:43:45| 169.9|  0.0|STATS |Logger_Logger (TeeFactory): Cloned 20 input feature(s) into 20 output feature(s)
2025-12-17 14:43:45| 169.9|  0.0|STATS |TestFilter_7_INPUT (TeeFactory): Cloned 439557 input feature(s) into 439557 output feature(s)
2025-12-17 14:43:45| 169.9|  0.0|STATS |TestFilter_7 (TestFactory): Tested 439557 input feature(s) -- 4885 feature(s) passed and 434672 feature(s) failed
2025-12-17 14:43:45| 169.9|  0.0|STATS |Reprojector_4 (TeeFactory): Cloned 5082 input feature(s) into 5082 output feature(s)
2025-12-17 14:43:45| 169.9|  0.0|STATS |Reprojector_4 REPROJECTED Splitter (TeeFactory): Cloned 5082 input feature(s) into 10164 output feature(s)
2025-12-17 14:43:45| 169.9|  0.0|STATS |LineDivider_2 Line Input Collector (TeeFactory): Cloned 5082 input feature(s) into 5082 output feature(s)
2025-12-17 14:43:45| 169.9|  0.0|STATS |LineDivider_2_Line1766003910 Input Splitter (TeeFactory): Cloned 5082 input feature(s) into 5082 output feature(s)
2025-12-17 14:43:45| 169.9|  0.0|STATS |LineDivider_2_AggregateFilter (TestFactory): Tested 5082 input feature(s) -- 0 feature(s) passed and 5082 feature(s) failed
2025-12-17 14:43:45| 169.9|  0.0|STATS |LineDivider_2_GeometryFilter_InputPassThrough (TeeFactory): Cloned 5082 input feature(s) into 5082 output feature(s)
2025-12-17 14:43:45| 169.9|  0.0|STATS |LineDivider_2_GeometryFilter_RouterPrepper (TeeFactory): Cloned 5082 input feature(s) into 5082 output feature(s)
2025-12-17 14:43:45| 169.9|  0.0|STATS |LineDivider_2_GeometryFilter_Router (TestFactory): Tested 5082 input feature(s) -- 5082 feature(s) passed and 0 feature(s) failed
2025-12-17 14:43:45| 169.9|  0.0|INFORM|Optional `process_group' method not present; not called
2025-12-17 14:43:45| 169.9|  0.0|INFORM|Optional `close' method not present; not called
2025-12-17 14:43:45| 169.9|  0.0|STATS |LineDivider_2_GeometryFilter_2_InputPassThrough (TeeFactory): Cloned 508200 input feature(s) into 508200 output feature(s)
2025-12-17 14:43:45| 169.9|  0.0|STATS |LineDivider_2_GeometryFilter_2_RouterPrepper (TeeFactory): Cloned 508200 input feature(s) into 508200 output feature(s)
2025-12-17 14:43:45| 169.9|  0.0|STATS |LineDivider_2_GeometryFilter_2_Router (TestFactory): Tested 508200 input feature(s) -- 508200 feature(s) passed and 0 feature(s) failed
2025-12-17 14:43:45| 169.9|  0.0|STATS |LineDivider_2_Point1766003910 Output Collector (TeeFactory): Cloned 508200 input feature(s) into 508200 output feature(s)
2025-12-17 14:43:45| 169.9|  0.0|STATS |LineDivider_2_Line1766003910 Output Collector (TeeFactory): Cloned 0 input feature(s) into 0 output feature(s)
2025-12-17 14:43:45| 169.9|  0.0|STATS |LineDivider_2_<Rejected>1766003910 Output Collector (TeeFactory): Cloned 0 input feature(s) into 0 output feature(s)
2025-12-17 14:43:45| 169.9|  0.0|STATS |LineDivider_2 Line Output Renamer/Nuker (TeeFactory): Cloned 0 input feature(s) into 0 output feature(s)
2025-12-17 14:43:45| 169.9|  0.0|STATS |LineDivider_2 Point Output Renamer/Nuker (TeeFactory): Cloned 508200 input feature(s) into 508200 output feature(s)
2025-12-17 14:43:45| 169.9|  0.0|STATS |LineDivider_2 <Rejected> Output Renamer/Nuker (TeeFactory): Cloned 0 input feature(s) into 0 output feature(s)
2025-12-17 14:43:45| 169.9|  0.0|STATS |TestFilter_8_INPUT (TeeFactory): Cloned 3436 input feature(s) into 3436 output feature(s)
2025-12-17 14:43:45| 169.9|  0.0|STATS |TestFilter_8 (TestFactory): Tested 3436 input feature(s) -- 2194 feature(s) passed and 1242 feature(s) failed
2025-12-17 14:43:45| 169.9|  0.0|STATS |Reprojector_5 (TeeFactory): Cloned 3436 input feature(s) into 3436 output feature(s)
2025-12-17 14:43:45| 169.9|  0.0|STATS |TestFilter_5_INPUT (TeeFactory): Cloned 3436 input feature(s) into 3436 output feature(s)
2025-12-17 14:43:45| 169.9|  0.0|STATS |TestFilter_5 (TestFactory): Tested 3436 input feature(s) -- 3165 feature(s) passed and 271 feature(s) failed
2025-12-17 14:43:45| 169.9|  0.0|STATS |TestFilter_5 AADT_YEAR ATTRIBUTE_HAS_A_VALUE Splitter (TeeFactory): Cloned 3165 input feature(s) into 6330 output feature(s)
2025-12-17 14:43:45| 169.9|  0.0|INFORM|Processing base feature(s)...
2025-12-17 14:43:50| 172.3|  2.4|INFORM|NeighborFinder_2 (ProximityFactory): Processing 54.95% complete
2025-12-17 14:43:54| 174.2|  1.9|INFORM|NeighborFinder_2 (ProximityFactory): Processing 100% complete
2025-12-17 14:43:54| 174.2|  0.0|STATS |NeighborFinder_2 (ProximityFactory): Input Summary:  508200 base feature(s), 3151 candidate feature(s)
2025-12-17 14:43:54| 174.2|  0.0|STATS |NeighborFinder_2 (ProximityFactory): Output Summary: 264435 matched feature(s), 243765 unmatched base feature(s), 219 unmatched candidate feature(s)
2025-12-17 14:44:00| 176.5|  2.3|INFORM|StatisticsCalculator_2 (StatisticsCalculatorFactory): Processing complete
2025-12-17 14:44:00| 176.5|  0.0|STATS |TestFilter_6_INPUT (TeeFactory): Cloned 6209 input feature(s) into 6209 output feature(s)
2025-12-17 14:44:00| 176.5|  0.0|STATS |TestFilter_6 (TestFactory): Tested 6209 input feature(s) -- 992 feature(s) passed and 5217 feature(s) failed
2025-12-17 14:44:00| 176.5|  0.0|INFORM|FeatureJoiner_8_JOINED Feature Recorder -1 2147614824 (RecorderFactory): Splitting bulk features into individual features
2025-12-17 14:44:00| 176.5|  0.0|INFORM|FeatureJoiner_8_UNJOINED_LEFT Feature Recorder -1 2147680360 (RecorderFactory): Splitting bulk features into individual features
2025-12-17 14:44:00| 176.6|  0.1|STATS |Logger_2_Logger (TeeFactory): Cloned 14 input feature(s) into 14 output feature(s)
2025-12-17 14:44:00| 176.6|  0.0|INFORM|FeatureJoiner_5_JOINED Feature Recorder -1 2147614817 (RecorderFactory): Splitting bulk features into individual features
2025-12-17 14:44:00| 176.6|  0.0|INFORM|FFS writer: Writing 2446 feature(s) to file 'C:\Users\jmeade\AppData\Local\Temp\wb-cache-RAMS_AADT_STL_VOLUME CONFLATER-EzOjyd\Main_FeatureJoiner_5 -1 97 fo 2 UNJOINED_RIGHT  0  0bd7ff6673c438fa86eb4419863e7ceb935f8fde.fts'
2025-12-17 14:44:00| 176.6|  0.0|INFORM|Spatial Index: Adding 2446 features
2025-12-17 14:44:01| 176.6|  0.0|INFORM|FeatureJoiner_6_JOINED Feature Recorder -1 2147614820 (RecorderFactory): Splitting bulk features into individual features
2025-12-17 14:44:01| 176.6|  0.0|INFORM|FeatureJoiner_6_UNJOINED_LEFT Feature Recorder -1 2147680356 (RecorderFactory): Splitting bulk features into individual features
2025-12-17 14:44:01| 176.6|  0.0|INFORM|FFS writer: Writing 4182 feature(s) to file 'C:\Users\jmeade\AppData\Local\Temp\wb-cache-RAMS_AADT_STL_VOLUME CONFLATER-EzOjyd\Main_FeatureJoiner_6 -1 100 fo 2 UNJOINED_RIGHT  0  27883cc41688c6ad9c724bd0c2651dfcb0d2755f.fts'
2025-12-17 14:44:01| 176.6|  0.0|INFORM|FeatureJoiner_7_JOINED Feature Recorder -1 2147614823 (RecorderFactory): Splitting bulk features into individual features
2025-12-17 14:44:01| 176.6|  0.0|INFORM|Creating writer for format: Esri Shapefile
2025-12-17 14:44:01| 176.6|  0.0|INFORM|Trying to find a DYNAMIC plugin for writer named `SHAPEFILE'
2025-12-17 14:44:01| 176.6|  0.0|INFORM|FME Configuration: No destination coordinate system set
2025-12-17 14:44:01| 176.6|  0.0|INFORM|Writer `SHAPEFILE_1' of type `SHAPEFILE' using group definition keyword `SHAPEFILE_1_DEF'
2025-12-17 14:44:01| 176.6|  0.0|INFORM|SHAPEFILE Writer: Writing files using character encoding 'utf-8'
2025-12-17 14:44:01| 176.6|  0.0|INFORM|Shapefile Writer: Feature Type '2024' set to geometry type 'shapefile_first_feature'
2025-12-17 14:44:01| 176.6|  0.0|INFORM|Shapefile Writer: Feature Type '2022' set to geometry type 'shapefile_first_feature'
2025-12-17 14:44:01| 176.6|  0.0|INFORM|Shapefile Writer: Automatically detected 'polyline_2D' Shape type for feature type '2022'
2025-12-17 14:44:01| 176.6|  0.0|INFORM|Shapefile Writer: Detected coordinate system 'UTM84-15N' on feature type '2022'
2025-12-17 14:44:01| 176.6|  0.0|STATS |Storing feature(s) to FME feature store file `C:\Users\jmeade\AppData\Local\Temp\wb-inspectors-TpCouT\inspector.ffs'
2025-12-17 14:44:01| 176.6|  0.0|INFORM|Spatial Index: Adding 4379 features
2025-12-17 14:44:01| 176.6|  0.0|STATS |FeatureJoiner_7 JOINED Splitter (TeeFactory): Cloned 703 input feature(s) into 1406 output feature(s)
2025-12-17 14:44:01| 176.6|  0.0|STATS |TestFilter_2_INPUT (TeeFactory): Cloned 454603 input feature(s) into 454603 output feature(s)
2025-12-17 14:44:01| 176.6|  0.0|STATS |TestFilter_2 (TestFactory): Tested 454603 input feature(s) -- 5053 feature(s) passed and 449550 feature(s) failed
2025-12-17 14:44:01| 176.6|  0.0|INFORM|FeatureJoiner_2_JOINED Feature Recorder -1 2147614769 (RecorderFactory): Splitting bulk features into individual features
2025-12-17 14:44:01| 176.7|  0.1|INFORM|FeatureJoiner_2_UNJOINED_LEFT Feature Recorder -1 2147680305 (RecorderFactory): Splitting bulk features into individual features
2025-12-17 14:44:01| 176.7|  0.0|INFORM|FFS writer: Writing 4345 feature(s) to file 'C:\Users\jmeade\AppData\Local\Temp\wb-cache-RAMS_AADT_STL_VOLUME CONFLATER-EzOjyd\Main_FeatureJoiner_2 -1 49 fo 2 UNJOINED_RIGHT  0  677d06d19920146f3034c5926f8dec6ecf0dd827.fts'
2025-12-17 14:44:01| 176.7|  0.0|INFORM|FeatureJoiner_3_JOINED Feature Recorder -1 2147614773 (RecorderFactory): Splitting bulk features into individual features
2025-12-17 14:44:01| 176.7|  0.0|INFORM|Shapefile Writer: Automatically detected 'polyline_2D' Shape type for feature type '2024'
2025-12-17 14:44:01| 176.7|  0.0|INFORM|Shapefile Writer: Detected coordinate system 'UTM84-15N' on feature type '2024'
2025-12-17 14:44:01| 176.7|  0.0|INFORM|Spatial Index: Adding 4374 features
2025-12-17 14:44:01| 176.7|  0.0|STATS |FeatureJoiner_3 JOINED Splitter (TeeFactory): Cloned 708 input feature(s) into 1416 output feature(s)
2025-12-17 14:44:09| 178.7|  2.0|STATS |Stored 1411 feature(s) to FME feature store file `C:\Users\jmeade\AppData\Local\Temp\wb-inspectors-TpCouT\inspector.ffs'
2025-12-17 14:44:09| 178.7|  0.0|INFORM|Saving feature type index into file 'C:\Users\jmeade\AppData\Local\Temp\wb-inspectors-TpCouT\inspector.fsi'
2025-12-17 14:44:09| 178.7|  0.0|INFORM|Finished saving feature type index into file 'C:\Users\jmeade\AppData\Local\Temp\wb-inspectors-TpCouT\inspector.fsi'
2025-12-17 14:44:09| 178.7|  0.0|STATS |Destination Feature Type Routing Correlator (RoutingFactory): Tested 8448 input feature(s), wrote 8448 output feature(s): 0 matched merge filters, 8448 were routed to output, 0 could not be routed.
2025-12-17 14:44:09| 178.7|  0.0|STATS |Final Output Nuker (TeeFactory): Cloned 0 input feature(s) into 0 output feature(s)
2025-12-17 14:44:09| 178.7|  0.0|STATS |VisualizerProcessor (CreationFactory): Created 1 features
2025-12-17 14:44:09| 178.7|  0.0|STATS |VisualizerCleaner (TeeFactory): Cloned 1 input feature(s) into 0 output feature(s)
2025-12-17 14:44:09| 178.7|  0.0|INFORM|=-=-=-=-=-=-=-=-=-=-=-=-=-=-=-=-=-=-=-=-=-=-=-=-=-=-=-=-=-=-=-=-=-=-=-=-=-=-=-
2025-12-17 14:44:09| 178.7|  0.0|INFORM|Feature output statistics for `SHAPEFILE' writer using keyword `SHAPEFILE_1':
2025-12-17 14:44:09| 178.7|  0.0|STATS |=-=-=-=-=-=-=-=-=-=-=-=-=-=-=-=-=-=-=-=-=-=-=-=-=-=-=-=-=-=-=-=-=-=-=-=-=-=-=-
2025-12-17 14:44:09| 178.7|  0.0|STATS |                               Features Written
2025-12-17 14:44:09| 178.7|  0.0|STATS |=-=-=-=-=-=-=-=-=-=-=-=-=-=-=-=-=-=-=-=-=-=-=-=-=-=-=-=-=-=-=-=-=-=-=-=-=-=-=-
2025-12-17 14:44:09| 178.7|  0.0|STATS |2022                                                                       703
2025-12-17 14:44:09| 178.7|  0.0|STATS |2024                                                                       708
2025-12-17 14:44:09| 178.7|  0.0|STATS |==============================================================================
2025-12-17 14:44:09| 178.7|  0.0|STATS |Total Features Written                                                    1411
2025-12-17 14:44:09| 178.7|  0.0|STATS |=-=-=-=-=-=-=-=-=-=-=-=-=-=-=-=-=-=-=-=-=-=-=-=-=-=-=-=-=-=-=-=-=-=-=-=-=-=-=-
2025-12-17 14:44:09| 178.7|  0.0|INFORM|MULTI_WRITER: multi_writer_id `1': Started outputting features
2025-12-17 14:44:09| 178.7|  0.0|INFORM|Creating writer for format: Esri Shapefile
2025-12-17 14:44:09| 178.7|  0.0|INFORM|Trying to find a DYNAMIC plugin for writer named `SHAPEFILE'
2025-12-17 14:44:09| 178.7|  0.0|INFORM|FME Configuration: No destination coordinate system set
2025-12-17 14:44:09| 178.7|  0.0|INFORM|Writer `SHAPEFILE_4' of type `SHAPEFILE' using group definition keyword `SHAPEFILE_4_DEF'
2025-12-17 14:44:09| 178.7|  0.0|INFORM|SHAPEFILE Writer: Writing files using character encoding 'utf-8'
2025-12-17 14:44:09| 178.7|  0.0|INFORM|Shapefile Writer: Feature Type 'TDSOUT_SYSPLN.STATCOM1_2022' set to geometry type 'shapefile_first_feature'
2025-12-17 14:44:09| 178.7|  0.0|INFORM|Shapefile Writer: Feature Type 'TDSOUT_SYSPLN.STATCOM1_2024' set to geometry type 'shapefile_first_feature'
2025-12-17 14:44:09| 178.7|  0.0|INFORM|Shapefile Writer: Detected coordinate system '_FME_0' on feature type 'TDSOUT_SYSPLN.STATCOM1_2022'
2025-12-17 14:44:09| 178.7|  0.0|INFORM|Shapefile writer: Writing 3436 feature(s) to file 'C:\Users\jmeade\OneDrive - Iowa Department of Transportation\Projects\STATCOM_STL\DATA\RAMS_EXPORT\TDSOUT_SYSPLN.STATCOM1_2022'
2025-12-17 14:44:09| 178.7|  0.0|INFORM|Shapefile Writer: Automatically detected 'polyline_3DM' Shape type for feature type 'TDSOUT_SYSPLN.STATCOM1_2022'
2025-12-17 14:44:09| 178.7|  0.0|WARN  |Shapefile Writer: Feature Type 'TDSOUT_SYSPLN.STATCOM1_2022' received a feature with 'multipatch' geometry but writer expects 'polyline' - this feature will be converted to fit. If this is undesired, check the writer settings or use a geometry filter to write multiple feature types
2025-12-17 14:44:09| 178.7|  0.0|INFORM|MULTI_WRITER: multi_writer_id `1': Writing feature 3000 
2025-12-17 14:44:09| 178.7|  0.0|INFORM|Shapefile Writer: Detected coordinate system '_FME_0' on feature type 'TDSOUT_SYSPLN.STATCOM1_2024'
2025-12-17 14:44:09| 178.7|  0.0|INFORM|Shapefile writer: Writing 3600 feature(s) to file 'C:\Users\jmeade\OneDrive - Iowa Department of Transportation\Projects\STATCOM_STL\DATA\RAMS_EXPORT\TDSOUT_SYSPLN.STATCOM1_2024'
2025-12-17 14:44:10| 178.7|  0.0|INFORM|Shapefile Writer: Automatically detected 'polyline_3DM' Shape type for feature type 'TDSOUT_SYSPLN.STATCOM1_2024'
2025-12-17 14:44:10| 178.7|  0.0|WARN  |Shapefile Writer: Feature Type 'TDSOUT_SYSPLN.STATCOM1_2024' received a feature with 'multipatch' geometry but writer expects 'polyline' - this feature will be converted to fit. If this is undesired, check the writer settings or use a geometry filter to write multiple feature types
2025-12-17 14:44:10| 178.8|  0.1|INFORM|MULTI_WRITER: multi_writer_id `1': Writing feature 7000 
2025-12-17 14:44:10| 178.8|  0.0|INFORM|=-=-=-=-=-=-=-=-=-=-=-=-=-=-=-=-=-=-=-=-=-=-=-=-=-=-=-=-=-=-=-=-=-=-=-=-=-=-=-
2025-12-17 14:44:10| 178.8|  0.0|INFORM|Feature output statistics for `SHAPEFILE' writer using keyword `SHAPEFILE_4':
2025-12-17 14:44:10| 178.8|  0.0|STATS |=-=-=-=-=-=-=-=-=-=-=-=-=-=-=-=-=-=-=-=-=-=-=-=-=-=-=-=-=-=-=-=-=-=-=-=-=-=-=-
2025-12-17 14:44:10| 178.8|  0.0|STATS |                               Features Written
2025-12-17 14:44:10| 178.8|  0.0|STATS |=-=-=-=-=-=-=-=-=-=-=-=-=-=-=-=-=-=-=-=-=-=-=-=-=-=-=-=-=-=-=-=-=-=-=-=-=-=-=-
2025-12-17 14:44:10| 178.8|  0.0|STATS |TDSOUT_SYSPLN.STATCOM1_2022                                               3436
2025-12-17 14:44:10| 178.8|  0.0|STATS |TDSOUT_SYSPLN.STATCOM1_2024                                               3601
2025-12-17 14:44:10| 178.8|  0.0|STATS |==============================================================================
2025-12-17 14:44:10| 178.8|  0.0|STATS |Total Features Written                                                    7037
2025-12-17 14:44:10| 178.8|  0.0|STATS |=-=-=-=-=-=-=-=-=-=-=-=-=-=-=-=-=-=-=-=-=-=-=-=-=-=-=-=-=-=-=-=-=-=-=-=-=-=-=-
2025-12-17 14:44:10| 178.8|  0.0|INFORM|MULTI_WRITER: multi_writer_id `1': done writing 7037 feature(s) 
2025-12-17 14:44:10| 178.8|  0.0|INFORM|^^^^^^^^^^^^^^^^^^^^^^^^^^^^^^^^^^^^^^^^^^^^^^^^^^^^^^^^^^^^^^^^^^^^^^^^^^^^^^
2025-12-17 14:44:10| 178.8|  0.0|STATS |=-=-=-=-=-=-=-=-=-=-=-=-=-=-=-=-=-=-=-=-=-=-=-=-=-=-=-=-=-=-=-=-=-=-=-=-=-=-=-
2025-12-17 14:44:10| 178.8|  0.0|STATS |                            Features Read Summary
2025-12-17 14:44:10| 178.8|  0.0|STATS |=-=-=-=-=-=-=-=-=-=-=-=-=-=-=-=-=-=-=-=-=-=-=-=-=-=-=-=-=-=-=-=-=-=-=-=-=-=-=-
2025-12-17 14:44:10| 178.8|  0.0|STATS |1989473_STATCOM1_2024_MOTORWAY_osm_segment                                2017
2025-12-17 14:44:10| 178.8|  0.0|STATS |1990536_STATCOM1_2024_RAMP_osm_segment                                    3065
2025-12-17 14:44:10| 178.8|  0.0|STATS |1991984_STATCOM1_2022_MOTORWAY_osm_segment                                2017
2025-12-17 14:44:10| 178.8|  0.0|STATS |CSV                                                                     894160
2025-12-17 14:44:10| 178.8|  0.0|STATS |TDSOUT_SYSPLN.MFT_STATCOM1_2022                                           3436
2025-12-17 14:44:10| 178.8|  0.0|STATS |TDSOUT_SYSPLN.MFT_STATCOM1_2024                                           3601
2025-12-17 14:44:10| 178.8|  0.0|STATS |==============================================================================
2025-12-17 14:44:10| 178.8|  0.0|STATS |Total Features Read                                                     908296
2025-12-17 14:44:10| 178.9|  0.1|STATS |=-=-=-=-=-=-=-=-=-=-=-=-=-=-=-=-=-=-=-=-=-=-=-=-=-=-=-=-=-=-=-=-=-=-=-=-=-=-=-
2025-12-17 14:44:10| 178.9|  0.0|STATS |=-=-=-=-=-=-=-=-=-=-=-=-=-=-=-=-=-=-=-=-=-=-=-=-=-=-=-=-=-=-=-=-=-=-=-=-=-=-=-
2025-12-17 14:44:10| 178.9|  0.0|STATS |                           Features Written Summary
2025-12-17 14:44:10| 178.9|  0.0|STATS |=-=-=-=-=-=-=-=-=-=-=-=-=-=-=-=-=-=-=-=-=-=-=-=-=-=-=-=-=-=-=-=-=-=-=-=-=-=-=-
2025-12-17 14:44:10| 178.9|  0.0|STATS |2022                                                                       703
2025-12-17 14:44:10| 178.9|  0.0|STATS |2024                                                                       708
2025-12-17 14:44:10| 178.9|  0.0|STATS |TDSOUT_SYSPLN.STATCOM1_2022                                               3436
2025-12-17 14:44:10| 178.9|  0.0|STATS |TDSOUT_SYSPLN.STATCOM1_2024                                               3601
2025-12-17 14:44:10| 178.9|  0.0|STATS |==============================================================================
2025-12-17 14:44:10| 178.9|  0.0|STATS |Total Features Written                                                    8448
2025-12-17 14:44:10| 178.9|  0.0|STATS |=-=-=-=-=-=-=-=-=-=-=-=-=-=-=-=-=-=-=-=-=-=-=-=-=-=-=-=-=-=-=-=-=-=-=-=-=-=-=-
2025-12-17 14:44:10| 178.9|  0.0|WARN  |-~-~-~-~-~-~-~-~-~-~-~-~-~-~-~-~-~-~-~-~-~-~-~-~-~-~-~-~-~-~-~-~-~-~-~-~-~-~-~-~-
2025-12-17 14:44:10| 178.9|  0.0|WARN  |-~                                                                             ~-
2025-12-17 14:44:10| 178.9|  0.0|WARN  |-~    Feature caches have been recorded at every stage of the translation.     ~-
2025-12-17 14:44:10| 178.9|  0.0|WARN  |-~                      To inspect the recorded features,                      ~-
2025-12-17 14:44:10| 178.9|  0.0|WARN  |-~              click the feature cache icons next to the ports.               ~-
2025-12-17 14:44:10| 178.9|  0.0|WARN  |-~                                                                             ~-
2025-12-17 14:44:10| 178.9|  0.0|WARN  |-~-~-~-~-~-~-~-~-~-~-~-~-~-~-~-~-~-~-~-~-~-~-~-~-~-~-~-~-~-~-~-~-~-~-~-~-~-~-~-~-
2025-12-17 14:44:10| 178.9|  0.0|INFORM|Translation was SUCCESSFUL with 13 warning(s) (8448 feature(s) output)
2025-12-17 14:44:10| 178.9|  0.0|INFORM|FME Session Duration: 5 minutes 38.2 seconds. (CPU: 153.6s user, 25.3s system)
2025-12-17 14:44:10| 178.9|  0.0|INFORM|END - ProcessID: 21228, peak process memory usage: 1972644 kB, current process memory usage: 346668 kB
