Zone ID,Zone Name,Line Zone Length (Miles),Zone Is Pass-Through,Zone Direction (degrees),Zone is Bi-Direction,Fingerprint1,Fingerprint2
N/A,200th Avenue / 264973,0.566,yes,49,no,195261447712889558,6937360564256514917
N/A,Avenue of the Saints / 10351430,0.911,yes,358,no,194238901221677321,6931841011955013891
N/A,Avenue of the Saints / 10482941,3.289,yes,90,no,190654495886234251,-6881816162409103479
N/A,Avenue of the Saints / 10482942,0.724,yes,90,no,190741907060642508,6953294669552828297
N/A,Avenue of the Saints / 10858929,0.602,yes,174,no,194247147837282573,2322450773835783485
N/A,Avenue of the Saints / 10917858,0.797,yes,201,no,192520915614520827,2330943395103517927
N/A,Avenue of the Saints / 11327550,1.786,yes,359,no,194578098670885273,2304357211747384497
N/A,Avenue of the Saints / 11393701,0.151,yes,3,no,194247147845671181,6934110403982007687
N/A,Avenue of the Saints / 11729220,3.486,yes,180,no,190542896230388342,6960230388089244233
N/A,Avenue of the Saints / 12360920,0.727,yes,180,no,194301023302539557,-6905974618256829389
N/A,Avenue of the Saints / 13039995,0.679,yes,359,no,194301573058877733,-2294292997873855433
N/A,Avenue of the Saints / 13275819,0.549,yes,149,no,191924431801636074,-6881824953909362891
N/A,Avenue of the Saints / 1376585,3.365,yes,179,no,194513228753623425,6926954783329750845
N/A,Avenue of the Saints / 1377480,0.447,yes,208,no,194567103508470172,-2307922542982071171
N/A,Avenue of the Saints / 1377935,0.519,yes,66,no,192565995640018444,2331422782332611985
N/A,Avenue of the Saints / 1390341,3.513,yes,359,no,194513778509961601,-2296395263290372297
N/A,Avenue of the Saints / 1390478,2.938,yes,350,no,192559398695032326,-6890511093308838217
N/A,Avenue of the Saints / 1390501,1.446,yes,109,no,192580838910678537,-2281349553440412833
N/A,Avenue of the Saints / 1390665,0.407,yes,246,no,192564896128390668,-6891940458435433077
N/A,Avenue of the Saints / 14216585,0.768,yes,92,no,192751263192536669,-6893233483363112153
N/A,Avenue of the Saints / 14366216,0.805,yes,165,no,192538508029154818,2333058855517302783
N/A,Avenue of the Saints / 14435773,0.698,yes,171,no,192576441071261204,-6891241169015001501
N/A,Avenue of the Saints / 14811946,0.778,yes,272,no,192752362704688733,-2281543066885018839
N/A,Avenue of the Saints / 14867559,0.738,yes,178,no,192338946943964585,-6888013003786013669
N/A,Avenue of the Saints / 15501949,0.859,yes,346,no,192539057786017282,6944758068086321151
N/A,Avenue of the Saints / 15815593,1.224,yes,119,no,194525871894780293,2304541929593896287
N/A,Avenue of the Saints / 16172645,1.028,yes,187,no,194486288709671288,-2313820323670134197
N/A,Avenue of the Saints / 16198180,3.168,yes,270,no,190654495886758540,-6881807366324469875
N/A,Avenue of the Saints / 16568141,0.733,yes,352,no,192577540583413268,-2279550752536908189
N/A,Avenue of the Saints / 16788889,0.973,yes,27,no,194555558619077013,2303561165280640085
N/A,Avenue of the Saints / 17195289,0.859,yes,145,no,192518716896925171,-2278037824763580125
N/A,Avenue of the Saints / 17300029,1.644,yes,351,no,194479691703867764,-2312949510465129819
N/A,Avenue of the Saints / 17347995,1.643,yes,309,no,194522573361994115,6916307112877358429
N/A,Avenue of the Saints / 17507450,0.080,yes,185,no,192540157096318469,2331268850578894131
N/A,Avenue of the Saints / 18943745,0.544,yes,330,no,191924981557974250,-2270138935477780681
N/A,Avenue of the Saints / 18946280,1.506,yes,313,no,194434613801212248,2316060413054161325
N/A,Avenue of the Saints / 18946281,0.659,yes,326,no,194464850346334572,-2295893886149586579
N/A,Avenue of the Saints / 18946283,0.937,yes,320,no,194485191292049780,2315651394881720599
N/A,Avenue of the Saints / 19214778,0.666,yes,357,no,192339496699254185,-2276340179496061925
N/A,Avenue of the Saints / 19214779,1.369,yes,3,no,192340596179948969,-2276859148984372197
N/A,Avenue of the Saints / 19422093,0.746,yes,79,no,191045922039878486,6953413417964158929
N/A,Avenue of the Saints / 19622745,0.435,yes,181,no,194502783450306945,6926954783281516785
N/A,Avenue of the Saints / 19624227,0.662,yes,146,no,194463750835231084,6927482548745408879
N/A,Avenue of the Saints / 19624228,1.526,yes,133,no,194432964534294871,2316069209142989231
N/A,Avenue of the Saints / 19705420,0.804,yes,253,no,191048670819996502,-2269954220831522855
N/A,Avenue of the Saints / 19726735,0.278,yes,257,yes,190580828600881799,6953233096247361397
N/A,Avenue of the Saints / 19917910,0.651,yes,180,no,192468689197553122,2334343084815430235
N/A,Avenue of the Saints / 20220758,0.380,yes,4,no,192522015424992764,6945184678511915339
N/A,Avenue of the Saints / 20240924,2.519,yes,134,no,194346652930758956,-2294996684996865431
N/A,Avenue of the Saints / 20400600,0.393,yes,292,no,192633065701987883,-2281455106443433151
N/A,Avenue of the Saints / 20400601,0.741,yes,284,no,192656155439879730,-2281494688744592593
N/A,Avenue of the Saints / 20400612,0.763,yes,271,no,192688591031850561,2330151747390024493
N/A,Avenue of the Saints / 20400613,0.708,yes,271,no,192719927112717904,2330147349460953899
N/A,Avenue of the Saints / 20522532,2.792,yes,271,no,191960165805282546,6952384278744284535
N/A,Avenue of the Saints / 20733594,0.713,yes,208,no,194538516166302094,-6919969201324033037
N/A,Avenue of the Saints / 20733595,0.897,yes,207,no,194553909350586772,-2308124853155136433
N/A,Avenue of the Saints / 2090869,0.321,yes,35,no,194227906311444739,-2289956524273951659
N/A,Avenue of the Saints / 21858069,0.326,yes,187,no,194482440399051128,2297782131854668245
N/A,Avenue of the Saints / 21894577,0.725,yes,91,no,192718827600565839,6941828969839733545
N/A,Avenue of the Saints / 21894578,0.725,yes,91,no,192687491519698497,2330147349339319083
N/A,Avenue of the Saints / 21894579,0.740,yes,104,no,192656155439355443,2330186931638381357
N/A,Avenue of the Saints / 2222333,0.738,yes,273,no,191263625351615417,6953505777777655781
N/A,Avenue of the Saints / 23262077,1.622,yes,171,no,194479141948053876,-6924635528896712023
N/A,Avenue of the Saints / 23303822,0.661,yes,359,no,194515977470302599,6926092766217768683
N/A,Avenue of the Saints / 23692903,1.169,yes,7,no,194486288707049848,-2313859906084539831
N/A,Avenue of the Saints / 24288515,0.085,yes,6,no,192540706851608069,6942950470959770929
N/A,Avenue of the Saints / 24292833,0.713,yes,179,no,194514877959199111,2314239622018764605
N/A,Avenue of the Saints / 2435349,0.681,yes,177,no,194237251978877192,-6903036723428583055
N/A,Avenue of the Saints / 262971,0.832,yes,180,no,192338397125760425,-6888734283418029177
N/A,Avenue of the Saints / 263322,2.977,yes,170,no,192558848939218438,6944546961971228339
N/A,Avenue of the Saints / 263864,0.656,yes,352,no,191933227877881072,2341428335710584555
N/A,Avenue of the Saints / 266056,1.310,yes,140,no,194489039578552691,6927341811374493937
N/A,Avenue of the Saints / 266104,0.881,yes,358,no,192581388849468951,2331954945985621501
N/A,Avenue of the Saints / 266378,1.723,yes,345,no,192524764172604924,6945184678562246751
N/A,Avenue of the Saints / 266549,0.518,yes,20,no,194575899613026720,-2307830183982269263
N/A,Avenue of the Saints / 269234,0.506,yes,9,no,192575891257775636,6943179169518857675
N/A,Avenue of the Saints / 270023,0.268,yes,248,no,192834276325152392,6941850960472845121
N/A,Avenue of the Saints / 270526,0.429,yes,9,no,192579189806814742,2331620694450777597
N/A,Avenue of the Saints / 271132,0.716,yes,270,no,192036581863413017,2340443173738790263
N/A,Avenue of the Saints / 271323,0.496,yes,2,no,191935976587220210,6952384278421323299
N/A,Avenue of the Saints / 272359,0.658,yes,357,no,194500584167004544,-6910143965583897389
N/A,Avenue of the Saints / 273004,0.604,yes,189,no,192575341501437459,-6891892079902839345
N/A,Avenue of the Saints / 274142,0.882,yes,178,no,192580839093655062,-6891417090869154307
N/A,Avenue of the Saints / 274188,1.785,yes,166,no,192523664660452860,2333498660132761689
N/A,Avenue of the Saints / 274467,3.580,yes,91,no,191357633595790279,-2269879452625256465
N/A,Avenue of the Saints / 274555,0.445,yes,183,no,191935426832979185,-2270970166249505241
N/A,Avenue of the Saints / 275145,0.533,yes,257,no,192817783647065726,6941820174105324341
N/A,Avenue of the Saints / 278387,0.643,yes,172,no,191932678122067183,-6881948099194896661
N/A,Avenue of the Saints / 279385,0.747,yes,112,no,192626468633269797,6941943318692506431
N/A,Avenue of the Saints / 279744,0.736,yes,212,no,192544005399074309,6942972461253143925
N/A,Avenue of the Saints / 2927951,0.550,yes,181,no,194237801873103112,-2290347950396662841
N/A,Avenue of the Saints / 3960738,0.214,yes,1,no,194237801859471625,2321267699286547327
N/A,Avenue of the Saints / 3960739,0.611,yes,1,no,194238351627868425,2321320475846777799
N/A,Avenue of the Saints / 4151958,1.715,yes,177,no,194171281668659434,6935399031326646009
N/A,Avenue of the Saints / 4151959,0.675,yes,175,no,194173480655739115,-6900094430539145555
N/A,Avenue of the Saints / 4191130,0.821,yes,314,no,192464840914720219,6946055491523981939
N/A,Avenue of the Saints / 4215068,2.392,yes,357,no,194172381170325738,-6899654625888035153
N/A,Avenue of the Saints / 4301265,0.169,yes,246,no,192843072421320333,6941877348777077577
N/A,Avenue of the Saints / 4504041,0.781,yes,262,no,190872199186961158,-2270090560942358641
N/A,Avenue of the Saints / 4779808,2.446,yes,314,no,194352150485752110,-6906731081917001121
N/A,Avenue of the Saints / 4805971,0.735,yes,192,no,190546194186982007,-2268520459640225121
N/A,Avenue of the Saints / 4994048,0.952,yes,178,no,194238351465863433,2320163789618551043
N/A,Avenue of the Saints / 4994049,0.673,yes,176,no,194240550464477449,-2291764121358559051
N/A,Avenue of the Saints / 5018998,0.764,yes,270,no,190740257793725131,2341617447214268299
N/A,Avenue of the Saints / 5321577,0.705,yes,93,no,191264175106905017,-2269870657125728285
N/A,Avenue of the Saints / 5321616,0.887,yes,25,no,190534649293394547,-6880408788225998253
N/A,Avenue of the Saints / 5321618,0.697,yes,12,no,190547293699134072,-6880193283923885407
N/A,Avenue of the Saints / 5649939,0.763,yes,27,no,194538516165253518,-6919986793507980301
N/A,Avenue of the Saints / 5811662,0.708,yes,357,no,194237801734691080,-2291350704999098003
N/A,Avenue of the Saints / 5837136,0.699,yes,82,no,190872199186436871,-2270094958995161205
N/A,Avenue of the Saints / 6051606,4.385,yes,180,no,190547843711324793,-2266836007826471097
N/A,Avenue of the Saints / 6051607,0.691,yes,181,no,190544545099371129,-2267011929695304373
N/A,Avenue of the Saints / 6730512,0.483,yes,185,no,194240550597646601,-2290796551128212749
N/A,Avenue of the Saints / 6730554,0.255,yes,244,no,194240000945117447,-2289886155487830935
N/A,Avenue of the Saints / 6788109,3.484,yes,0,no,190543445986202230,-6874827667188725173
N/A,Avenue of the Saints / 7084336,2.855,yes,91,no,191957417025688817,-2270970165930738315
N/A,Avenue of the Saints / 710017,2.866,yes,118,no,193507726936070052,2328146241412671201
N/A,Avenue of the Saints / 710028,0.660,yes,137,no,193561602968082385,2327728427067516585
N/A,Avenue of the Saints / 710105,6.316,yes,322,no,194103112071469217,-2286574426745987067
N/A,Avenue of the Saints / 710273,0.848,yes,357,no,194248797097908493,6934110403984104723
N/A,Avenue of the Saints / 710280,0.272,yes,183,no,194247147824175373,6933916889937616189
N/A,Avenue of the Saints / 710285,0.283,yes,184,no,194246598059972877,2322156104717442333
N/A,Avenue of the Saints / 710286,0.229,yes,4,no,194247147814213901,6933837725100416275
N/A,Avenue of the Saints / 710358,0.429,yes,156,no,194243849320225034,2322578317180411275
N/A,Avenue of the Saints / 710359,0.388,yes,338,no,194246048341907723,2322556326949952903
N/A,Avenue of the Saints / 710435,0.607,yes,308,no,194187224534833390,2323114878668119679
N/A,Avenue of the Saints / 710437,0.553,yes,127,no,194186125023205614,2323110480613219971
N/A,Avenue of the Saints / 710462,6.331,yes,142,no,194102562315655329,2325111591677206533
N/A,Avenue of the Saints / 721345,0.817,yes,175,no,194489587272341882,2298331887687430731
N/A,Avenue of the Saints / 721346,0.811,yes,356,no,194490686783445370,-6925048945256172983
N/A,Avenue of the Saints / 721352,1.641,yes,187,no,194477492566841716,6909054733903720879
N/A,Avenue of the Saints / 721354,1.051,yes,7,no,194476942802114932,-6926003321386831509
N/A,Avenue of the Saints / 721516,2.343,yes,181,no,194576999153490326,-2307324408656561027
N/A,Avenue of the Saints / 721981,0.639,yes,176,no,194500034411190656,6924909691649658067
N/A,Avenue of the Saints / 722313,1.311,yes,0,no,194300473577134373,-2294292997875952355
N/A,Avenue of the Saints / 722315,1.335,yes,181,no,194299923822369061,-6905974618258926303
N/A,Avenue of the Saints / 722337,1.140,yes,180,no,194301023274228005,-2294763588852640717
N/A,Avenue of the Saints / 722339,1.362,yes,360,no,194301573027944742,2317221496747987867
N/A,Avenue of the Saints / 722371,0.989,yes,157,no,194308170068351269,-2294763588793920699
N/A,Avenue of the Saints / 722375,1.001,yes,337,no,194312018353805607,2316878449183036207
N/A,Avenue of the Saints / 722428,0.788,yes,134,no,194397230430509388,2316205548406575659
N/A,Avenue of the Saints / 722430,0.705,yes,314,no,194401078719633742,6927869576609796647
N/A,Avenue of the Saints / 722773,4.038,yes,180,no,194501133993597312,6924909691702087403
N/A,Avenue of the Saints / 722776,4.025,yes,1,no,194501683749411200,-6910143965529370901
N/A,Avenue of the Saints / 722800,0.521,yes,166,no,194246598047389965,2322156104736316613
N/A,Avenue of the Saints / 722801,0.511,yes,341,no,194247697558493453,6933837725121387715
N/A,Avenue of the Saints / 722815,0.431,yes,159,no,194257593151609103,-6901339077399798633
N/A,Avenue of the Saints / 722816,0.447,yes,344,no,194258142906898704,2322032959454977171
N/A,Avenue of the Saints / 722821,0.434,yes,40,no,194252095580887308,-2289842174972388205
N/A,Avenue of the Saints / 722822,0.297,yes,220,no,194254294606764302,-6901497407074198377
N/A,Avenue of the Saints / 722841,0.305,yes,63,no,194239451188254983,2321795464893045863
N/A,Avenue of the Saints / 722849,0.204,yes,221,no,194247147775416588,2321835047332617339
N/A,Avenue of the Saints / 722862,0.778,yes,152,no,194228456058345733,2321782270722055169
N/A,Avenue of the Saints / 722863,0.589,yes,332,no,194231754589559043,-2289956524259271683
N/A,Avenue of the Saints / 722919,0.558,yes,172,no,194237801848985864,-2290409523039429845
N/A,Avenue of the Saints / 722920,0.528,yes,351,no,194238901360089353,2321267699297033003
N/A,Avenue of the Saints / 722923,0.614,yes,359,no,194242199877671178,6932821776333282019
N/A,Avenue of the Saints / 722925,0.491,yes,174,no,194241100368140554,2321135757903796979
N/A,Avenue of the Saints / 722941,0.467,yes,1,no,194238351644121353,2321597552776977351
N/A,Avenue of the Saints / 722942,0.512,yes,181,no,194237801888831752,6933292367295290311
N/A,Avenue of the Saints / 723080,0.656,yes,176,no,194242749467810058,-2291935645166200727
N/A,Avenue of the Saints / 723123,1.819,yes,4,no,194236152505522440,-2291350704997000559
N/A,Avenue of the Saints / 729594,0.237,yes,76,no,192820532426135170,6941824572139252527
N/A,Avenue of the Saints / 729763,0.539,yes,66,no,192836475348932230,-2281534270494201017
N/A,Avenue of the Saints / 729774,0.282,yes,64,no,192852418272253584,-6893167512321512619
N/A,Avenue of the Saints / 729893,1.794,yes,289,no,192587985735210505,-2281345155339375789
N/A,Avenue of the Saints / 730352,0.692,yes,359,no,192338946881050025,-2277035070849010819
N/A,Avenue of the Saints / 730358,3.399,yes,270,no,192374680965436841,-2277035070433774931
N/A,Avenue of the Saints / 730457,0.599,yes,6,no,192539057573680641,-2280562303383360215
N/A,Avenue of the Saints / 730474,0.820,yes,21,no,192521465370859003,6942629413535100137
N/A,Avenue of the Saints / 730825,5.213,yes,359,no,190548393300415098,2344674088744665761
N/A,Avenue of the Saints / 730826,5.224,yes,179,no,190547293788787321,-2267011929686916449
N/A,Avenue of the Saints / 731134,0.621,yes,181,no,190531350643167859,-6881345572172709745
N/A,Avenue of the Saints / 731136,0.550,yes,2,no,190532450155844212,2342048454916718735
N/A,Avenue of the Saints / 731214,1.517,yes,343,no,190537397927760500,2342048454971244453
N/A,Avenue of the Saints / 731216,1.714,yes,164,no,190538497434145395,-6881345572105601145
N/A,Avenue of the Saints / 731265,2.281,yes,97,no,190807328001970906,-6881763385349750911
N/A,Avenue of the Saints / 731269,2.250,yes,275,no,190806228490867418,2341613049543147395
N/A,Avenue of the Saints / 731272,3.329,yes,89,no,190956861597504277,6953299068635332543
N/A,Avenue of the Saints / 731273,3.333,yes,268,no,190958510865470230,2341621846307258305
N/A,Avenue of the Saints / 731289,4.402,yes,90,no,191153124438266724,6953453001099984871
N/A,Avenue of the Saints / 731378,3.565,yes,271,no,191357633596314568,2341810963846545393
N/A,Avenue of the Saints / 7571399,0.374,yes,80,no,192865612415456917,-6893136725935117475
N/A,Avenue of the Saints / 7911005,0.162,yes,244,no,194232304360577285,2321782270717860953
N/A,Avenue of the Saints / 8090339,0.706,yes,134,no,193998108786514071,2325234736367149627
N/A,Avenue of the Saints / 8606322,0.007,yes,39,no,194246048262215948,-2289846573062939539
N/A,Avenue of the Saints / 874697,0.759,yes,7,no,194481340875889015,2297632598273290691
N/A,Avenue of the Saints / 875820,0.699,yes,350,no,194502783457122687,6927148297332199627
N/A,Avenue of the Saints / 877457,1.047,yes,277,no,192502224228799978,6945382590604915019
N/A,Avenue of the Saints / 878412,0.398,yes,189,no,192578640051000854,2331629490543799805
N/A,Avenue of the Saints / 888406,0.872,yes,272,no,192787547076253293,2330138553640561447
N/A,Avenue of the Saints / 888496,1.274,yes,182,no,192340046425183657,-6888523177181301733
N/A,Avenue of the Saints / 888647,1.111,yes,92,no,192791945122240108,-6893237881227171031
N/A,Avenue of the Saints / 888924,3.729,yes,90,no,192382927302120873,-6888734282944073055
N/A,Avenue of the Saints / 889333,2.752,yes,180,no,192084410594579749,-6882933260898255705
N/A,Avenue of the Saints / 889651,0.671,yes,89,no,192034382839633176,6952124794104986997
N/A,Avenue of the Saints / 8909185,0.616,yes,1,no,194301023362308389,-2293958746339011227
N/A,Avenue of the Saints / 911457,0.480,yes,1,no,194506080716413315,2304744239569829333
N/A,Avenue of the Saints / 911631,0.997,yes,356,no,194503332920908161,2313060945513942111
N/A,Avenue of the Saints / 913666,0.335,yes,27,no,194568203020097949,-2307904950796026759
N/A,Avenue of the Saints / 913884,0.805,yes,174,no,194504981199542658,-2306946176889389647
N/A,Avenue of the Saints / 916107,1.728,yes,2,no,191938175644030194,2341261209947356709
N/A,Avenue of the Saints / 916483,0.637,yes,186,no,192539057573680641,6942805335422807337
N/A,Avenue of the Saints / 916819,0.541,yes,102,no,192490679356708330,2333692174059712869
N/A,Avenue of the Saints / 916851,4.284,yes,270,no,191154773706232677,-2269901443572940823
N/A,Avenue of the Saints / 917173,2.681,yes,360,no,192084960349869351,6952129192432516265
N/A,Avenue of the Saints / 932136,1.005,yes,176,no,194502233409280384,-2298625072915542945
N/A,Avenue of the Saints / 935196,0.703,yes,30,no,192544005398025733,6942972461248949617
N/A,Avenue of the Saints / 935239,1.709,yes,182,no,191937076132926705,-6882110826909516249
N/A,Avenue of the Saints / 9891652,0.349,yes,5,no,194241100351363338,6932575485728660195
N/A,Brady Street / 12399476,0.417,yes,4,no,196656726690323797,2314947715683848285
N/A,Brady Street / 14829243,0.278,yes,7,no,196656176924024148,-6908494689921396691
N/A,Brady Street / 18955579,0.279,yes,180,no,196655627168210260,-6908494689925590995
N/A,Brady Street / 19405703,0.035,yes,194,no,196657826208767317,-6908318768056758175
N/A,Brady Street / 262157,0.424,yes,183,no,196655627178696020,-6908424321173024675
N/A,Collins Road Northeast / 13909379,0.795,yes,82,no,194203717162588402,2322653083872533989
N/A,Collins Road Northeast / 13909380,0.115,yes,100,no,194184475707529455,-2289028536638366243
N/A,Collins Road Northeast / 21460278,0.902,yes,262,no,194200418627705071,6934343500342238693
N/A,Collins Road Northeast / 5509869,0.190,yes,91,no,194261441523046673,-2289019740245451293
N/A,Collins Road Northeast / 6683957,0.222,yes,271,no,194260891767757073,6934356694655835621
N/A,Collins Road Northeast / 710343,0.855,yes,88,no,194238901534677249,6934356694624378339
N/A,Collins Road Northeast / 710345,0.848,yes,268,no,194237802023049472,-2289015342234591771
N/A,Dubuque-Wisconsin Bridge / 261632,0.560,yes,271,no,196512692602756366,2331238079451376925
N/A,Dubuque-Wisconsin Bridge / 870899,0.560,yes,91,no,196512692602756366,2331238079451376923
N/A,Great River Bridge / 15154877,0.169,yes,298,no,195495091020323651,6912982193315772387
N/A,Great River Bridge / 20478289,0.168,yes,119,no,195495091020323651,6912977795267164131
N/A,I 129;US 20;US 75 / 19262740,0.254,yes,99,no,183884801413039778,-6893343468392797453
N/A,I 129;US 20;US 75 / 20788251,0.253,yes,279,no,183886450680481443,-6893343468384408845
N/A,I 280 / 13332180,0.992,yes,303,no,196454966111591665,-2298246833409880773
N/A,I 280 / 1390012,0.668,yes,129,no,196482453886033152,-2298400764955980537
N/A,I 280 / 19229507,1.158,yes,123,no,196451667577756912,2313474369389595961
N/A,I 280 / 911835,0.517,yes,167,no,196431876388379885,-6909770124256866929
N/A,I 280 / 912890,0.651,yes,345,no,196433525653200110,2313597514566077823
N/A,I 280 / 932057,0.801,yes,309,no,196484652908764416,-2298400764939203331
N/A,I 280;US 61 / 13513958,3.031,yes,357,no,196419781874769130,6925802502433542159
N/A,I 280;US 61 / 13513959,0.671,yes,360,no,196426379000634604,2314881744101183581
N/A,I 280;US 61 / 20028371,1.478,yes,182,no,196429677395008747,-2297710271897006647
N/A,I 280;US 61 / 20028372,0.641,yes,170,no,196423080356699369,-2297551942237286797
N/A,I 280;US 61 / 20028375,2.992,yes,179,no,196418682365238505,-2297547544190775275
N/A,I 280;US 61 / 20028376,0.372,yes,180,no,196425279485861099,-2296791080190865345
N/A,I 280;US 61 / 24065194,0.642,yes,349,no,196424179865705706,6925802502437736041
N/A,I 280;US 61 / 24065195,1.407,yes,2,no,196430227149249772,-6909418280552755769
N/A,I 280;US 6;US 61 / 13470343,0.383,yes,171,no,196425279496871147,6926770072663887935
N/A,I 280;US 6;US 61 / 18618963,0.118,yes,0,no,196426379012168940,6926739286342504555
N/A,I 29 / 10759753,0.281,yes,52,no,184926586212534396,-2302389837244660169
N/A,I 29 / 10759757,0.922,yes,65,no,184949126209292417,2309340161786250839
N/A,I 29 / 10759892,0.042,yes,338,no,184937031750207619,-6912554131556136751
N/A,I 29 / 11273133,0.368,yes,176,no,184934832732719234,-6912466170630108971
N/A,I 29 / 11273134,0.037,yes,158,no,184936481994393731,6922499525677418705
N/A,I 29 / 11273135,0.407,yes,150,no,184940880035137667,-6912567325664212823
N/A,I 29 / 12825726,3.819,yes,360,no,184939230844766339,6922609476840196801
N/A,I 29 / 12825727,0.434,yes,359,no,184936482130184323,-6911476610163012877
N/A,I 29 / 12825806,0.624,yes,1,no,184489531726186424,2320867439869434619
N/A,I 29 / 12825814,7.323,yes,332,no,184338898938316630,2324355090486402551
N/A,I 29 / 12825815,0.519,yes,335,no,184269080058480465,-2287212181243027229
N/A,I 29 / 1307560,0.752,yes,347,no,183893597479847592,-2281784993272288663
N/A,I 29 / 1377334,3.214,yes,350,no,185120099125512406,-6923149024749947719
N/A,I 29 / 1377583,0.483,yes,272,no,184977713514236049,-6913957108202338721
N/A,I 29 / 1377797,4.701,yes,360,no,184939230987372675,6924887664932948723
N/A,I 29 / 1389097,7.712,yes,304,no,185298219821517052,6910712762873147743
N/A,I 29 / 1389144,0.710,yes,321,no,185088764073298116,-2303163892795177855
N/A,I 29 / 1389421,2.143,yes,346,no,185129995340957910,6916887619107290605
N/A,I 29 / 1389656,2.252,yes,166,no,185128346076137685,-6918130853760467471
N/A,I 29 / 1389980,0.577,yes,180,no,185142639308392673,2301516037711984655
N/A,I 29 / 1389984,3.930,yes,186,no,185144838399805665,2301516037764413975
N/A,I 29 / 13990916,0.686,yes,9,no,185119549428943062,-6923149024890456493
N/A,I 29 / 14203633,0.602,yes,331,no,185166828323555561,6911178954857510013
N/A,I 29 / 14203634,0.785,yes,331,no,185180572200552686,-2312325023331781587
N/A,I 29 / 16101040,0.670,yes,325,no,185429061621336415,-6925765861369188065
N/A,I 29 / 16638309,0.180,yes,334,no,185078868480182467,6920247726411089091
N/A,I 29 / 16935843,0.654,yes,184,no,185158582363834599,-6920857642526049695
N/A,I 29 / 17083899,0.617,yes,274,no,183799039601493623,-2280861403844694949
N/A,I 29 / 17186817,0.261,yes,269,no,185060176797714617,2308671659089855749
N/A,I 29 / 17647835,0.816,yes,180,no,183892497995482791,6941820140016118475
N/A,I 29 / 17714349,0.551,yes,360,no,183911739350402737,6940821783531497887
N/A,I 29 / 17826669,3.797,yes,185,no,184492280572364722,-2289705872792741125
N/A,I 29 / 17826670,0.471,yes,162,no,184474688449234863,-2289595921674003285
N/A,I 29 / 17826671,2.153,yes,151,no,184455996788787101,-2289103340489925409
N/A,I 29 / 18114573,0.334,yes,181,no,184899099014809714,6925943195953008409
N/A,I 29 / 18184821,0.673,yes,180,no,183911189595637425,2329131367057598893
N/A,I 29 / 18221944,0.437,yes,334,no,183940326600296124,6940500726259919011
N/A,I 29 / 18221948,0.694,yes,319,no,184018941585737437,-6895344579024771283
N/A,I 29 / 18221950,1.059,yes,344,no,184042031308949222,-6895476520344607039
N/A,I 29 / 18221951,0.546,yes,343,no,184051926890530543,-6895714014831040891
N/A,I 29 / 18221953,1.158,yes,322,no,184070068810368754,-6895845956111030757
N/A,I 29 / 18221954,0.496,yes,321,no,184092059023001344,6938979002756376045
N/A,I 29 / 18221956,4.244,yes,333,no,184147034544097030,6938877848015873087
N/A,I 29 / 18366620,0.267,yes,1,no,184899648760662130,-6909194024166355219
N/A,I 29 / 18460833,0.441,yes,357,no,184934283280992385,-6909910905613447849
N/A,I 29 / 18618900,0.405,yes,177,no,184933733526751361,2313469927332253023
N/A,I 29 / 18698669,0.029,yes,150,no,185073370926762177,6920274114662892765
N/A,I 29 / 18760367,0.487,yes,173,no,184185517386581805,6937941064115299339
N/A,I 29 / 18760370,4.361,yes,153,no,184144285767649028,6938908634339353667
N/A,I 29 / 18760371,0.496,yes,141,no,184087660980160254,6939005391018665467
N/A,I 29 / 18760372,0.998,yes,141,no,184067869788686066,-6895850354174319065
N/A,I 29 / 18760373,0.605,yes,163,no,184050827379427055,2327666818116757123
N/A,I 29 / 18760377,1.079,yes,159,no,184040382043080421,6939594729072895685
N/A,I 29 / 18760381,0.483,yes,155,no,183938677333903035,6940518318441769125
N/A,I 29 / 18991241,0.045,yes,357,no,184934833029466242,-6910034050915758761
N/A,I 29 / 19527708,0.475,yes,140,no,184821583527888972,2315035631485456427
N/A,I 29 / 19802602,0.600,yes,192,no,185119549431564502,2300253798289897047
N/A,I 29 / 20830740,0.556,yes,178,no,184935932372797571,6923695794328439475
N/A,I 29 / 21053088,0.673,yes,115,no,185062925573638326,-6914713571877190431
N/A,I 29 / 21169756,0.532,yes,176,no,184935932522743938,-2298427197319279377
N/A,I 29 / 22605333,0.337,yes,1,no,184900198526437490,-6909114859327058151
N/A,I 29 / 23354609,0.561,yes,312,no,184844673254770773,-6908477142761205783
N/A,I 29 / 23730193,0.428,yes,358,no,184934832734292099,6922609476840196311
N/A,I 29 / 23730259,0.703,yes,328,no,184427959275833240,-6900661815704805967
N/A,I 29 / 23730260,1.937,yes,331,no,184457096299890591,-6900815747198477081
N/A,I 29 / 23730261,0.506,yes,342,no,184474688450807727,-2289573931441447761
N/A,I 29 / 23730262,3.846,yes,6,no,184493380085041074,-2289697076697621765
N/A,I 29 / 23936100,0.255,yes,181,no,184899099004848242,6925868429160222445
N/A,I 29 / 23949009,0.644,yes,4,no,185159132119648487,-2309176022140978593
N/A,I 29 / 24099064,0.585,yes,144,no,185425213333784926,6909305388033634607
N/A,I 29 / 24116483,0.311,yes,332,no,184940330280372355,-2300881307243116365
N/A,I 29 / 24227191,0.307,yes,151,no,185076669457451201,-6914792736687127361
N/A,I 29 / 2531479,1.609,yes,101,no,183737466949813842,-6892525432190522275
N/A,I 29 / 262146,0.125,yes,278,no,183828176653862538,2330776236144471113
N/A,I 29 / 262156,0.392,yes,286,no,183839171768567436,-6892600198695998405
N/A,I 29 / 262168,0.367,yes,311,no,183852915658147475,-2280944966552245219
N/A,I 29 / 262206,2.352,yes,347,no,183879853656852120,-2281010937124082913
N/A,I 29 / 262244,0.662,yes,87,no,183786395217249905,-2280870199979660193
N/A,I 29 / 262247,0.328,yes,267,no,183778698635855473,-6892551820419257247
N/A,I 29 / 262338,1.579,yes,281,no,183737466949813842,-2280835015718720417
N/A,I 29 / 262585,0.511,yes,92,no,184978813025339537,-6913961506244655521
N/A,I 29 / 262792,6.860,yes,341,no,184206957754271534,-6897240136171380453
N/A,I 29 / 262795,6.839,yes,161,no,184206407998457646,6937817919106588955
N/A,I 29 / 264140,0.499,yes,334,no,185072271419328702,2308667261087384789
N/A,I 29 / 264346,0.575,yes,359,no,185143738820020449,-6921855999138596849
N/A,I 29 / 266559,0.548,yes,146,no,184595634328258533,-6904633251068897611
N/A,I 29 / 266566,0.502,yes,326,no,184596733839886310,2318734387741464247
N/A,I 29 / 266571,9.083,yes,356,no,184492830114269112,2320867440253212391
N/A,I 29 / 266573,9.116,yes,176,no,184491730603689911,-2290800985992325399
N/A,I 29 / 266602,3.618,yes,348,no,184609927919126507,-6904743202181343973
N/A,I 29 / 266609,5.785,yes,186,no,184617624468015083,6930310455064794145
N/A,I 29 / 266610,1.699,yes,353,no,184614325872314352,6929294506320729125
N/A,I 29 / 266627,0.715,yes,353,no,184620373150091250,-6906190159458331693
N/A,I 29 / 266629,0.658,yes,173,no,184619823394277362,-6906198955553451051
N/A,I 29 / 266637,6.508,yes,161,no,184648960346507252,2317005955957526847
N/A,I 29 / 266644,6.605,yes,341,no,184650609611851764,6928683178308669751
N/A,I 29 / 270575,0.700,yes,331,no,185195415587604726,2299185073287590885
N/A,I 29 / 271488,0.975,yes,215,no,185000253515712666,-6913943913978919235
N/A,I 29 / 274128,0.435,yes,176,no,184934833025796226,6925054790694079789
N/A,I 29 / 277740,3.923,yes,7,no,185145388155619553,-6921855999088264683
N/A,I 29 / 3536603,0.447,yes,6,no,184614325904820208,6929294506310243611
N/A,I 29 / 4050033,0.139,yes,195,no,184919439380662395,2309252200675673631
N/A,I 29 / 6631115,0.560,yes,181,no,184488981971421111,-2290800986374006021
N/A,I 29 / 7108875,0.458,yes,353,no,184186067141871405,-6897125787257789429
N/A,I 29 / 7108887,3.089,yes,330,no,183978259705317056,2328713553010239339
N/A,I 29 / 7175519,0.252,yes,143,no,185082716764063940,-6914858707361725273
N/A,I 29 / 723644,0.347,yes,296,no,183818281050785411,-2280874597931799477
N/A,I 29 / 726164,4.763,yes,133,no,185134392760944854,2300253798537360425
N/A,I 29 / 726179,0.575,yes,151,no,185194316076501238,2299176277186180079
N/A,I 29 / 726192,7.717,yes,124,no,185294371531868411,6910734753095217509
N/A,I 29 / 726673,0.427,yes,141,no,185092062604511431,6920146571406345345
N/A,I 29 / 727044,7.296,yes,355,no,185156933216454883,6916205921969371743
N/A,I 29 / 727063,7.331,yes,175,no,185155833705875682,-2307152920750065055
N/A,I 29 / 727133,0.612,yes,358,no,184918339863791740,-6914220991242566109
N/A,I 29 / 727136,0.410,yes,232,no,184926036457244796,2309287385098094139
N/A,I 29 / 727140,0.139,yes,198,no,184919439380662395,2309252200675673631
N/A,I 29 / 727156,0.599,yes,160,no,184919989125466235,2309252200684062155
N/A,I 29 / 727195,4.593,yes,328,no,184982111654594694,-2300947277680736567
N/A,I 29 / 727196,4.592,yes,145,no,184983760919414919,-6912655286351165763
N/A,I 29 / 727992,3.103,yes,360,no,184899098953468018,-6909194024040526455
N/A,I 29 / 727993,3.078,yes,180,no,184898549198178418,6925864031237442957
N/A,I 29 / 728002,2.231,yes,311,no,184888653691045981,-6908573899606192359
N/A,I 29 / 728004,3.060,yes,132,no,184874909804087378,2314943272781352729
N/A,I 29 / 728015,2.135,yes,134,no,184784200161904687,-6907944979280162731
N/A,I 29 / 728018,2.779,yes,319,no,184797944048338993,2315409465468260373
N/A,I 29 / 728025,0.642,yes,317,no,184746267038533672,-6907839426390388479
N/A,I 29 / 728026,0.664,yes,138,no,184742418749933606,-6907821834219024121
N/A,I 29 / 741821,0.725,yes,168,no,183893047725082280,-6893466613659456913
N/A,I 29 / 741996,1.755,yes,172,no,183913938411407019,-6893642535471666771
N/A,I 29 / 744060,0.532,yes,114,no,183811683983640190,-2280865801853457331
N/A,I 29 / 749667,1.376,yes,334,no,183922734438893233,6940821783623772367
N/A,I 29 / 749902,1.292,yes,154,no,183921634927789745,2329131367141484759
N/A,I 29 / 754976,0.560,yes,149,no,184425760254150552,2322705823088778685
N/A,I 29 / 7623952,2.908,yes,149,no,183974961173055167,-6894649687770388609
N/A,I 29 / 7623953,0.839,yes,139,no,184014543542372059,6939761854758528819
N/A,I 29 / 8695254,0.860,yes,245,no,184949675965630594,2309348957877175897
N/A,I 29 / 876487,0.616,yes,346,no,185144288951748832,6916359853551123881
N/A,I 29 / 887458,3.910,yes,4,no,185142639240235224,-6922977500998928369
N/A,I 29 / 887578,0.596,yes,165,no,185143189441169631,-2307003387214824017
N/A,I 29 / 888122,3.872,yes,184,no,185141539729131736,-6922968704910100465
N/A,I 29 / 888434,1.223,yes,175,no,185114052476881107,2305549046264102639
N/A,I 29 / 914358,4.387,yes,180,no,184938681226840195,6923695794326342895
N/A,I 29 / 914747,1.086,yes,36,no,185002452540541083,2309428122886342345
N/A,I 29 / 91634,0.872,yes,114,no,183843569813505673,-2280909782182253537
N/A,I 29 / 91724,0.386,yes,357,no,183892497999677095,-2281569489024701709
N/A,I 29 / 925466,1.193,yes,355,no,185115151983790291,-6917866971049492769
N/A,I 29 / 925937,0.549,yes,357,no,184935932532181122,-6910034050909467373
N/A,I 29 / 9728217,3.783,yes,180,no,184938681086331010,-6912466170628011341
N/A,I 29 / 9728296,0.491,yes,155,no,184267980547376977,6936164253651968233
N/A,I 29 / 9728297,7.377,yes,151,no,184337249671399253,6936049905002618357
N/A,I 29 / 9758107,0.672,yes,273,no,183689638196627014,2330864196590251117
N/A,I 29 / 9760398,0.704,yes,96,no,183687988929185349,2330864196588153963
N/A,I 29 / 99004,2.283,yes,167,no,183879303902086808,-6892692557509154007
N/A,I 29 / 99106,1.817,yes,353,no,183915037920937644,6941402325670963617
N/A,I 29;I 80 Local;US 6 / 1389331,0.707,yes,91,no,185012348040333471,2308658464805618945
N/A,I 29;I 80 Local;US 6 / 16525110,0.655,yes,271,no,184982661227432082,2308667260781200645
N/A,I 29;I 80 Local;US 6 / 21436418,0.682,yes,90,no,184983210982197394,2308658464690275585
N/A,I 29;I 80 Local;US 6 / 23218633,0.235,yes,91,no,184963969528711309,-6914713572273552127
N/A,I 29;I 80 Local;US 6 / 273528,0.506,yes,90,no,185038186563586220,-2303027553539980031
N/A,I 29;I 80 Local;US 6 / 277449,0.718,yes,270,no,185011798285568158,-2303018757530843899
N/A,I 29;I 80 Local;US 6 / 5602321,0.183,yes,268,no,185050830948878517,-6914704775853374201
N/A,I 29;I 80 Local;US 6 / 726610,0.470,yes,268,no,185037087053007020,-6914704775882734331
N/A,I 29;I 80 Local;US 6 / 727279,0.212,yes,272,no,184964519286098062,2308671658720756997
N/A,I 29;US 20 Business / 19259041,0.075,yes,100,no,183823228851537544,-6892591402686862261
N/A,I 29;US 275 / 1389145,4.106,yes,194,no,185100858482575562,2306103200095142471
N/A,I 29;US 275 / 14124894,0.598,yes,164,no,185095910610520266,2306103200055296051
N/A,I 29;US 275 / 14779390,0.636,yes,355,no,185109104890038481,6918972293036114503
N/A,I 29;US 275 / 20918025,0.631,yes,174,no,185108555134748881,2307286274606629449
N/A,I 29;US 275 / 268367,4.348,yes,0,no,185106356186990796,-2303309028292296047
N/A,I 29;US 275 / 4570460,0.638,yes,344,no,185099209138587851,-6917326011389444073
N/A,I 29;US 275 / 726370,1.542,yes,354,no,185110204222359759,2305892093875191655
N/A,I 29;US 275 / 726769,4.316,yes,14,no,185100308723091659,-6917326011362180537
N/A,I 29;US 275 / 876033,4.338,yes,180,no,185105806430652620,-6914995046721781103
N/A,I 29;US 275 / 876471,1.628,yes,169,no,185108554961733837,6917639684949540731
N/A,I 29;US 6 / 11279769,0.213,yes,150,no,184930984197179519,-2302856030168545991
N/A,I 29;US 6 / 15741171,0.304,yes,330,no,184932633464096896,2308829988269327665
N/A,I 29;US 6 / 23854880,0.092,yes,330,no,184937031505365123,2308764017580049705
N/A,I 29;US 6 / 4047323,0.105,yes,0,no,184923287634659453,6920634753904280977
N/A,I 29;US 6 / 727170,0.359,yes,356,no,184922737896147068,-6914220991238371913
N/A,I 29;US 6 / 727286,0.648,yes,298,no,184946377345288324,2308746425477891335
N/A,I 29;US 6 / 727302,0.452,yes,157,no,184923837380511869,2308935541358331215
N/A,I 29;US 6 / 727308,0.165,yes,180,no,184922737878321277,2308935541335262609
N/A,I 29;US 6 / 727328,0.337,yes,359,no,184923287640950909,6920661142183347639
N/A,I 29;US 6 / 727330,0.496,yes,179,no,184922737888282749,2308979521800373707
N/A,I 29;US 6 / 887571,0.889,yes,142,no,184941429542963329,-2302904408581602047
N/A,I 29;US 6 / 887572,0.490,yes,341,no,184924387137374333,6920634753927349583
N/A,I 29;US 75 Business / 14749428,0.087,yes,360,no,183893047736616616,-2281784993301648697
N/A,I 29;US 75 Business / 19262058,0.334,yes,360,no,183892497987094184,-6893365458612770105
N/A,I 29;US 75 Business / 19946966,0.099,yes,180,no,183892497981851304,-6893466613684622645
N/A,I 29;US 75 Business / 22099434,0.057,yes,0,no,183892497993385640,-6893365458614867213
N/A,I 35 / 10181286,0.921,yes,164,no,190554990070289019,-2270081766103433439
N/A,I 35 / 10181288,0.680,yes,178,no,190560487563940480,-6882335132526559689
N/A,I 35 / 10343946,0.644,yes,176,no,190059658125857181,2325164352561226249
N/A,I 35 / 10998894,0.520,yes,352,no,190049761466339735,-6907074146095590823
N/A,I 35 / 10999396,0.721,yes,26,no,190313096620888589,2333934058292130355
N/A,I 35 / 11021822,0.727,yes,358,no,190561587074519681,2341036904332410417
N/A,I 35 / 11265051,0.558,yes,16,no,189565974990115003,2304757414872743505
N/A,I 35 / 11265058,0.453,yes,31,no,189581368215818433,6916993189181128507
N/A,I 35 / 11265060,1.371,yes,2,no,189596211647959237,-2306277692561948717
N/A,I 35 / 11265061,0.421,yes,2,no,189597311186849994,-2305943441025007613
N/A,I 35 / 11516532,0.495,yes,189,no,189596212005523657,-6914871884292029197
N/A,I 35 / 12297372,4.522,yes,3,no,189477463803383950,-6923311735947397187
N/A,I 35 / 12297376,3.804,yes,32,no,189540685855150238,-6922045098331997807
N/A,I 35 / 12557043,0.699,yes,221,no,190110786272186799,-2279489189266313459
N/A,I 35 / 12812324,0.311,yes,88,no,190025572184314250,6927702434136461843
N/A,I 35 / 13544197,0.750,yes,358,no,189607207819628751,2314512282183274257
N/A,I 35 / 13555448,0.757,yes,179,no,190047562525921687,-6906344070387330169
N/A,I 35 / 13622645,0.631,yes,189,no,189460971051896972,-6923470065730849349
N/A,I 35 / 13622649,0.600,yes,200,no,189495605821264026,-6922177039920269313
N/A,I 35 / 13622653,0.562,yes,184,no,189550031768998068,-2309466276460758575
N/A,I 35 / 1376837,0.938,yes,3,no,190063505567732124,6929536419644839359
N/A,I 35 / 1376971,0.774,yes,354,no,189610506316239056,2314195622851251839
N/A,I 35 / 1388400,1.367,yes,358,no,189606108339982542,-6908512309001318553
N/A,I 35 / 1388446,0.760,yes,174,no,189609956560425167,-6909176414005621121
N/A,I 35 / 1390403,1.189,yes,359,no,190059108067529116,-2289292435172352527
N/A,I 35 / 1390418,2.311,yes,185,no,190062406675812765,-2288817446121889975
N/A,I 35 / 13905649,1.299,yes,359,no,190047562557378967,-6906014216898997281
N/A,I 35 / 1390822,0.504,yes,354,no,189613255075909841,-6909369928041623995
N/A,I 35 / 1390936,1.235,yes,179,no,190058558311190940,-6900987249694859789
N/A,I 35 / 1390938,2.310,yes,5,no,190062956431626654,2322868572307595081
N/A,I 35 / 1390962,1.031,yes,176,no,190099240450609581,6936111499317354637
N/A,I 35 / 1390987,0.943,yes,195,no,189555529605009592,6916188346573127177
N/A,I 35 / 14130079,0.460,yes,1,no,189605558611955918,-6908512309003415493
N/A,I 35 / 14358720,0.370,yes,182,no,189568723780718781,6916566578600345205
N/A,I 35 / 14358722,0.223,yes,177,no,189568174033817789,-6918399117705085297
N/A,I 35 / 14358723,1.141,yes,178,no,189566524787347645,-6918341943071080691
N/A,I 35 / 14358724,0.483,yes,212,no,189580818460528833,2305307170753740605
N/A,I 35 / 14358725,1.405,yes,182,no,189595661893193925,-2306273294517534759
N/A,I 35 / 14358726,0.442,yes,183,no,189596761433133258,-6917616265314959349
N/A,I 35 / 14384157,0.844,yes,360,no,189600060832567499,-2298726246693991163
N/A,I 35 / 14391743,1.013,yes,178,no,190059107670118812,-2292599766150801413
N/A,I 35 / 14391744,2.356,yes,179,no,190058557965160860,-6903432563555035141
N/A,I 35 / 14391745,0.655,yes,181,no,190058558010773916,-6903428165510620841
N/A,I 35 / 15077526,1.010,yes,182,no,189614904326574287,6925362671792426587
N/A,I 35 / 15402266,0.501,yes,219,no,190044813644616082,-6907338028896742841
N/A,I 35 / 15480819,0.794,yes,206,no,190311997108736524,6945611280624398901
N/A,I 35 / 16289307,0.793,yes,41,no,190108037489447341,-2279528771691204859
N/A,I 35 / 16655480,0.650,yes,5,no,190068454034330016,-6899918524352815211
N/A,I 35 / 17342678,0.682,yes,0,no,190059107766063516,-2291750943172060841
N/A,I 35 / 17342679,2.497,yes,359,no,190059107718353308,-2291750943172061209
N/A,I 35 / 17342680,0.991,yes,359,no,190059657421214109,2319297358513313653
N/A,I 35 / 17342681,1.806,yes,359,no,190060756890374557,6930732688293762723
N/A,I 35 / 17674353,0.713,yes,183,no,190059658277376412,-6897103774621358949
N/A,I 35 / 17712455,0.703,yes,181,no,190060208368734621,6940769030427912603
N/A,I 35 / 17712456,2.693,yes,180,no,190060208420639133,6940949350343256787
N/A,I 35 / 17712457,0.450,yes,182,no,190062957247418782,6941635445603183367
N/A,I 35 / 17712458,0.335,yes,180,no,190063507014767006,-2281622242042303699
N/A,I 35 / 17712459,0.809,yes,180,no,190063507032068510,-2281538679156495477
N/A,I 35 / 17974344,0.543,yes,179,no,189561027099185338,6915704561456905473
N/A,I 35 / 17974345,0.893,yes,179,no,189560477365391545,-6918988455964836607
N/A,I 35 / 17974346,0.475,yes,172,no,189558278362583224,6916188346566835561
N/A,I 35 / 18581325,0.346,yes,0,no,190064056771105183,2330063776387181359
N/A,I 35 / 18581337,0.660,yes,1,no,190060758125072797,-6894280228759131751
N/A,I 35 / 18982981,0.176,yes,2,no,189606108377206990,-2296707543320227761
N/A,I 35 / 18994668,0.651,yes,185,no,190067904278516128,6935139530927251349
N/A,I 35 / 18994669,1.672,yes,193,no,190072852115968417,6935306656763879501
N/A,I 35 / 18994670,0.609,yes,206,no,190092643356725673,-6899346778197319539
N/A,I 35 / 19100686,0.495,yes,178,no,189607757556568271,6926009184610684631
N/A,I 35 / 19249818,0.365,yes,2,no,189603359009886413,6921800254082778989
N/A,I 35 / 19249824,0.846,yes,4,no,189602259479908556,-6913565664455162003
N/A,I 35 / 19249825,0.492,yes,3,no,189600060436205772,2309678829042403083
N/A,I 35 / 19249826,3.981,yes,4,no,189599510612758731,6920353296768042705
N/A,I 35 / 19249828,0.585,yes,9,no,189597311520297161,-2303163875627891451
N/A,I 35 / 19317020,1.502,yes,344,no,190556089581392506,-6881701813826863363
N/A,I 35 / 19454443,0.498,yes,26,no,189425786500501626,6910110245795656453
N/A,I 35 / 19454444,2.063,yes,42,no,189392801121259617,-6925352429803277613
N/A,I 35 / 19454448,0.646,yes,36,no,189357616717189210,-6925488769452740069
N/A,I 35 / 19564033,0.642,yes,340,no,190096491685695915,6936177470019215577
N/A,I 35 / 1972122,3.755,yes,210,no,189540136099860638,6913026151085504911
N/A,I 35 / 1972127,4.537,yes,183,no,189476914047570062,2300060300903184319
N/A,I 35 / 20294396,0.181,yes,182,no,190048661944750488,2316130764981277277
N/A,I 35 / 20512333,0.518,yes,359,no,189561027134836922,6916003628619660679
N/A,I 35 / 20512334,0.667,yes,359,no,189561576872300730,6916003628621757693
N/A,I 35 / 20648913,0.829,yes,180,no,189598961321464011,6924650188203101447
N/A,I 35 / 20849721,0.325,yes,208,no,189424686988873850,-6924930217310948613
N/A,I 35 / 20849725,0.638,yes,217,no,189356517205561433,-2313798352985132517
N/A,I 35 / 20849726,2.142,yes,222,no,189392801122308192,-2313666411373792549
N/A,I 35 / 21145159,1.338,yes,181,no,190560487594349184,-6882335132530753759
N/A,I 35 / 21168094,0.361,yes,182,no,189605558626111694,-6908375969561571219
N/A,I 35 / 21202498,0.487,yes,156,no,190090994135421353,6936225848516157699
N/A,I 35 / 21202499,1.964,yes,151,no,190066804912116125,-6898370411915894473
N/A,I 35 / 22049800,1.085,yes,3,no,189567074544210109,-6918324350882939123
N/A,I 35 / 22049801,0.256,yes,357,no,189568723791204541,-6918328748958810503
N/A,I 35 / 22049802,0.337,yes,359,no,189569273538105533,-2306792264112800135
N/A,I 35 / 2222481,0.797,yes,182,no,190066255925957023,-6892261525387465409
N/A,I 35 / 23254955,0.730,yes,177,no,189598961070330059,6922741436021475567
N/A,I 35 / 23333436,0.702,yes,2,no,189606658146652366,-2296663562853019487
N/A,I 35 / 23470376,0.555,yes,4,no,189550581524811957,6913905760398211537
N/A,I 35 / 23470384,0.561,yes,19,no,189496155576553627,2301190598890092539
N/A,I 35 / 23470389,0.668,yes,8,no,189462070563000461,2299893175035098555
N/A,I 35 / 23482161,0.694,yes,357,no,189600060581433547,-2300634998875617041
N/A,I 35 / 2405269,0.688,yes,359,no,190048112282784151,-2294658051957845103
N/A,I 35 / 24076093,0.495,yes,183,no,189600060437254347,-2302002791340570867
N/A,I 35 / 263157,0.655,yes,356,no,190046463075111318,-6905847091133672329
N/A,I 35 / 266947,4.171,yes,182,no,189599510751695051,-2300815318782572787
N/A,I 35 / 267588,0.664,yes,176,no,190045913319821718,6929215362190808183
N/A,I 35 / 268631,3.017,yes,9,no,189585766594203848,2307761280740492483
N/A,I 35 / 268787,0.663,yes,185,no,190060207607468444,-2288984571910283713
N/A,I 35 / 270197,1.329,yes,19,no,190048662128251286,-6905847091093826219
N/A,I 35 / 272623,2.991,yes,2,no,189600610281672908,6922556718080591767
N/A,I 35 / 273146,5.076,yes,30,no,190371370814755347,6945787202914759721
N/A,I 35 / 274458,1.033,yes,2,no,190561037345444481,2341036904330313469
N/A,I 35 / 275029,0.675,yes,5,no,190060757362758045,2322697048472690239
N/A,I 35 / 2931772,1.871,yes,179,no,190060207137706396,-2292599766148704595
N/A,I 35 / 2931774,0.762,yes,180,no,190059657342046621,2318413351162484397
N/A,I 35 / 2953036,0.651,yes,2,no,190066805681770912,2331128103655451957
N/A,I 35 / 3006489,0.583,yes,196,no,189564325720051898,6916421443063381579
N/A,I 35 / 3746091,0.870,yes,188,no,190046462967632277,-2295256186283355341
N/A,I 35 / 3773240,0.686,yes,33,no,190441189875470918,6946891112649864299
N/A,I 35 / 3773241,3.787,yes,21,no,190480222600122957,-6888021806831094281
N/A,I 35 / 3773242,0.747,yes,29,no,190525302637679213,6947907061721085507
N/A,I 35 / 4304405,0.601,yes,181,no,189590714342002887,-2304078669331561625
N/A,I 35 / 4502649,0.627,yes,0,no,190543994628952697,6950374365853661857
N/A,I 35 / 4807239,0.779,yes,209,no,190523653369188972,6947893867575260737
N/A,I 35 / 4807240,3.652,yes,203,no,190479123089019469,-6887999816606927375
N/A,I 35 / 4807241,0.749,yes,211,no,190441189876519494,2335209492268987509
N/A,I 35 / 4828540,0.760,yes,200,no,190556639088693884,6951003286573956041
N/A,I 35 / 5811506,0.295,yes,179,no,190058558288122268,-6901062016487645853
N/A,I 35 / 6029217,0.779,yes,1,no,190060756851052957,-6904985073965066589
N/A,I 35 / 6355131,0.638,yes,0,no,189591264097292488,2307598553004901225
N/A,I 35 / 6365776,4.338,yes,180,no,190060208109736349,6938134600576149137
N/A,I 35 / 6365778,2.827,yes,177,no,190059108468085148,-6897103774621359359
N/A,I 35 / 6365779,0.700,yes,180,no,190059658170421661,2325371060745151233
N/A,I 35 / 6566835,5.394,yes,180,no,190060758032273821,6940769030436300505
N/A,I 35 / 723346,0.524,yes,352,no,190044813679219094,6928115850567226003
N/A,I 35 / 723703,7.908,yes,360,no,190062406431494557,2320106599069261035
N/A,I 35 / 723705,8.237,yes,180,no,190061856680923548,-6903265437787611887
N/A,I 35 / 723912,1.337,yes,178,no,190059107554775453,2318413351168775611
N/A,I 35 / 723913,1.198,yes,359,no,190060207065354653,-6904985073962969665
N/A,I 35 / 723941,0.963,yes,188,no,190062406054531483,-6905534829778954821
N/A,I 35 / 723959,1.252,yes,199,no,190047562616099222,6929215362228557135
N/A,I 35 / 724001,1.313,yes,180,no,190047012801565079,2317362218000192479
N/A,I 35 / 724052,0.728,yes,179,no,190048112259191191,-2294851566004333773
N/A,I 35 / 724135,2.202,yes,360,no,189599511122890955,-2298515140415320579
N/A,I 35 / 724197,0.927,yes,51,yes,190049211689030032,-6907355621072301479
N/A,I 35 / 724338,1.520,yes,178,no,189605558584692942,6926572134559911777
N/A,I 35 / 724492,4.164,yes,184,no,189598960854847690,-2303058322507430189
N/A,I 35 / 724586,7.033,yes,1,no,189596211785846984,2307598553030066179
N/A,I 35 / 724600,6.982,yes,182,no,189596211787419847,-2304083067352907765
N/A,I 35 / 725355,7.500,yes,358,no,189599510950400203,-2300634998879810397
N/A,I 35 / 725356,7.500,yes,178,no,189598411439296715,6922741436017282215
N/A,I 35 / 725592,3.938,yes,213,no,189300991811735597,6908768841297293791
N/A,I 35 / 725594,3.539,yes,45,no,189311986930634802,-2314519632665382435
N/A,I 35 / 725596,0.547,yes,39,no,189255362035666988,2297056434265780375
N/A,I 35 / 725674,5.432,yes,3,no,189459321691656318,-2313151839776803473
N/A,I 35 / 725676,5.549,yes,181,no,189454373888282749,-6924859848440941199
N/A,I 35 / 726063,6.515,yes,1,no,189562676259147958,2302360479499025597
N/A,I 35 / 726064,6.550,yes,181,no,189562126503858357,-6921011557359944511
N/A,I 35 / 728896,0.398,yes,359,no,190059108043411868,-2289292435172352711
N/A,I 35 / 728898,0.089,yes,180,no,190058558282355100,-6901084006720201407
N/A,I 35 / 728909,0.330,yes,180,no,190059108031353244,-6901084006718104303
N/A,I 35 / 728975,2.952,yes,25,no,190083847250071969,-6899751398472146727
N/A,I 35 / 728990,0.847,yes,360,no,190060207906312605,6936867963172561597
N/A,I 35 / 728991,0.800,yes,180,no,190059658147877277,2325164352557032113
N/A,I 35 / 729218,0.698,yes,0,no,190064606568862111,6942057658072443875
N/A,I 35 / 729269,0.627,yes,359,no,190062956964303262,-6895819545029630247
N/A,I 35 / 729272,0.626,yes,180,no,190062407208489374,6939238510250436313
N/A,I 35 / 730467,1.820,yes,180,no,190543444911936121,2338859871265373047
N/A,I 35 / 730468,1.916,yes,0,no,190543994667225721,6950532695559519099
N/A,I 35 / 730507,0.643,yes,360,no,190543994520425081,6949463970225862917
N/A,I 35 / 730510,0.710,yes,179,no,190543444761989753,2337747165470800127
N/A,I 35 / 730515,3.022,yes,180,no,190542345306985081,2337927485377755741
N/A,I 35 / 730518,2.934,yes,360,no,190543444819137145,6949626697946774105
N/A,I 35 / 730553,5.421,yes,180,no,190545093936632435,-2275302247375030099
N/A,I 35 / 730555,5.517,yes,360,no,190546193450357364,-6886983867753809733
N/A,I 35 / 730878,7.652,yes,220,no,190229533623407032,-2279357247170530845
N/A,I 35 / 730881,7.799,yes,40,no,190229533622882744,2332311179077104103
N/A,I 35 / 730892,3.730,yes,179,no,190067355506266528,6942998840164232913
N/A,I 35 / 730897,3.599,yes,359,no,190067905257886112,-6892076807320752449
N/A,I 35 / 731237,5.299,yes,357,no,190565985029804673,-6882519850469540915
N/A,I 35 / 731243,5.387,yes,178,no,190564885518176897,2340865380518476745
N/A,I 35 / 7598783,0.760,yes,21,no,190558288357708413,2339326064245881805
N/A,I 35 / 7598894,5.424,yes,360,no,190061307788611997,-6894280228750743847
N/A,I 35 / 7598896,2.815,yes,360,no,190061307933315485,-6894113102983320865
N/A,I 35 / 7598897,0.342,yes,3,no,190063507004805534,-6893396221397816569
N/A,I 35 / 7598899,0.867,yes,0,no,190064606545269151,2330151737319500691
N/A,I 35 / 8208073,0.694,yes,178,no,189606658062766287,2314499088041643793
N/A,I 35 / 8427354,0.407,yes,182,no,189605008858239182,6926572134555717695
N/A,I 35 / 8605324,2.209,yes,328,no,190069003933274525,-2286675597378707167
N/A,I 35 / 8605325,0.677,yes,360,no,190060207883243933,6936867963176755725
N/A,I 35 / 8631275,0.645,yes,180,no,190543444874187385,2338697143517199015
N/A,I 35 / 875869,2.022,yes,180,no,189598411608641739,6924861294469189099
N/A,I 35 / 878216,2.276,yes,1,no,190065156369764767,6942233579939179755
N/A,I 35 / 8793876,0.682,yes,359,no,190059657782448541,2322120904371346745
N/A,I 35 / 888654,2.201,yes,180,no,190064606612902303,2330547561507597539
N/A,I 35 / 889008,5.068,yes,210,no,190370821059465747,2334105582531785771
N/A,I 35 / 8908680,0.957,yes,8,no,190047562480832918,6928115850573517629
N/A,I 35 / 8942871,0.021,yes,183,no,189605558620344526,-6908380367610179517
N/A,I 35 / 8947709,0.546,yes,360,no,189561576853950650,-6919225950472241987
N/A,I 35 / 912959,0.495,yes,358,no,189608307312382159,-6909048870669381929
N/A,I 35 / 913490,2.956,yes,188,no,189584667081527495,-2303929135735503687
N/A,I 35 / 915388,0.769,yes,180,no,190064056811999647,2330354047456914403
N/A,I 35 / 924895,1.001,yes,167,no,190046462939320725,-2295256186283355555
N/A,I 35 / 9314187,0.672,yes,1,no,190060207929381277,6937087865500214027
N/A,I 35 / 9314189,2.786,yes,357,no,190059658225996188,-2285408960098852085
N/A,I 35 / 9314190,0.637,yes,3,no,190060208033714588,-2285408960098851689
N/A,I 35 / 9314191,4.366,yes,0,no,190060757865550237,-6896932250796939631
N/A,I 35 / 933018,1.222,yes,359,no,189560477405237434,6916135570021285395
N/A,I 35 / 933423,0.325,yes,174,no,189612155567427793,6925688127234248283
N/A,I 35 / 9425510,0.716,yes,359,no,190048662017626520,2316856442657706813
N/A,I 35 / 9967622,0.647,yes,3,no,189616003837677777,6925402254217317957
N/A,I 35 Business;US 30 / 728825,0.589,yes,85,no,189996435871191418,-6901114793234522833
N/A,I 35 Business;US 30 / 877962,0.484,yes,265,no,189998634894971260,-6901105997143597775
N/A,I 35 Business;US 30 / 914710,0.262,yes,85,no,189978293928284533,-6901119191377502935
N/A,I 35 Bus;US 30 / 10454263,0.591,yes,85,no,190025023175086471,-6901097200939426505
N/A,I 35 Bus;US 30 / 20426096,0.123,yes,266,no,190011279279739269,-2289411182602216141
N/A,I 35 Bus;US 30 / 21345359,0.116,yes,85,no,190039866583110035,2322288030073756985
N/A,I 35 Bus;US 30 / 21345361,0.079,yes,85,no,190010729523401094,2322270437772369201
N/A,I 35 Bus;US 30 / 728901,0.174,yes,265,no,190038767072006545,-2289393590307119813
N/A,I 35 Bus;US 30 / 728904,0.495,yes,264,no,190024473419796872,6933965252378762553
N/A,I 35;I 80 / 17449089,0.107,yes,91,no,189973345379897716,-6907373213547752949
N/A,I 35;I 80 / 5811257,0.432,yes,86,no,189984340496699766,-2295687195051159025
N/A,I 35;I 80 / 8086016,0.188,yes,90,no,189966748310131057,2315998823288148491
N/A,I 35;IA 27 / 1390811,0.609,yes,2,no,190532999938396788,6953945579578736887
N/A,I 35;IA 27 / 16529999,0.848,yes,201,no,190533000025428595,2342963248622486093
N/A,I 35;IA 27 / 16530002,1.420,yes,181,no,190532450212467315,-2268916283882848011
N/A,I 35;IA 27 / 16530003,0.760,yes,178,no,190531350733869683,2342963248588931481
N/A,I 35;IA 27 / 16800328,0.799,yes,357,no,190532450244973171,-6880408788261650027
N/A,I 35;IA 27 / 16800329,1.359,yes,1,no,190533549724095092,6954099511206625685
N/A,I 35;IA 27 / 17403198,0.639,yes,180,no,190547294031532666,-2265718904012650607
N/A,I 35;IA 27 / 17877386,0.680,yes,358,no,190546744458171002,6959350778793314811
N/A,I 35;IA 27 / 17877387,2.246,yes,360,no,190546744413606522,-6876454944395736581
N/A,I 35;IA 27 / 17877388,0.537,yes,360,no,190546744371663482,-6876591283837581065
N/A,I 35;IA 27 / 18092798,0.647,yes,360,no,190547843787870843,2346129842139842375
N/A,I 35;IA 27 / 18092806,4.418,yes,359,no,190548393466614394,6956527232939476807
N/A,I 35;IA 27 / 18092807,0.661,yes,0,no,190546194366288506,2344674088736277831
N/A,I 35;IA 27 / 22657378,0.591,yes,180,no,190545644860559994,2346780753013000445
N/A,I 35;IA 27 / 22657379,2.202,yes,180,no,190545644903027322,2346930286596475387
N/A,I 35;IA 27 / 22657380,0.675,yes,177,no,190545644946543225,-2264025656110069253
N/A,I 35;IA 27 / 263670,0.602,yes,181,no,190531900425720435,-2269430855324647179
N/A,I 35;IA 27 / 889162,2.559,yes,359,no,190547294080291450,-6876591283833387119
N/A,I 35;IA 27 / 915753,2.559,yes,179,no,190546194568663674,2346780753019291537
N/A,I 35;US 18;IA 27 / 916092,0.277,yes,180,no,190531900412613235,-2269501224070922065
N/A,I 35;US 18;IA 27 / 916843,0.291,yes,1,no,190532450168951412,2342184794360660145
N/A,I 380 / 1390441,0.578,yes,129,no,192826029986895493,-6893141124120040651
N/A,I 380 / 18360717,0.216,yes,180,no,192822731463546501,-6893141124176663699
N/A,I 380 / 18740364,0.267,yes,55,no,192841972908119692,6941850960500108103
N/A,I 380;IA 27 / 11327649,0.051,yes,40,no,194245498505353484,2321830649271426155
N/A,I 380;IA 27 / 13179116,0.656,yes,314,no,193138840956917520,-6893884392793429557
N/A,I 380;IA 27 / 13692207,0.712,yes,297,no,193371387543508856,-2283249506580420609
N/A,I 380;IA 27 / 13692208,3.149,yes,297,no,193445604551645061,6940043365898528601
N/A,I 380;IA 27 / 13692209,0.570,yes,306,no,193517072781760444,6939678328113604401
N/A,I 380;IA 27 / 13856674,0.605,yes,117,no,193441206506182553,-6895155427075414113
N/A,I 380;IA 27 / 13856675,1.155,yes,117,no,193407671413593989,6940038967560513471
N/A,I 380;IA 27 / 13856676,0.695,yes,116,no,193371937298798457,6940118132227844093
N/A,I 380;IA 27 / 1386168,5.816,yes,124,no,193656710652057561,-2284085134048090941
N/A,I 380;IA 27 / 1390412,6.253,yes,128,no,193248242299918103,-6893981149015562207
N/A,I 380;IA 27 / 14148720,0.687,yes,314,no,193999758053955735,-2286455680100457925
N/A,I 380;IA 27 / 14392221,0.235,yes,181,no,194237252105230600,-2290409523049915513
N/A,I 380;IA 27 / 14745746,0.483,yes,334,no,194237802016758023,2322666278093856177
N/A,I 380;IA 27 / 15408432,0.592,yes,359,no,194170731947972842,-6899654625917394939
N/A,I 380;IA 27 / 15544309,0.601,yes,179,no,194170182192158954,2323866944516661183
N/A,I 380;IA 27 / 15947074,0.572,yes,129,no,193803495351081023,6937932304745505813
N/A,I 380;IA 27 / 15947075,0.964,yes,130,no,193778206598846513,6938095032393016383
N/A,I 380;IA 27 / 15991392,0.692,yes,165,no,194226806917781762,-6900525438893810201
N/A,I 380;IA 27 / 15991393,0.339,yes,152,no,194221859130661119,-6900455070181089739
N/A,I 380;IA 27 / 15991394,0.627,yes,127,no,194206465977833717,-2288667896709112233
N/A,I 380;IA 27 / 16332401,0.656,yes,344,no,194228456183650563,6934515024208600547
N/A,I 380;IA 27 / 16332415,0.681,yes,308,no,194209214755330294,-2288676692787454385
N/A,I 380;IA 27 / 16332418,0.319,yes,347,no,194223508396005633,6934589790967832109
N/A,I 380;IA 27 / 16873075,0.623,yes,134,no,193133893157213966,-2282185180245382699
N/A,I 380;IA 27 / 17193670,0.619,yes,130,no,193086064472708855,-6893303850863678749
N/A,I 380;IA 27 / 18898990,1.043,yes,311,no,193778756354660401,6938108226540938301
N/A,I 380;IA 27 / 18898992,0.675,yes,309,no,193807343640729664,6937927906719966219
N/A,I 380;IA 27 / 21261269,0.090,yes,180,no,194246598091954445,2322450773831589259
N/A,I 380;IA 27 / 21667575,0.438,yes,154,no,194236152750889222,6934361092605877691
N/A,I 380;IA 27 / 23976093,1.027,yes,282,no,193086614234289907,-2281613434373002521
N/A,I 380;IA 27 / 258264,0.664,yes,317,no,193753467606095912,6938231371717420175
N/A,I 380;IA 27 / 261873,0.615,yes,318,no,193565451256158163,6939388057228420769
N/A,I 380;IA 27 / 264967,0.665,yes,137,no,193754017360861224,-6896835479657765751
N/A,I 380;IA 27 / 870963,1.067,yes,318,no,193541262019221445,6939590367300822741
N/A,I 380;IA 27 / 886183,0.320,yes,184,no,194238901318146313,6932496320883071675
N/A,I 380;IA 27 / 907602,5.450,yes,133,no,193895854264375368,2326153928004084339
N/A,I 380;IA 27 / 908789,5.338,yes,310,no,193899152797685834,-6897240099076955535
N/A,I 380;IA 27 / 915420,2.217,yes,353,no,193103656619431682,-2281692599094859263
N/A,I 380;IA 27 / 916269,2.098,yes,174,no,193102557108852480,-2281701395202561529
N/A,I 380;IA 27 / 927365,5.686,yes,305,no,193658359918974939,6939273708665054407
N/A,I 380;IA 27 / 934977,6.076,yes,308,no,193250991078463257,-2282317120824924125
N/A,I 380;IA 27 / 9781916,0.004,yes,335,no,194237252139833608,-2290088465652507651
N/A,I 380;US 20;IA 27 / 15918186,1.270,yes,98,no,192987658189362885,6941859757232761617
N/A,I 380;US 20;IA 27 / 15918189,0.553,yes,123,no,192954123097822908,6941934523826318137
N/A,I 380;US 20;IA 27 / 16355111,0.623,yes,254,no,192861764124759697,-6893154318116967585
N/A,I 380;US 20;IA 27 / 20429814,0.533,yes,305,no,192956322121078461,-6893123531447456967
N/A,I 380;US 20;IA 27 / 20429815,1.261,yes,278,no,192989857213142726,6941859757241150227
N/A,I 380;US 20;IA 27 / 21584374,0.653,yes,91,no,193059676196263658,-2281613434467374327
N/A,I 380;US 20;IA 27 / 22282383,0.411,yes,271,no,193056377661904619,-2281609036452320501
N/A,I 380;US 20;IA 27 / 266092,0.708,yes,96,no,193029989382837981,2330085777992592139
N/A,I 380;US 20;IA 27 / 269222,0.717,yes,274,no,193032188406617821,-2281595842379896051
N/A,I 380;US 20;IA 27 / 7084235,0.078,yes,246,no,192847470469404304,6941894940973607757
N/A,I 380;US 20;IA 27 / 878212,1.619,yes,91,no,192908493371037340,-2281433115057444005
N/A,I 380;US 20;IA 27 / 888408,1.659,yes,270,no,192910692394817181,6941943319854328667
N/A,I 380;US 218 / 1390470,0.522,yes,151,no,192813385633060478,-2281213213207942261
N/A,I 380;US 218 / 1390662,0.556,yes,332,no,192814485143639679,6942154425608711047
N/A,I 380;US 218 / 15147386,0.284,yes,160,no,192821082203444867,-6893017978874352787
N/A,I 380;US 218 / 17265856,0.326,yes,179,no,192805689063200381,-6892820066837976127
N/A,I 380;US 218 / 19711702,0.342,yes,354,no,192806238818489981,-2281134048406393921
N/A,I 380;US 218 / 22272883,0.453,yes,349,no,192823281222506116,-6893026774958986413
N/A,I 380;US 218;IA 27 / 14560399,0.305,yes,5,no,194239451072387337,-6902574928536528205
N/A,I 380;US 218;IA 27 / 18131874,0.750,yes,169,no,194245498225383691,-6903788789340039149
N/A,I 380;US 218;IA 27 / 20037194,0.660,yes,181,no,194300473608067365,-6905635968677571219
N/A,I 380;US 218;IA 27 / 21252591,0.651,yes,356,no,194241100221339914,2319921897070926009
N/A,I 380;US 218;IA 27 / 21252592,0.704,yes,356,no,194243299224148235,2319759169358403687
N/A,I 380;US 218;IA 27 / 21252594,0.733,yes,350,no,194246047981197580,2319578849472419861
N/A,I 380;US 218;IA 27 / 267356,1.866,yes,185,no,194235052994418952,-6903036723426485609
N/A,I 380;US 218;IA 27 / 913641,6.074,yes,184,no,194291127860418830,2319394131711890797
N/A,I 380;US 218;IA 27 / 913693,0.062,yes,6,no,194240000833444106,2320876273157544635
N/A,I 380;US 218;IA 27 / 925606,6.154,yes,3,no,194291677615184142,-6903977905138690715
N/A,I 480;US 6 / 727179,0.246,yes,250,no,184904595961104498,-6914216593244289555
N/A,I 480;US 6 / 727180,0.243,yes,72,no,184904595961104498,-6914216593244289557
N/A,I 480;US 6 / 727182,0.230,yes,259,no,184894700354881646,6920832665907103203
N/A,I 480;US 6 / 727183,0.225,yes,79,no,184894700354881646,6920828267860592099
N/A,I 680 / 11789161,0.356,yes,68,no,184928785410377852,-2300916491646662447
N/A,I 680 / 13695357,0.796,yes,271,no,184858966408382552,6922358787954182293
N/A,I 680 / 14359715,1.159,yes,68,no,184899098588039271,-2301017646768846655
N/A,I 680 / 16725408,0.030,yes,248,no,184937031750731907,6922499525679515861
N/A,I 680 / 2499557,1.159,yes,247,no,184899098588563559,-6912699267151820605
N/A,I 680 / 269011,0.383,yes,248,no,184929335166716028,-6912598112025442091
N/A,I 680 / 3017201,0.781,yes,91,no,184859516163672152,-2301017646945007469
N/A,I 680 / 727189,0.033,yes,68,no,184936481993869443,2310804711157008595
N/A,I 680 / 727298,0.860,yes,261,no,184823782036293704,2310650779166312597
N/A,I 680 / 727300,0.881,yes,83,no,184824331791583304,2310646381123995795
N/A,I 74 / 13522244,0.275,yes,181,no,196763379275750789,-6908762970351726671
N/A,I 74 / 13522245,0.384,yes,181,no,196763379285712261,-6908692601607548961
N/A,I 74 / 13522246,0.846,yes,180,no,196763929059876228,2314987298503004127
N/A,I 74 / 1373162,0.667,yes,180,no,196763379261070725,6926123561116503955
N/A,I 74 / 1390143,0.713,yes,1,no,196763929015311749,-2297266067922219121
N/A,I 74 / 21105598,0.246,yes,1,no,196763929042050437,-2296984592943411239
N/A,I 74 / 21105618,0.898,yes,358,no,196764478815165828,6926673316934586329
N/A,I 74 / 21105625,0.399,yes,1,no,196763929032088965,-2297085748015263811
N/A,I 74 / 272694,0.652,yes,357,no,196764478750678405,-2297266067915927823
N/A,I 74 / 722425,0.219,yes,177,no,196763928991718789,-2297349630803833089
N/A,I 74 / 722431,0.397,yes,177,no,196763379245342085,6926123561118600983
N/A,I 74;US 6 / 265693,0.572,yes,152,no,196767227515067782,2314279213046173375
N/A,I 74;US 6 / 722445,0.475,yes,329,no,196768876780412294,-6909119212085571905
N/A,I 74;US 6 / 722452,0.539,yes,169,no,196773274812767625,6925828892046397059
N/A,I 74;US 6 / 722453,0.479,yes,349,no,196773824569105801,-6909233561280180601
N/A,I 74;US 6 / 722465,0.366,yes,166,no,196777672845647243,2314010932238356057
N/A,I 74;US 6 / 722469,1.041,yes,345,no,196781521127955851,6925705746783931923
N/A,I 74;US 6 / 722471,0.622,yes,167,no,196782620633292172,-2297767445144793581
N/A,I 80 / 10351304,0.603,yes,272,no,194616033306827183,6928344566463468341
N/A,I 80 / 10351305,1.483,yes,272,no,194571503086950802,-6906700294777728201
N/A,I 80 / 10351306,0.796,yes,259,no,194523124573755779,6928322575891174205
N/A,I 80 / 10357129,0.593,yes,296,no,194737529308666343,2316412257888637609
N/A,I 80 / 10666148,2.193,yes,269,no,196800762721426817,6926752482088456293
N/A,I 80 / 10759800,0.875,yes,37,no,185429613003491678,-6912281450751456861
N/A,I 80 / 10974220,0.547,yes,117,no,194731481996286436,-2295260566426479951
N/A,I 80 / 11393369,0.518,yes,272,no,195376895267789578,2315946067395351025
N/A,I 80 / 11393373,4.809,yes,89,no,192416460311713182,6928511684179923835
N/A,I 80 / 11447289,4.195,yes,88,no,193609430411597762,-6906713492369173699
N/A,I 80 / 11447290,0.526,yes,91,no,193710035727112211,-2295014279716269253
N/A,I 80 / 11527851,0.485,yes,96,no,186657767747046285,6925010816837094727
N/A,I 80 / 12031167,0.268,yes,270,no,189556630352908469,-2296694349348466623
N/A,I 80 / 12416142,2.386,yes,270,no,193430759773132675,2316684931938390841
N/A,I 80 / 12416143,0.552,yes,277,no,193368637369309048,-6906669513118313661
N/A,I 80 / 12416145,4.453,yes,277,no,193262534506141474,-6906550765950594229
N/A,I 80 / 12830065,0.645,yes,86,no,185714936527800799,2313333590920793429
N/A,I 80 / 13207827,0.374,yes,56,no,190054709244547479,6927706832294122023
N/A,I 80 / 13500773,0.686,yes,271,no,185925493006617150,6925037202339532117
N/A,I 80 / 13500781,0.487,yes,272,no,185834233542035991,2313359979642359129
N/A,I 80 / 13500782,1.552,yes,271,no,185877664251333152,6925041600274894167
N/A,I 80 / 13556107,0.687,yes,271,no,193708386460194833,-2295009881661369539
N/A,I 80 / 13556482,0.983,yes,267,no,196423630249876705,-6908173633335586657
N/A,I 80 / 13625167,0.334,yes,270,no,192735318685865562,-6906559564388232323
N/A,I 80 / 13659347,0.772,yes,79,no,194527522620266885,-6906735479376309445
N/A,I 80 / 13718310,0.680,yes,37,no,185468095967086961,6923273583922776691
N/A,I 80 / 1377647,3.417,yes,89,no,186259744540412604,2313329195176955213
N/A,I 80 / 1377834,0.641,yes,58,no,185570900384500126,-6911089579610076263
N/A,I 80 / 1389733,2.143,yes,92,no,185773760404605419,-6910025251448418983
N/A,I 80 / 14191314,0.841,yes,90,no,193006348302112464,-2294873544887102595
N/A,I 80 / 14273780,0.561,yes,258,no,189380158675832930,-2297222115579916449
N/A,I 80 / 14743693,0.337,yes,338,no,197099829865831965,2314952115424858123
N/A,I 80 / 14840907,0.596,yes,271,no,195459908393589551,2315928475532268009
N/A,I 80 / 14912898,0.816,yes,218,no,185429613004540254,-2300582238188729949
N/A,I 80 / 15056548,0.308,yes,102,no,196667172056554838,-2296628351522041769
N/A,I 80 / 15132553,0.574,yes,269,no,194953033573030472,-2295427691342458239
N/A,I 80 / 15412657,0.514,yes,91,no,195522580554799948,6927596902006395363
N/A,I 80 / 15412658,0.766,yes,92,no,195495092764629821,-6907456755313143325
N/A,I 80 / 15453408,0.291,yes,89,no,189543436213375151,-6908384765870600127
N/A,I 80 / 15453409,0.421,yes,56,no,189529142558544040,-6908441940521381825
N/A,I 80 / 15553709,0.159,yes,271,no,190217986743816675,-6907148912238259599
N/A,I 80 / 15650324,0.663,yes,259,no,190152016039858624,-2295533262766861727
N/A,I 80 / 15734424,0.377,yes,89,no,196832648558632353,-6908305573218873245
N/A,I 80 / 16221101,0.334,yes,90,no,186775415490694084,-6910056034099786427
N/A,I 80 / 16297587,0.814,yes,90,no,191814477697078451,6928494089374536571
N/A,I 80 / 16401967,0.894,yes,272,no,195491794230270778,-6907447959224315419
N/A,I 80 / 16401968,0.521,yes,270,no,195522030799510348,2315915281623421413
N/A,I 80 / 16465416,0.594,yes,90,no,186427969816840995,-2298365618930315959
N/A,I 80 / 16465417,1.400,yes,90,no,186385638619695880,-2298361220980273847
N/A,I 80 / 16465418,0.559,yes,92,no,186344406933654270,2313329195267132747
N/A,I 80 / 16610436,0.582,yes,274,no,194472547037305198,2316649751391507245
N/A,I 80 / 16621859,0.639,yes,269,no,193003599523567313,-6906555165293145217
N/A,I 80 / 16621860,2.926,yes,269,no,193079465826408158,2316816872037684097
N/A,I 80 / 16634247,0.753,yes,90,no,191763350405862556,-6906568364155464839
N/A,I 80 / 16973314,0.318,yes,282,no,196649579873656142,-2296601963310083997
N/A,I 80 / 16973315,0.117,yes,282,no,196658375965629780,-2296619555477254047
N/A,I 80 / 16973316,0.307,yes,282,no,196667172057079127,2315062064951857241
N/A,I 80 / 17393351,0.699,yes,92,no,194248796437829895,6928467710371173231
N/A,I 80 / 17393352,0.295,yes,92,no,194227355961612545,-6906585946977725585
N/A,I 80 / 17393353,0.469,yes,92,no,194211413043534072,-6906581548979448975
N/A,I 80 / 17393358,5.704,yes,76,no,194080021403490443,2316671740544029555
N/A,I 80 / 17474566,0.515,yes,261,no,191146524358562694,-6906779472759876833
N/A,I 80 / 17474567,3.294,yes,274,no,191227888218493840,6928291777196593943
N/A,I 80 / 17501888,2.952,yes,220,no,185515375011121529,2311728303296220019
N/A,I 80 / 17580330,0.681,yes,90,no,186172883120245423,2313329194623307085
N/A,I 80 / 17638431,0.511,yes,269,no,191813927941788853,-2294873549463088259
N/A,I 80 / 17643843,1.171,yes,75,no,189342225516810315,-2297305678560096435
N/A,I 80 / 17643844,1.050,yes,75,no,189296595775868984,6925995989365952299
N/A,I 80 / 17643845,1.130,yes,75,no,189252065546555427,6925921222411685643
N/A,I 80 / 17643846,0.632,yes,72,no,189215781654974487,-6909189609604772119
N/A,I 80 / 17933294,0.668,yes,270,no,186176181655128752,-6910042842220982961
N/A,I 80 / 18294932,0.269,yes,271,no,194364794915084608,6928472108826628977
N/A,I 80 / 1896209,0.645,yes,257,no,189537388898898090,2314952086616281153
N/A,I 80 / 19263981,0.486,yes,107,no,195635830234635136,6927464961038881175
N/A,I 80 / 19297813,0.301,yes,268,no,186793007676738508,-2298370015607386809
N/A,I 80 / 19378807,0.101,yes,281,no,190053059981824409,2316073590399701547
N/A,I 80 / 19393857,0.273,yes,90,no,189555530841280693,6926677687504212033
N/A,I 80 / 20020654,0.552,yes,271,no,186343307422550781,-6910038443545326259
N/A,I 80 / 20020656,1.419,yes,270,no,186385088863881992,6925015213918915915
N/A,I 80 / 20020657,0.600,yes,270,no,186427969817365283,-2298361220883804853
N/A,I 80 / 20358190,1.054,yes,96,no,196424180002020577,6926880023906357405
N/A,I 80 / 20491699,0.335,yes,90,no,192735318685341274,-6906563962434743429
N/A,I 80 / 2090995,1.330,yes,92,no,194572602598054292,6928353362447438647
N/A,I 80 / 2090997,0.642,yes,92,no,194614384038861230,2316658548031886133
N/A,I 80 / 2100756,0.469,yes,92,no,195380193802148620,2315941669357228527
N/A,I 80 / 21618503,0.547,yes,90,no,195164689559804585,6927931152178090617
N/A,I 80 / 21711158,0.555,yes,90,no,194952483816692296,-2295432089393163649
N/A,I 80 / 21732850,0.347,yes,92,no,195471453265156918,-2295766338965073435
N/A,I 80 / 21853498,0.455,yes,269,no,196857387571305899,-2296615156646408089
N/A,I 80 / 21853502,0.554,yes,269,no,196742488605154678,-6908309971596734365
N/A,I 80 / 21853550,0.173,yes,265,no,184926586133891197,6920344482861810947
N/A,I 80 / 2196333,3.369,yes,269,no,192814483523589729,2316812473013900161
N/A,I 80 / 22116162,0.502,yes,270,no,195164139803990697,6927935550218310267
N/A,I 80 / 22662138,0.374,yes,268,no,196911813397929413,-6908287980730838933
N/A,I 80 / 22796358,5.852,yes,256,no,194082770183084170,-2295009879815875723
N/A,I 80 / 22796359,0.459,yes,272,no,194216910601672955,2316794885942809459
N/A,I 80 / 22796360,0.135,yes,272,no,194229554984868100,2316790487917269873
N/A,I 80 / 22796362,0.670,yes,272,no,194246597415098630,-2294899928447577233
N/A,I 80 / 22889012,0.523,yes,251,no,189216881167126553,2314191223336734441
N/A,I 80 / 22955708,0.579,yes,270,no,186910105666145279,6925010817810173259
N/A,I 80 / 22955709,2.312,yes,270,no,186971678317300746,-6910047237098697397
N/A,I 80 / 23387093,0.163,yes,85,no,184925486621214844,-2303031952045767423
N/A,I 80 / 23859237,0.645,yes,263,no,185716585795766752,2313337988973595991
N/A,I 80 / 23974741,0.507,yes,277,no,186657767747046285,6925015214887800137
N/A,I 80 / 24053256,0.551,yes,53,no,185635221930592702,-6910130805231579823
N/A,I 80 / 24147479,0.504,yes,93,no,185829835495000596,-2298330436846219945
N/A,I 80 / 24147484,0.621,yes,91,no,185924943250278974,-2298339232568046251
N/A,I 80 / 24147485,1.678,yes,91,no,185876014983367198,-6910020853049586347
N/A,I 80 / 24220033,4.300,yes,270,no,193602283586541502,6928348960942723903
N/A,I 80 / 24281419,0.412,yes,154,no,197098730355252764,6926651327991779339
N/A,I 80 / 24318812,0.500,yes,287,no,195633631212428159,6927473757125611931
N/A,I 80 / 2499745,2.944,yes,40,no,185515375010597241,2311723905251806065
N/A,I 80 / 260873,2.062,yes,55,no,189485711828275335,-2297050591268958171
N/A,I 80 / 261165,0.672,yes,271,no,193496180714461105,6928348960242275129
N/A,I 80 / 262565,0.860,yes,335,no,197110275210042911,-2296813067781009487
N/A,I 80 / 262633,5.224,yes,270,no,186050837330086475,-6910025250141893299
N/A,I 80 / 264500,3.621,yes,20,no,185610482858674601,2312370418357374245
N/A,I 80 / 264688,8.220,yes,41,no,185291624205601017,-2302121554549405357
N/A,I 80 / 264782,2.790,yes,277,no,186727586736458647,2313320400818277703
N/A,I 80 / 266290,0.528,yes,271,no,194381837345315141,-6906585946369551505
N/A,I 80 / 266914,0.713,yes,259,no,189406546958569581,6926180707713683311
N/A,I 80 / 268903,2.381,yes,96,no,186718240888146838,-6910056034152215225
N/A,I 80 / 268991,4.867,yes,89,no,186543968295144239,6925006418712989003
N/A,I 80 / 269006,0.608,yes,205,no,185189919266785524,2309414929445160601
N/A,I 80 / 269204,1.360,yes,5,no,185448304731572584,-2300419510392321483
N/A,I 80 / 269487,0.755,yes,155,no,197109175699463711,-2296813067789398085
N/A,I 80 / 270424,0.371,yes,240,no,190043164375077266,-6907338028888354259
N/A,I 80 / 271677,8.315,yes,221,no,185291074450311417,2309555667787057497
N/A,I 80 / 271709,4.872,yes,269,no,186543968295668527,6925010816759500109
N/A,I 80 / 272503,0.728,yes,78,no,189404897690603628,6926171911614369645
N/A,I 80 / 273130,0.720,yes,84,no,192534108058506747,6928494092111319937
N/A,I 80 / 273819,5.181,yes,90,no,186048088550492746,-2298339231727088307
N/A,I 80 / 274234,0.656,yes,238,no,185570900385024414,6923972873720695707
N/A,I 80 / 275624,4.194,yes,90,no,192639111419483657,6928507286932427643
N/A,I 80 / 277651,0.512,yes,269,no,189573123027849402,-2296694349264580541
N/A,I 80 / 3134038,1.804,yes,92,no,192949723454330541,-2294864748930395267
N/A,I 80 / 3134040,2.831,yes,88,no,193084413628208865,6928498492429046655
N/A,I 80 / 3771539,0.771,yes,79,no,190169608228000199,-6907206086979218839
N/A,I 80 / 4657587,0.575,yes,89,no,196757881767419261,-6908309971535916959
N/A,I 80 / 4657588,1.279,yes,89,no,196797464186019208,-6908309971328298909
N/A,I 80 / 4657590,0.985,yes,88,no,196861785617292712,-2296619554632101785
N/A,I 80 / 4657591,0.424,yes,88,no,196892022187580859,-2296610758469873559
N/A,I 80 / 5190586,0.345,yes,84,no,191150372649259913,-2295093454330391779
N/A,I 80 / 5190691,4.255,yes,94,no,191421402258691039,6928260991688905487
N/A,I 80 / 5190707,0.741,yes,270,no,191763350406386844,-6906563966108953733
N/A,I 80 / 5296178,0.459,yes,91,no,194363695403456829,-2294899928017661073
N/A,I 80 / 5811582,1.789,yes,272,no,192951922478110383,2316825667549795199
N/A,I 80 / 6114192,0.560,yes,217,no,185469745236625778,6923299972199746165
N/A,I 80 / 6252829,0.456,yes,292,no,195614389763660663,2315831719085740459
N/A,I 80 / 6252830,0.618,yes,286,no,195592949292686187,-6907496337375227457
N/A,I 80 / 6327638,0.460,yes,94,no,194471997280967023,2316640955287999277
N/A,I 80 / 6328150,0.326,yes,91,no,193953577552664708,-2295014278801910979
N/A,I 80 / 6354499,0.563,yes,77,no,189377959651528801,-2297230911681327269
N/A,I 80 / 6739030,4.314,yes,97,no,193260335482885923,2316816872838796107
N/A,I 80 / 6739033,0.538,yes,97,no,193363139811170166,6928388542142878531
N/A,I 80 / 6739034,2.548,yes,90,no,193429110505166720,-6906687104912190663
N/A,I 80 / 722049,1.345,yes,264,no,196702356428119388,-2296641545445568415
N/A,I 80 / 722052,1.702,yes,83,no,196709503254224220,-2296645943433359263
N/A,I 80 / 722173,2.487,yes,296,no,194678705457027515,2316654150358667975
N/A,I 80 / 722174,2.378,yes,117,no,194675406922668474,-6906717886514982195
N/A,I 80 / 722192,4.429,yes,88,no,195058586687199827,-6907118107099131269
N/A,I 80 / 722195,4.414,yes,268,no,195059136443538003,-2295427690625232259
N/A,I 80 / 722207,4.731,yes,92,no,194841433148053998,6928049898534212223
N/A,I 80 / 722208,4.553,yes,269,no,194845281439275505,-6907025748931898751
N/A,I 80 / 722262,1.754,yes,109,no,194426367557327182,-6906594742200429777
N/A,I 80 / 722264,1.650,yes,290,no,194426367557851471,-2294904325734919373
N/A,I 80 / 722278,0.406,yes,92,no,194382387100604742,-2294904325999160467
N/A,I 80 / 722286,0.376,yes,91,no,194346103217412406,-6906585946520546447
N/A,I 80 / 722288,0.495,yes,272,no,194348851997006134,-2294895530025675919
N/A,I 80 / 722359,1.138,yes,270,no,194313667624917280,-6906581548534852749
N/A,I 80 / 722360,1.228,yes,90,no,194311468601661726,-2294899928153975951
N/A,I 80 / 722370,0.512,yes,88,no,194274634961082644,-2294904326399716495
N/A,I 80 / 722552,0.512,yes,271,no,194495636780964217,6928322575763247917
N/A,I 80 / 722554,0.703,yes,91,no,194496736292067704,2316636557354734381
N/A,I 80 / 722762,0.870,yes,268,no,196885425118338484,-2296610758457290645
N/A,I 80 / 722768,4.664,yes,89,no,197000324084489668,2315079658744320055
N/A,I 80 / 722772,4.309,yes,274,no,197011868957105612,-2296601961630265297
N/A,I 80 / 722861,4.863,yes,270,no,193826583959132191,2316671739510133567
N/A,I 80 / 722864,5.291,yes,90,no,193833730784188446,2316667341526537021
N/A,I 80 / 723150,4.681,yes,281,no,195272991443606195,2316245134474220019
N/A,I 80 / 723152,4.745,yes,101,no,195275740221627059,-2295445281982901775
N/A,I 80 / 723185,1.389,yes,272,no,195417577196968724,6927627688002720235
N/A,I 80 / 723186,1.731,yes,93,no,195427472800570133,6927623290021220839
N/A,I 80 / 723196,1.186,yes,104,no,195558314679556950,6927596902195139015
N/A,I 80 / 723199,1.117,yes,279,no,195556665413688150,2315915281803776467
N/A,I 80 / 723302,0.564,yes,90,no,193156981395642136,2316816872140444543
N/A,I 80 / 723303,0.608,yes,271,no,193155332128724758,-2294864748244626559
N/A,I 80 / 723310,0.861,yes,90,no,193501678272075697,-2295023076576849097
N/A,I 80 / 723425,0.648,yes,269,no,192900245431080610,6928507287641265027
N/A,I 80 / 723427,0.618,yes,89,no,192898046407300770,2316816871156880257
N/A,I 80 / 723453,0.700,yes,264,no,192535207570658812,2316812471732540289
N/A,I 80 / 723485,0.638,yes,271,no,192300461839177105,-2294855955410578555
N/A,I 80 / 723487,0.647,yes,91,no,192299912082838929,-6906546371884477565
N/A,I 80 / 723534,8.431,yes,270,no,192106947791115502,6928507285248414597
N/A,I 80 / 723539,0.652,yes,269,no,191913433745675489,-2294869151024409727
N/A,I 80 / 723545,0.633,yes,91,no,191914533256254690,6928498487785952125
N/A,I 80 / 723546,1.619,yes,92,no,191866154743059651,2316808071209292669
N/A,I 80 / 723554,8.413,yes,90,no,192106947790591214,-6906559566128868477
N/A,I 80 / 723696,0.773,yes,93,no,191314749634991056,6928274185136378641
N/A,I 80 / 723698,0.784,yes,273,no,191314749635515344,2316588166711087891
N/A,I 80 / 723702,4.260,yes,274,no,191421952015029215,6928265389737513745
N/A,I 80 / 723707,0.694,yes,265,no,191526955379676209,-2295111045052624103
N/A,I 80 / 723708,0.798,yes,85,no,191528604646593585,-6906801461511843049
N/A,I 80 / 723716,4.909,yes,88,no,191642953882096704,-2295097850128755847
N/A,I 80 / 723718,5.004,yes,270,no,191640754859365439,2316592566345143163
N/A,I 80 / 723732,0.554,yes,270,no,191790838197081259,2316808070835999613
N/A,I 80 / 723738,1.759,yes,271,no,191862306452886719,-6906559567603166337
N/A,I 80 / 723997,2.380,yes,82,no,189153109483278314,2314090068174704337
N/A,I 80 / 723999,2.489,yes,262,no,189154208995430377,-6909277570620977451
N/A,I 80 / 724065,0.868,yes,259,no,190120130197934512,6927799191564456529
N/A,I 80 / 724178,2.196,yes,79,no,190107485812117918,2316060396635558487
N/A,I 80 / 724181,1.128,yes,259,no,190078348750311834,-2295616825893842369
N/A,I 80 / 724208,0.676,yes,80,no,190032719010943370,6927702434193084949
N/A,I 80 / 724373,1.978,yes,236,no,189490659633221770,-6908705823358185427
N/A,I 80 / 724405,0.970,yes,236,no,189438982561550458,-2297156144636883027
N/A,I 80 / 724819,0.934,yes,91,no,190225133568872927,6927904745087570541
N/A,I 80 / 724822,0.706,yes,271,no,190236128685150694,-6907148912122916241
N/A,I 80 / 725028,3.290,yes,94,no,191227888217969552,-6906770676129983721
N/A,I 80 / 727472,1.490,yes,186,no,185447754977855848,6922956924517354049
N/A,I 80 / 727542,3.346,yes,200,no,185608283832797609,2312374816391302409
N/A,I 80 / 727572,0.948,yes,205,no,185630274128267709,2313179658980429143
N/A,I 80 / 727575,1.342,yes,93,no,185673155086993861,6925024007289834831
N/A,I 80 / 727576,1.326,yes,273,no,185674804354959814,6925037201435659601
N/A,I 80 / 727705,0.762,yes,91,no,187038198770256951,-2298365616589894327
N/A,I 80 / 727706,0.754,yes,271,no,187037099259153463,2313324799879810379
N/A,I 80 / 727926,0.630,yes,262,no,189088788046761949,-6909303959298502999
N/A,I 80 / 8393338,4.851,yes,269,no,192417010068051358,2316830063805338493
N/A,I 80 / 875762,0.668,yes,268,no,194275184717420819,-6906590344812424333
N/A,I 80 / 876064,0.542,yes,26,no,185192118292138229,6921127336157906589
N/A,I 80 / 886426,0.697,yes,271,no,193945331215980669,6928362156097278783
N/A,I 80 / 889320,2.217,yes,274,no,185777058940013036,6925037201899130203
N/A,I 80 / 8946947,0.684,yes,90,no,186907906642365437,6925006419763662153
N/A,I 80 / 8946948,2.339,yes,90,no,186972228072590346,-6910051635138917047
N/A,I 80 / 912744,0.828,yes,56,no,189435134268231802,2314525475720925087
N/A,I 80 / 914742,2.608,yes,90,no,186838087653477322,-2298374413295284919
N/A,I 80 / 914866,0.657,yes,82,no,189089337802051549,-6909308357340819801
N/A,I 80 / 915815,2.317,yes,270,no,186849082770279378,-6910056033659384501
N/A,I 80 / 925611,4.176,yes,269,no,192639111420007945,-6906550768349736067
N/A,I 80 / 9326015,3.342,yes,90,no,192813933767251553,2316808074963194751
N/A,I 80 / 932826,0.414,yes,90,no,191788089417487531,2316803672766419835
N/A,I 80 / 933102,0.560,yes,90,no,189573123027325114,-6908380367687774143
N/A,I 80 / 933414,3.434,yes,255,no,189297695288021026,-6909136832513962159
N/A,I 80 / 933574,3.326,yes,268,no,186260844052564669,-6910038443635503793
N/A,I 80 / 9425673,0.624,yes,105,no,195595698068609900,-2295836707212226123
N/A,I 80 / 9425674,0.424,yes,106,no,195617688296971128,-6907562307993202265
N/A,I 80 / 9635460,0.029,yes,85,no,190017875602919817,-2295669602770742765
N/A,I 80 Express / 20804901,0.540,yes,267,no,184941979297204352,-6914709174287858425
N/A,I 80 Express / 264553,0.657,yes,87,no,184942529052493951,-2303027553894398715
N/A,I 80 Express / 268057,2.135,yes,270,no,184998604145510539,2308671659005969667
N/A,I 80 Express / 726600,0.877,yes,274,no,185061826064107700,2308662863053456639
N/A,I 80 Express / 726603,2.346,yes,90,no,185006300726380684,6920353279432983809
N/A,I 80 Express / 726700,0.860,yes,94,no,185073920690964665,-6914713571805887227
N/A,I 80;I 35 / 10483845,0.433,yes,268,no,189705614304825592,2316051598871106085
N/A,I 80;I 35 / 12030030,0.252,yes,359,no,189607207948079311,6927152676701475125
N/A,I 80;I 35 / 13566908,0.279,yes,268,no,189634146046922968,-2295652012027538915
N/A,I 80;I 35 / 1376859,1.094,yes,268,no,189738599654707456,6927742015523263013
N/A,I 80;I 35 / 1388411,0.727,yes,232,no,189613805077614798,-2295766361282964965
N/A,I 80;I 35 / 14073099,0.664,yes,268,no,189653937256747230,6927724422980702751
N/A,I 80;I 35 / 14137362,0.069,yes,0,no,189606658158186703,2315202775481323689
N/A,I 80;I 35 / 14252750,0.211,yes,267,no,189672628954943723,2316042802633380385
N/A,I 80;I 35 / 14898079,0.457,yes,268,no,189686922606629103,2316047200755388963
N/A,I 80;I 35 / 16134790,0.108,yes,270,no,189972795624608116,-6907368815501241843
N/A,I 80;I 35 / 16877188,0.286,yes,180,no,189606658202226894,-2296065428527509187
N/A,I 80;I 35 / 18200143,0.338,yes,88,no,189702315769417975,6927733219231011361
N/A,I 80;I 35 / 19074290,0.186,yes,88,no,189672079199129835,2316038404582674975
N/A,I 80;I 35 / 19814678,0.661,yes,88,no,189653937256747230,6927720024934191645
N/A,I 80;I 35 / 21437551,0.179,yes,360,no,189606658229489871,2315787715667300799
N/A,I 80;I 35 / 21694661,0.317,yes,0,no,189606658236829903,2315831696132411875
N/A,I 80;I 35 / 22334121,0.247,yes,179,no,189606658194362575,2315484250458034493
N/A,I 80;I 35 / 2233773,0.389,yes,0,no,189607207920816335,2315220367669465301
N/A,I 80;I 35 / 22382274,0.431,yes,359,no,189606658220052687,2315677764504523177
N/A,I 80;I 35 / 22681976,0.576,yes,360,no,189606658204848335,2315673366460109109
N/A,I 80;I 35 / 23637459,0.357,yes,180,no,189606108481540302,-2295854322297073177
N/A,I 80;I 35 / 270425,0.568,yes,180,no,189606658181779662,-2296346903504219871
N/A,I 80;I 35 / 277639,0.446,yes,88,no,189685823094477038,-6907329234152189407
N/A,I 80;I 35 / 4988626,0.591,yes,180,no,189606658157662414,-2296553611692339003
N/A,I 80;I 35 / 723297,0.438,yes,266,no,189984890252513654,-2295682797002550769
N/A,I 80;I 35 / 723304,0.099,yes,87,no,189995885369315711,2316007619486028303
N/A,I 80;I 35 / 723306,0.475,yes,266,no,190004131707048319,6927693637974233619
N/A,I 80;I 35 / 723308,0.345,yes,86,no,190005231218676097,2316007619540554257
N/A,I 80;I 35 / 723329,0.806,yes,270,no,189953554171122021,2316003221334659597
N/A,I 80;I 35 / 723331,0.624,yes,90,no,189949705879900517,2315998823258788363
N/A,I 80;I 35 / 723426,3.332,yes,93,no,189865593242472740,-6907333631280147957
N/A,I 80;I 35 / 723428,3.301,yes,273,no,189866142998286629,2316042803623236109
N/A,I 80;I 35 / 723440,0.716,yes,93,no,189779281583362326,-6907320437679582691
N/A,I 80;I 35 / 723441,0.806,yes,274,no,189778731827548437,-6907316039628877281
N/A,I 80;I 35 / 723456,1.281,yes,88,no,189736950386741501,-2295638817416146397
N/A,I 80;I 35 / 723835,0.711,yes,47,no,189613255320752335,2315910861047206425
N/A,I 80;I 35 / 723837,0.313,yes,88,no,189633596291109080,6927715626780725787
N/A,I 80;I 35 / 723936,0.493,yes,180,no,189606108458471630,-2296065428529606249
N/A,I 80;I 35 / 723942,0.339,yes,180,no,189606108471054542,-2295942283227295297
N/A,I 80;I 35 / 724014,0.574,yes,0,no,189607207935496399,6927003143120097561
N/A,I 80;I 35 / 724201,0.527,yes,265,no,190025572185362824,6927702434153239067
N/A,I 80;I 35 / 724204,0.113,yes,86,no,190015126823850375,-2295674000821448173
N/A,I 80;I 35 / 924889,0.213,yes,180,no,189606108414431438,-2296399680064450337
N/A,I 80;I 35 / 9717534,0.186,yes,182,no,189606108390314190,-2296597592157450111
N/A,I 80 Local;US 6 / 726702,0.623,yes,290,no,185067873379109049,2308671659146478847
N/A,I 80;US 6 / 11007814,0.655,yes,67,no,190288905253245439,6927953123815199395
N/A,I 80;US 61 / 11490015,1.760,yes,272,no,196606149170650413,2315128035532083307
N/A,I 80;US 61 / 11490018,2.164,yes,278,no,196490150698114292,-6908173632987459455
N/A,I 80;US 61 / 14301115,0.115,yes,102,no,196658375965105492,-2296619555479351201
N/A,I 80;US 61 / 14301123,0.323,yes,102,no,196649030117842254,-6908292379783983005
N/A,I 80;US 61 / 14301130,0.637,yes,91,no,196551173589261598,-2296557983193100161
N/A,I 80;US 61 / 22452789,0.765,yes,271,no,196552273101413662,2315132433293381759
N/A,I 80;US 6 / 13039467,0.617,yes,255,no,190772690423468763,-6906638736691293333
N/A,I 80;US 61 / 3230509,2.155,yes,98,no,196491799964507381,-6908178031027679105
N/A,I 80;US 61 / 3230511,1.842,yes,91,no,196603950146870571,6926814053957374057
N/A,I 80;US 6 / 13329268,0.458,yes,247,no,190299350617379334,2316311085880185517
N/A,I 80;US 6 / 13656935,0.334,yes,247,no,190283957449871872,2316275901438890649
N/A,I 80;US 6 / 1377189,3.078,yes,74,no,190373567665361422,-2295330951593454845
N/A,I 80;US 6 / 1377194,3.126,yes,74,no,190848006984651494,-6906603551845248159
N/A,I 80;US 6 / 1377961,2.493,yes,223,no,188643485750480643,6924944853815004609
N/A,I 80;US 6 / 1388711,5.668,yes,268,no,190642948029895279,6928234600540935001
N/A,I 80;US 6 / 1389328,0.582,yes,209,no,185104707037513933,-2302926398222760605
N/A,I 80;US 6 / 1389792,3.431,yes,89,no,187127259212106822,-6910051634459439797
N/A,I 80;US 6 / 15246500,0.192,yes,90,no,187665470145514842,-6910122001414746839
N/A,I 80;US 6 / 16271187,0.453,yes,92,no,187448316606893301,2313316005330292039
N/A,I 80;US 6 / 16277282,0.398,yes,90,no,187883723210968507,-2298374409486856891
N/A,I 80;US 6 / 16277284,0.361,yes,90,no,187700104761789800,-6910122001267946199
N/A,I 80;US 6 / 16487853,0.473,yes,297,no,190920024977920800,2316750892896883529
N/A,I 80;US 6 / 16542121,0.392,yes,105,no,196189984054140029,6927117517472141565
N/A,I 80;US 6 / 16542123,0.455,yes,90,no,196021209053879343,-2295977443089968761
N/A,I 80;US 6 / 16542128,0.489,yes,94,no,195892016439188468,-6907645869822045813
N/A,I 80;US 6 / 16755889,0.434,yes,273,no,187448866363231477,-6910051633477972665
N/A,I 80;US 6 / 1704973,0.659,yes,247,no,190264715990618612,6927904745211302537
N/A,I 80;US 6 / 17095721,0.253,yes,269,no,187667119413480794,-6910117603357749973
N/A,I 80;US 6 / 17694885,0.459,yes,271,no,190456580805841485,2316548580991570693
N/A,I 80;US 6 / 17694886,0.979,yes,270,no,190486817375605334,2316548581150954243
N/A,I 80;US 6 / 17694887,0.329,yes,268,no,190514854922113641,2316544183158969093
N/A,I 80;US 6 / 17813905,0.395,yes,90,no,188215775720984146,-6910073620787098305
N/A,I 80;US 6 / 17813907,1.732,yes,90,no,188170145988431409,6924984434430053695
N/A,I 80;US 6 / 17813908,0.479,yes,90,no,188123416744250920,2313298415721647423
N/A,I 80;US 6 / 18947655,3.106,yes,60,no,189015670503067559,-2297952192506622309
N/A,I 80;US 6 / 18947656,0.468,yes,78,no,188947500759601055,2313707437190811141
N/A,I 80;US 6 / 18947657,1.842,yes,90,no,188899122242735995,-6909690988018528775
N/A,I 80;US 6 / 19810891,0.548,yes,274,no,195890367172271091,6927420981551042957
N/A,I 80;US 6 / 19810901,0.402,yes,285,no,196190533810478205,6927121915520749823
N/A,I 80;US 6 / 19892704,0.414,yes,270,no,188121217721519655,-6910069223099200191
N/A,I 80;US 6 / 20850435,0.492,yes,90,no,188415886830948012,-2298440378146091737
N/A,I 80;US 6 / 21109996,0.422,yes,270,no,187701754029755752,-6910117603210949333
N/A,I 80;US 6 / 21109997,3.248,yes,270,no,187779269599513968,-2298431584261370553
N/A,I 80;US 6 / 21109998,0.461,yes,270,no,187857334932426159,2313316006890573127
N/A,I 80;US 6 / 21545476,0.346,yes,90,no,190498362247172705,2316544183096054529
N/A,I 80;US 6 / 21545477,0.785,yes,90,no,190474172991361617,-2295141835387956477
N/A,I 80;US 6 / 21545480,0.478,yes,90,no,190447234956481096,-6906827853943270653
N/A,I 80;US 6 / 22171682,0.213,yes,71,no,190305397932904971,2316333076116935341
N/A,I 80;US 6 / 22468854,1.809,yes,270,no,188895273952563066,2313685446865980921
N/A,I 80;US 6 / 22468855,0.565,yes,258,no,188944751980531612,-2297978581238673915
N/A,I 80;US 6 / 22744054,3.485,yes,90,no,188762233045602094,6925327484459159021
N/A,I 80;US 6 / 22744055,0.451,yes,44,no,188683617954778920,6925243921017605595
N/A,I 80;US 6 / 23721769,0.481,yes,87,no,188585211622674169,-2298435979455754965
N/A,I 80;US 6 / 24117808,0.514,yes,117,no,190919475222106911,-6906621143957892281
N/A,I 80;US 6 / 24132220,0.691,yes,74,no,190769941643350745,-6906651930835020951
N/A,I 80;US 6 / 24194042,0.525,yes,267,no,188584112111570681,2313254437020241197
N/A,I 80;US 6 / 261426,5.954,yes,88,no,190632502668382823,-2295146232423640237
N/A,I 80;US 6 / 262898,5.106,yes,96,no,191034923924673320,-6906678317744647399
N/A,I 80;US 6 / 264703,5.308,yes,92,no,187325721060396174,-6910051633551372985
N/A,I 80;US 6 / 269481,5.326,yes,272,no,187326270816734350,-6910047235500667575
N/A,I 80;US 6 / 271240,0.766,yes,71,no,190260867697824241,6927900347158499973
N/A,I 80;US 6 / 276611,4.940,yes,275,no,191031075634500392,6928384135554667289
N/A,I 80;US 6 / 4817247,3.963,yes,90,no,187791913982709103,-6910122000630411963
N/A,I 80;US 6 / 4817249,1.651,yes,91,no,187927153919741379,6924997627636354369
N/A,I 80;US 65 / 2923368,0.463,yes,82,no,190195446754398678,6927891550794945135
N/A,I 80;US 6 / 5296207,5.543,yes,90,no,195763373578214281,6927429777566470545
N/A,I 80;US 6 / 5296211,2.566,yes,90,no,195956887623654398,2315717371357041031
N/A,I 80;US 6 / 5296215,3.762,yes,114,no,196107520704601144,-6907663460940639991
N/A,I 80;US 65 / 724083,1.151,yes,259,no,190189949196259789,-6907184096635514255
N/A,I 80;US 6 / 722210,4.889,yes,106,no,196298835684318340,-6907966925311045475
N/A,I 80;US 6 / 722213,4.900,yes,286,no,196299385440132228,-2296276508835049313
N/A,I 80;US 6 / 724736,3.338,yes,254,no,190377415957631502,6928041085299069701
N/A,I 80;US 6 / 724942,3.128,yes,257,no,190849106496803559,2316772883060233057
N/A,I 80;US 6 / 726562,0.631,yes,27,no,185105256792803534,2308750824115799395
N/A,I 80;US 6 / 726576,0.393,yes,35,no,185097560196729033,-2303018757249825495
N/A,I 80;US 6 / 726707,0.193,yes,262,no,185084915807242436,-2303031951435496189
N/A,I 80;US 6 / 726708,0.492,yes,213,no,185096460685101256,-6914709173725821649
N/A,I 80;US 6 / 727506,3.500,yes,90,no,188500549226286774,6924931659274915113
N/A,I 80;US 6 / 727508,3.464,yes,270,no,188499449715183286,6924936057315134763
N/A,I 80;US 6 / 727514,4.303,yes,115,no,188314731764338266,6924984435187125543
N/A,I 80;US 6 / 727548,3.098,yes,90,no,188047550441934316,2313302813690563903
N/A,I 80;US 6 / 727550,3.145,yes,271,no,188045901175016938,-2298378806692410047
N/A,I 80;US 6 / 727555,0.455,yes,90,no,187971684140142051,6924988831616732481
N/A,I 80;US 6 / 727557,0.399,yes,270,no,187970584629038563,2313307211225369923
N/A,I 80;US 6 / 727689,3.352,yes,269,no,187123960677747781,-2298361218004415155
N/A,I 80;US 6 / 727891,2.397,yes,44,no,188641836481466115,2313254437330619829
N/A,I 80;US 6 / 727909,3.118,yes,240,no,189015670503591847,-6909638210934010211
N/A,I 80;US 6 / 8417620,3.351,yes,270,no,188762782801940271,-6909712978645348881
N/A,I 80;US 6 / 8417621,0.432,yes,225,no,188685816980655913,-6909787745977102877
N/A,I 80;US 6 / 8430129,0.480,yes,270,no,188415886831472300,-2298435980101677783
N/A,I 80;US 6 / 8430130,4.338,yes,295,no,188314182009048665,-2298383203621139159
N/A,I 80;US 6 / 8430131,0.370,yes,269,no,188215225965694546,-6910069222744781503
N/A,I 80;US 6 / 8430132,1.812,yes,270,no,188168496721514031,-6910069222805598911
N/A,I 80;US 6 / 877111,4.845,yes,270,no,187561016549264637,-2298370012319052501
N/A,I 80;US 6 / 877118,0.422,yes,272,no,187204225027099782,-6910042838318183093
N/A,I 80;US 6 / 887916,4.841,yes,90,no,187561016548740349,-2298370012321149655
N/A,I 80;US 6 / 888980,0.479,yes,270,no,187682512576269663,6924940452002008363
N/A,I 80;US 6 / 8909199,3.742,yes,294,no,196108070460939320,-2295973044468838133
N/A,I 80;US 6 / 8909200,0.546,yes,270,no,196020109542775854,6927398991813415305
N/A,I 80;US 6 / 8909202,2.496,yes,270,no,195955238356737021,-2295964249036418679
N/A,I 80;US 6 / 8909204,5.527,yes,270,no,195761174555483016,-6907619481633156717
N/A,I 80;US 6 / 914056,0.559,yes,90,no,188847994952568688,-2298004969886839315
N/A,I 80;US 6 / 916131,0.544,yes,91,no,187680863308303710,2313250035528109353
N/A,I 80;US 6 / 916374,0.306,yes,92,no,187206973805644936,-2298361217937306295
N/A,I 80;US 6 / 925673,2.833,yes,31,no,185150886565202132,-6914498067161938331
N/A,I 80;US 6 / 926051,0.528,yes,271,no,188845246174023535,-2298000571852911121
N/A,I 80;US 6 / 933994,2.736,yes,211,no,185148687540373716,2308873969682351705
N/A,I 80;US 6 / 9968364,2.239,yes,271,no,187914509536546231,-2298370011174007485
N/A,I 880 / 1377836,0.595,yes,270,no,185596739029911977,-2298334835775632041
N/A,I 880 / 1389850,2.633,yes,83,no,184999704205543558,-2298414002728858323
N/A,I 880 / 14316759,0.357,yes,271,no,185267985053206806,-2298334837048603305
N/A,I 880 / 17684756,0.600,yes,84,no,185067324171176121,2313258821655465263
N/A,I 880 / 19985472,0.560,yes,254,no,185166280226064614,-2298370021793985191
N/A,I 880 / 19985473,1.951,yes,273,no,185219056786295025,2313355579366575447
N/A,I 880 / 23678654,0.336,yes,269,no,185016746637871268,-6910095623227175627
N/A,I 880 / 23686497,0.379,yes,87,no,185285027482913054,2313346783399382359
N/A,I 880 / 264497,7.264,yes,270,no,185430163017255197,-6910020854299488937
N/A,I 880 / 264501,0.211,yes,90,no,185613231704328628,-2298334835744174763
N/A,I 880 / 267402,4.713,yes,72,no,185177275343915204,-6910108816402018987
N/A,I 880 / 269472,0.261,yes,270,no,185614880971770293,6925037201121086807
N/A,I 880 / 727493,6.705,yes,90,no,185435660574869797,-6910020854322557609
N/A,I 880 / 916120,3.151,yes,276,no,185090413914310827,2313276414128819527
N/A,I 880 / 925938,1.525,yes,283,no,184977713975609479,-6910095623281701579
N/A,I 880 / 925944,0.721,yes,90,no,185592890739214759,2313351182647561559
N/A,IA 100 / 14259015,0.582,yes,233,no,194028345024403621,2322340821873991031
N/A,IA 100 / 1918664,0.623,yes,53,no,194028345023879333,2322336423831674231
N/A,IA 100 / 21241601,0.697,yes,104,no,194167433279920354,-6900674972663931425
N/A,IA 100 / 21525123,0.645,yes,283,no,194167983036258531,6934383082614037983
N/A,IA 100 / 267587,0.708,yes,189,no,194004155699386525,-2289969719279608701
N/A,IA 100 / 267859,1.813,yes,4,no,194009103538935968,2321887823005752653
N/A,IA 100 / 271655,1.833,yes,183,no,194008553784170655,-2289793797375124145
N/A,IA 100 / 886267,0.696,yes,8,no,194004705454676126,6933397919530753153
N/A,IA 100 / 912303,0.392,yes,183,no,194001406903539869,-6901756892793529295
N/A,IA 100 / 919009,3.099,yes,257,no,194089367954348206,6934114801674100209
N/A,IA 100 / 924660,0.481,yes,3,no,194001956657780893,-2290092864594502607
N/A,IA 100 / 927621,3.036,yes,75,no,194088818198534318,-2289257235184869903
N/A,IA 163 / 10812142,0.606,yes,159,no,192684739725973061,6916619367068204579
N/A,IA 163 / 1377294,0.807,yes,179,no,192029981138834716,-2301800471933745453
N/A,IA 163 / 16803976,1.526,yes,87,no,191551144022594612,-2300261157357745683
N/A,IA 163 / 16803978,2.177,yes,141,no,191456586041480202,-2299869731572676115
N/A,IA 163 / 16803979,0.400,yes,135,no,191421401699275781,-6911485381499155811
N/A,IA 163 / 17788758,1.159,yes,128,no,192020635317785871,-6913270986084186321
N/A,IA 163 / 18039350,0.700,yes,91,no,191094297195008876,-2298119310516679237
N/A,IA 163 / 18039354,0.751,yes,168,no,191028326568645457,6925930025192525471
N/A,IA 163 / 18292972,0.641,yes,0,no,191028876320789332,6925899238869044887
N/A,IA 163 / 18534878,1.213,yes,309,no,192021734829413647,-2301584967652604117
N/A,IA 163 / 18865699,0.776,yes,154,no,192100349808563512,6920920654318405049
N/A,IA 163 / 22219814,0.393,yes,316,no,191424700232061959,2311869063182158485
N/A,IA 163 / 22219815,2.034,yes,321,no,191458235308921868,-6911573342190302737
N/A,IA 163 / 22219816,0.771,yes,271,no,191505514287944743,6923119675355171309
N/A,IA 163 / 22219818,1.504,yes,269,no,191553892802188342,2311429259124541935
N/A,IA 163 / 23357716,0.791,yes,339,no,192101449319142713,6920916256276088245
N/A,IA 163 / 267397,2.299,yes,143,no,192054170352702749,2309683236582721031
N/A,IA 163 / 272948,2.335,yes,323,no,192055269864330525,-6913693198310177275
N/A,IA 163 / 5330202,0.669,yes,91,no,191504964531606567,-2300256759556601365
N/A,IA 163 / 6738993,2.916,yes,169,no,191028326512546645,-6909299553708536391
N/A,IA 163 / 7199689,0.495,yes,323,no,192691886543689287,-6918526649108529649
N/A,IA 163 / 7289346,0.724,yes,269,no,191093197683905388,2313575504001633725
N/A,IA 163 / 7289347,2.781,yes,349,no,191029426024698709,-2297631127473484355
N/A,IA 163 / 912529,0.770,yes,359,no,192030530894124317,6921562768832202451
N/A,IA 163 / 924464,0.715,yes,92,no,191598972776305746,2311429259231496683
N/A,IA 163 / 933927,0.702,yes,271,no,191600622044271699,2311433657284299245
N/A,IA 5;IA 92 / 1388503,1.198,yes,269,no,191113538204947313,6921575959568058145
N/A,IA 5;IA 92 / 22338659,0.966,yes,110,no,191040420698477396,2310061464652613451
N/A,IA 5;IA 92 / 22910982,0.972,yes,291,no,191042069965919060,-6913310572195870901
N/A,IA 5;IA 92 / 268713,0.723,yes,111,no,191074505550025571,-2301738902872914129
N/A,IA 5;IA 92 / 268714,1.072,yes,323,no,191015131953582918,-6913134650469644417
N/A,IA 5;IA 92 / 272520,1.077,yes,141,no,191014032442479429,-2301453030092961921
N/A,IA 5;IA 92 / 276618,1.187,yes,90,no,191112988448609137,2309885543089964831
N/A,IA 5;IA 92 / 875868,0.689,yes,290,no,191075605061653348,-2301738902872914127
N/A,IA 60 / 10243624,0.624,yes,81,no,184333952692078443,6948232493565752981
N/A,IA 60 / 12266344,0.483,yes,191,no,184664906000844806,-2272597471189255353
N/A,IA 60 / 1391186,0.802,yes,183,no,185129450103982296,-6880624313155698199
N/A,IA 60 / 20736996,0.962,yes,61,no,185111857896966345,-2269043847855062637
N/A,IA 60 / 20736997,1.257,yes,89,no,185064029138012337,2342624578254160223
N/A,IA 60 / 24107657,1.061,yes,270,no,185062929626908850,6954319392753598817
N/A,IA 60 / 24107658,1.014,yes,248,no,185107459849930951,6954332587037835663
N/A,IA 60 / 261840,2.503,yes,246,no,184710535756990472,-6884160344068965369
N/A,IA 60 / 261849,0.474,yes,11,no,184665455756134407,2339088547240229699
N/A,IA 60 / 264911,0.718,yes,3,no,185129999859796185,-6880615517058481691
N/A,IA 60 / 4051176,0.645,yes,74,no,185276235343022360,2346472869710547011
N/A,IA 60 / 4568575,1.164,yes,186,no,185340556847171898,-6876388993541322343
N/A,IA 60 / 4568576,0.525,yes,180,no,185339457309854010,-6876525333004138219
N/A,IA 60 / 5041525,0.710,yes,262,no,184333952692602730,6948232493569947287
N/A,IA 60 / 728758,2.527,yes,64,no,184711085512804360,-2272478723685991417
N/A,IA 60 / 728772,0.618,yes,360,no,184731426521434150,2339633905257167949
N/A,IA 60 / 728773,0.721,yes,180,no,184730876767193125,-2272052113168122791
N/A,IA 60 / 732241,0.958,yes,242,no,184746819706767398,-2271871793133241199
N/A,IA 60 / 732243,1.026,yes,60,no,184745720194091046,-6883579801793184627
N/A,IA 60 / 732437,2.089,yes,39,no,185331760690710820,6958207266838300889
N/A,IA 60 / 732438,2.044,yes,219,no,185331210935421220,6958211664882714839
N/A,IA 60 / 732458,0.760,yes,4,no,185348253457402173,-6876098722459006479
N/A,IA 60 / 732460,0.757,yes,183,no,185347153945774397,2347273314393672177
N/A,IA 60 / 732507,0.649,yes,224,no,185252595833587983,6958048936872396847
N/A,IA 60 / 732510,0.935,yes,37,no,185248747538696461,6957969772035196973
N/A,IA 60 / 889774,0.774,yes,359,no,185129450126526683,2343130353749737957
N/A,IA 60 / 915821,0.701,yes,54,no,185023347200968869,-6880848613880086185
N/A,IA 60 / 917652,0.740,yes,179,no,185128900371237082,-2268740382635310529
N/A,IA 60 / 9217355,0.541,yes,0,no,185340007066716474,-2264834916526044905
N/A,IA 60 / 9217356,1.132,yes,6,no,185341106603510075,2346987441364158873
N/A,IA 60 / 9217554,0.640,yes,254,no,185276785099360536,2346477267757058117
N/A,IA 60 / 926951,0.762,yes,235,no,185024446713645221,-6880839817774481061
N/A,IA 92 / 21335678,0.780,yes,88,no,191154769890988935,-6913521678008973535
N/A,IA 92 / 270167,0.885,yes,89,no,191189954263602070,-6913517279819856093
N/A,IA 92 / 6774930,0.735,yes,269,no,191154220135699335,-2301831261539268829
N/A,IA 92 / 725163,0.908,yes,269,no,191189404508312470,2309859155081430819
N/A,John MacVicar Freeway / 10775083,0.123,yes,273,no,189925516512416094,-2296623979207585695
N/A,John MacVicar Freeway / 1362587,0.412,yes,270,no,189734751239229701,6926699678430924875
N/A,John MacVicar Freeway / 13656044,0.179,yes,95,no,189965648685257072,-6908323191617220519
N/A,John MacVicar Freeway / 1376966,0.579,yes,17,no,190045363319165333,6927003144799916311
N/A,John MacVicar Freeway / 1388585,0.327,yes,90,no,189718808320626943,2315013659936428107
N/A,John MacVicar Freeway / 14284145,0.298,yes,75,no,189844702400958776,-6908384764721360823
N/A,John MacVicar Freeway / 14608810,0.050,yes,270,no,189605558620868814,2314996067295301699
N/A,John MacVicar Freeway / 15741606,0.044,yes,94,no,189960700882932079,-6908323191646580645
N/A,John MacVicar Freeway / 16167828,0.095,yes,63,no,189837005816942903,2314978475994255423
N/A,John MacVicar Freeway / 16167830,0.456,yes,99,no,189812266805842216,6926677688496164921
N/A,John MacVicar Freeway / 16167831,0.496,yes,94,no,189792475597590814,-6908371570764279743
N/A,John MacVicar Freeway / 16574774,0.311,yes,355,no,190050860908761496,-2296069824881618559
N/A,John MacVicar Freeway / 16574775,0.295,yes,7,no,190049761387696536,6927227445182468445
N/A,John MacVicar Freeway / 16901010,0.061,yes,90,no,189642942015688927,2314991669391396929
N/A,John MacVicar Freeway / 1705049,0.430,yes,274,no,189809518027297063,2314996068102705213
N/A,John MacVicar Freeway / 17294782,0.154,yes,273,no,189931563825844577,6926748057672355935
N/A,John MacVicar Freeway / 17409877,0.332,yes,74,no,189891431650382157,-2296654765646409633
N/A,John MacVicar Freeway / 18384461,0.439,yes,90,no,189616003980808399,2314991669320093761
N/A,John MacVicar Freeway / 18709849,0.485,yes,270,no,189617103492960463,2314996067374993475
N/A,John MacVicar Freeway / 19641892,0.253,yes,90,no,189668230783127784,-2296694348922744767
N/A,John MacVicar Freeway / 19641893,0.445,yes,90,no,189653387376152800,2314991669464797249
N/A,John MacVicar Freeway / 19720161,0.103,yes,60,no,190030519883354511,2315141204455461003
N/A,John MacVicar Freeway / 20681648,0.657,yes,270,no,189662733225513186,6926682085991125059
N/A,John MacVicar Freeway / 21062092,0.545,yes,269,no,189829858990838063,6926668892476543045
N/A,John MacVicar Freeway / 21349901,0.484,yes,270,no,189594563504591044,-2296689951140474813
N/A,John MacVicar Freeway / 21513941,0.117,yes,0,no,190042064773796245,2315290738074587349
N/A,John MacVicar Freeway / 21551048,0.573,yes,254,no,189990937452695928,6926730465744261221
N/A,John MacVicar Freeway / 21826967,0.414,yes,90,no,189944757964853604,-2296632775204138915
N/A,John MacVicar Freeway / 21948233,0.185,yes,186,no,190049211633455512,2315563416985538907
N/A,John MacVicar Freeway / 22740940,0.380,yes,90,no,189633596166852823,-6908380367473864639
N/A,John MacVicar Freeway / 22844961,0.123,yes,270,no,189679225899929839,2314996067582611523
N/A,John MacVicar Freeway / 22990187,0.304,yes,270,no,189642392260399324,6926682085884170307
N/A,John MacVicar Freeway / 23878096,0.203,yes,90,no,189678126387777773,-6908380367316578237
N/A,John MacVicar Freeway / 24051775,0.336,yes,175,no,190050311152947608,-6907760241357614719
N/A,John MacVicar Freeway / 24409632,0.367,yes,274,no,189971146243395953,6926739261747105881
N/A,John MacVicar Freeway / 263613,0.143,yes,94,no,189956852592759148,-2296632775181070245
N/A,John MacVicar Freeway / 264158,0.360,yes,270,no,189718258564813054,6926699678363816011
N/A,John MacVicar Freeway / 264159,0.698,yes,84,no,189697367842836721,-6908375969156820917
N/A,John MacVicar Freeway / 268625,0.675,yes,264,no,189696268331208945,6926682086119051339
N/A,John MacVicar Freeway / 270708,0.630,yes,91,no,189864493610783038,2315009262468730955
N/A,John MacVicar Freeway / 3229801,0.267,yes,259,no,189846351668924729,-6908371570577633205
N/A,John MacVicar Freeway / 4288549,0.809,yes,81,no,189986539405136244,2315044447318970467
N/A,John MacVicar Freeway / 4472179,0.165,yes,264,no,189895279942127952,-2296632775411756961
N/A,John MacVicar Freeway / 4805449,0.193,yes,63,no,189881536042586442,6926699678969892947
N/A,John MacVicar Freeway / 4805471,0.316,yes,90,no,189828759478686001,2314974077935161403
N/A,John MacVicar Freeway / 5607140,0.136,yes,246,no,189889232627126606,-6908331988005941155
N/A,John MacVicar Freeway / 724214,0.962,yes,360,no,190049211660194200,6927623269368467841
N/A,John MacVicar Freeway / 724216,0.395,yes,179,no,190048661916438936,2315866882190610939
N/A,John MacVicar Freeway / 724224,0.661,yes,180,no,190048661900186008,2315866882194805121
N/A,John MacVicar Freeway / 724261,0.509,yes,274,no,189789726819045661,6926690882553909315
N/A,John MacVicar Freeway / 724266,0.564,yes,273,no,189766637075910930,6926699678565142599
N/A,John MacVicar Freeway / 724294,0.405,yes,187,no,190048112112914839,6927148280338977093
N/A,John MacVicar Freeway / 724313,0.561,yes,179,no,190041515013263763,-6908178055805529891
N/A,John MacVicar Freeway / 724318,0.349,yes,236,no,190033818419810702,6926827222905917597
N/A,John MacVicar Freeway / 724320,0.608,yes,22,no,190040965251158416,-2296531619796741945
N/A,John MacVicar Freeway / 724330,0.465,yes,240,no,190018975006544262,-6908288007024930683
N/A,John MacVicar Freeway / 724578,0.421,yes,88,no,189907374570033491,-2296628377300234145
N/A,John MacVicar Freeway / 724580,0.563,yes,268,no,189911222861254996,2315057641152319585
N/A,John MacVicar Freeway / 724581,0.462,yes,93,no,189926066267705691,-2296628377224736675
N/A,John MacVicar Freeway / 724683,0.294,yes,244,no,189880986286772553,6926699678976184407
N/A,John MacVicar Freeway / 724854,0.517,yes,271,no,189945857477005668,6926743659709730909
N/A,John MacVicar Freeway / 724886,0.153,yes,273,no,189960151127642478,6926739261688385629
N/A,John MacVicar Freeway / 875640,0.184,yes,255,no,190006330618630531,2315070835625300075
N/A,John MacVicar Freeway / 886567,0.506,yes,90,no,189596212771508421,6926677687676178497
N/A,John MacVicar Freeway / 886940,0.180,yes,74,no,190006880374444419,6926752456006176873
N/A,John MacVicar Freeway / 887532,0.243,yes,90,no,189749044890390797,-6908358376809295799
N/A,John MacVicar Freeway / 912745,0.552,yes,271,no,189863394099155262,-6908358376350019509
N/A,John MacVicar Freeway / 912957,0.496,yes,60,no,190019524762358150,-6908292405065150331
N/A,John MacVicar Freeway / 913481,0.264,yes,270,no,189749044890390797,6926699678472867915
N/A,John MacVicar Freeway / 914446,0.308,yes,6,no,190048112111341975,-6907909774941089477
N/A,John MacVicar Freeway / 933095,0.200,yes,270,no,189631946899935448,-6908375969448325053
N/A,John MacVicar Freeway / 933416,0.517,yes,197,no,190044813563875733,2315334718556475671
N/A,John MacVicar Freeway / 933722,0.644,yes,94,no,189767736587538706,6926695280529117253
N/A,John MacVicar Freeway / 933723,0.423,yes,91,no,189734751239229701,6926699678433022027
N/A,Leo P Rooff Expressway / 11211724,0.404,yes,79,no,192636364406740524,-2280056527636124201
N/A,Leo P Rooff Expressway / 1377930,0.726,yes,266,no,192736969634174552,2330938997895867523
N/A,Leo P Rooff Expressway / 1390475,0.588,yes,268,no,192610525882439199,6943315509134765521
N/A,Leo P Rooff Expressway / 1390481,1.269,yes,135,no,192696837478110786,-6892204340670354273
N/A,Leo P Rooff Expressway / 1390658,0.227,yes,313,no,192755661328176741,6942585433931918449
N/A,Leo P Rooff Expressway / 1390659,0.483,yes,101,no,192730922319697495,-6892433039000851319
N/A,Leo P Rooff Expressway / 1390682,0.234,yes,89,no,192572042974418449,6943306712865582539
N/A,Leo P Rooff Expressway / 1390691,1.060,yes,314,no,192700685766710854,2331136909860940959
N/A,Leo P Rooff Expressway / 14471920,0.041,yes,306,no,192673747747034689,-6892191146694398721
N/A,Leo P Rooff Expressway / 14471939,0.646,yes,308,no,192662202881234490,2331299637409885443
N/A,Leo P Rooff Expressway / 16039488,0.213,yes,268,no,192573692242384402,2331620694442388941
N/A,Leo P Rooff Expressway / 18033495,0.134,yes,311,no,192720476964476502,2330960988017274005
N/A,Leo P Rooff Expressway / 18126167,0.215,yes,126,no,192671548724303423,2331198482348518653
N/A,Leo P Rooff Expressway / 18126171,0.561,yes,144,no,192658354592110137,-2280373186898940661
N/A,Leo P Rooff Expressway / 20416420,0.250,yes,314,no,192763357904328296,-6892512203737387939
N/A,Leo P Rooff Expressway / 269229,0.128,yes,130,no,192719377452324437,-2280725030414308203
N/A,Leo P Rooff Expressway / 269250,0.686,yes,172,no,192661103409976888,-6891733749913866869
N/A,Leo P Rooff Expressway / 270524,0.495,yes,6,no,192658354607838778,2331312831496990071
N/A,Leo P Rooff Expressway / 279833,0.819,yes,259,no,192640762454300202,-2280052129543475763
N/A,Leo P Rooff Expressway / 730596,0.695,yes,88,no,192612724905170463,6943311111105031631
N/A,Leo P Rooff Expressway / 888734,0.662,yes,187,no,192658354610460218,2331312831499087243
N/A,Leo P Rooff Expressway / 915742,0.453,yes,268,no,192587985893545494,6943311110991785423
N/A,Leo P Rooff Expressway / 916482,0.862,yes,132,no,192757310593521248,6942598628113394769
N/A,Leo P Rooff Expressway / 916508,0.483,yes,88,no,192587436137207317,-2280065323909501491
N/A,Lincoln Freeway / 1388049,0.552,yes,290,no,194203716958640372,-6902394608728139063
N/A,Lincoln Freeway / 14632019,0.063,yes,91,no,194322464204478767,2320871875427703475
N/A,Lincoln Freeway / 15843014,0.143,yes,288,no,194158087237097699,6932738213141289729
N/A,Lincoln Freeway / 19013992,0.261,yes,91,no,194234503275305220,-2290805347225429321
N/A,Lincoln Freeway / 20159705,0.285,yes,301,no,194219110115137790,6932606271991323323
N/A,Lincoln Freeway / 20159706,0.052,yes,280,no,194226256939145475,6932575485672037049
N/A,Lincoln Freeway / 20159707,0.278,yes,271,no,194232854008387844,6932571087671663289
N/A,Lincoln Freeway / 20159708,0.047,yes,271,no,194240000833968393,-6902486967602111815
N/A,Lincoln Freeway / 723127,0.563,yes,111,no,194204266713405684,-2290712988343067963
N/A,Lincoln Freeway / 723143,0.760,yes,271,no,194337307611978030,-2290809744839927117
N/A,Lincoln Freeway / 9871474,0.235,yes,120,no,194219659870427390,-2290774560960668999
N/A,Lincoln Freeway / 9871475,0.111,yes,95,no,194226256938096898,-2290800949222958409
N/A,Lincoln Highway / 12923778,0.763,yes,306,no,192312557034886552,6933345136565820391
N/A,Lincoln Highway / 13336850,1.699,yes,90,no,191454938040718343,2322226462950694173
N/A,Lincoln Highway / 1388252,0.734,yes,122,no,192313106789651864,6933336340470701029
N/A,Lincoln Highway / 14140167,0.770,yes,259,no,191572585784366149,-2289463953154106073
N/A,Lincoln Highway / 14452417,0.449,yes,270,no,192227894671005042,-2289815794400355213
N/A,Lincoln Highway / 15217931,0.595,yes,108,no,192150928879605070,-6901303901017858881
N/A,Lincoln Highway / 18213793,0.777,yes,72,no,191602272604607571,6933930074046471479
N/A,Lincoln Highway / 19597566,0.721,yes,251,no,191603372117283924,6933938870139493689
N/A,Lincoln Highway / 20213595,1.259,yes,91,no,191316399584007116,6933991645649050939
N/A,Lincoln Highway / 20213596,0.856,yes,93,no,191271319608841147,-6901062011792122561
N/A,Lincoln Highway / 20525418,0.454,yes,94,no,192224596136121713,6933556242443934835
N/A,Lincoln Highway / 22191273,0.557,yes,90,no,191241083039077296,-2289375993505243839
N/A,Lincoln Highway / 22512689,0.690,yes,269,no,191243831818671024,-2289371595435664061
N/A,Lincoln Highway / 23700796,0.357,yes,285,no,192145981078852942,-6901299503006999349
N/A,Lincoln Highway / 266487,1.714,yes,313,no,192183914215331157,6933736562290072697
N/A,Lincoln Highway / 2712493,0.788,yes,273,no,191539600436057142,6933916879672057113
N/A,Lincoln Highway / 272473,0.725,yes,90,no,191507164843562024,6933916879542033691
N/A,Lincoln Highway / 277330,0.296,yes,270,no,192243837589607803,6933543048363121779
N/A,Lincoln Highway / 5697073,1.700,yes,270,no,191455487797056519,2322230860997205279
N/A,Lincoln Highway / 6738918,0.818,yes,93,no,191540150191346742,6933912481629740311
N/A,Lincoln Highway / 6738919,0.686,yes,79,no,191572036028027974,6933903685645770019
N/A,Lincoln Highway / 723333,1.430,yes,315,no,192279021953308034,2321857030128671769
N/A,Lincoln Highway / 723342,1.864,yes,133,no,192272424886687098,2321857030130768917
N/A,Lincoln Highway / 729610,1.847,yes,282,no,191379621495264228,2322301229462461725
N/A,Lincoln Highway / 729674,0.724,yes,270,no,191507164844086312,6933921277588544797
N/A,Lincoln Highway / 8115389,0.661,yes,273,no,191272419120468926,6934000441526066497
N/A,Lincoln Highway / 8115395,1.278,yes,271,no,191314200561800139,2322310025261882685
N/A,Lincoln Highway / 875277,1.400,yes,122,no,192186662992303449,-6901347881283740551
N/A,Lincoln Highway / 926549,1.802,yes,101,no,191380171250553828,-2289389187011437285
N/A,Military Order of the Purple Heart Highway / 11389092,0.390,yes,79,no,190048111868596628,2313456752729787791
N/A,Military Order of the Purple Heart Highway / 11781166,0.956,yes,288,no,189727604262654204,-2297925801679516183
N/A,Military Order of the Purple Heart Highway / 11781167,0.401,yes,275,no,189698467206615285,2313769012702481937
N/A,Military Order of the Purple Heart Highway / 11781168,0.991,yes,270,no,189669330149527778,2313773410683981333
N/A,Military Order of the Purple Heart Highway / 13673575,0.148,yes,6,no,190171806951363023,-2298035751206515215
N/A,Military Order of the Purple Heart Highway / 1390915,0.585,yes,208,no,190169058167050698,-2298106119954887179
N/A,Military Order of the Purple Heart Highway / 14832250,0.463,yes,88,no,189829858828833072,2313615081580006865
N/A,Military Order of the Purple Heart Highway / 15754683,1.039,yes,114,no,189728703773233404,-6909616218147123743
N/A,Military Order of the Purple Heart Highway / 15815161,2.043,yes,64,no,189998633835385198,2313338005413170567
N/A,Military Order of the Purple Heart Highway / 16729124,0.570,yes,273,no,190148167439307199,-2298110518043341377
N/A,Military Order of the Purple Heart Highway / 16743450,0.180,yes,269,no,189644591137902814,-6909598626332275177
N/A,Military Order of the Purple Heart Highway / 17472083,0.337,yes,95,no,189699566717718774,2313764614653873679
N/A,Military Order of the Purple Heart Highway / 17892689,1.029,yes,89,no,189670429660631266,6925455031073246739
N/A,Military Order of the Purple Heart Highway / 17892707,0.546,yes,89,no,189637444311797975,-6909603024374591979
N/A,Military Order of the Purple Heart Highway / 18654416,0.395,yes,303,no,189883734890729802,2313584295449464231
N/A,Military Order of the Purple Heart Highway / 21615989,0.347,yes,152,no,190171807245488590,6927865162402632249
N/A,Military Order of the Purple Heart Highway / 22135913,2.032,yes,244,no,189998084080095598,2313342403457584521
N/A,Military Order of the Purple Heart Highway / 2405559,0.445,yes,122,no,189889232446247243,-2298123713185313381
N/A,Military Order of the Purple Heart Highway / 2405560,0.514,yes,121,no,189906274868613459,6925186751087512955
N/A,Military Order of the Purple Heart Highway / 2405561,0.227,yes,121,no,189920018757669211,-6909941672907371155
N/A,Military Order of the Purple Heart Highway / 2408980,0.442,yes,3,no,190172356716089808,6925375868068957731
N/A,Military Order of the Purple Heart Highway / 266497,0.906,yes,152,no,190188299897360851,-6907320436144467515
N/A,Military Order of the Purple Heart Highway / 266945,2.721,yes,149,no,190226782756622811,-6907527144229826395
N/A,Military Order of the Purple Heart Highway / 267611,1.008,yes,332,no,190190498919043539,-2295634417706593861
N/A,Military Order of the Purple Heart Highway / 268297,0.794,yes,183,no,190172356722381263,-2297982974646284719
N/A,Military Order of the Purple Heart Highway / 268716,0.310,yes,268,no,189803470549766437,-6909756955390112303
N/A,Military Order of the Purple Heart Highway / 268718,0.530,yes,70,no,190068452837380508,6925164761477811621
N/A,Military Order of the Purple Heart Highway / 268744,0.773,yes,10,no,190221285146579429,6926704078310346917
N/A,Military Order of the Purple Heart Highway / 269155,0.439,yes,355,no,190185001212006870,-2297050588731404337
N/A,Military Order of the Purple Heart Highway / 271235,2.620,yes,330,no,190228981778829788,-2295863116032896859
N/A,Military Order of the Purple Heart Highway / 272620,0.771,yes,189,no,190220185634951652,-2296667958546526043
N/A,Military Order of the Purple Heart Highway / 3439320,0.194,yes,332,no,190178404307390930,2316095581110407715
N/A,Military Order of the Purple Heart Highway / 3782435,0.014,yes,255,no,190057457719529883,-2298202877412242029
N/A,Military Order of the Purple Heart Highway / 724154,1.333,yes,268,no,189768286176629005,6925358274448461263
N/A,Military Order of the Purple Heart Highway / 724160,1.296,yes,88,no,189770485199360270,6925340682266611149
N/A,Military Order of the Purple Heart Highway / 724169,0.518,yes,89,no,189808968107381030,2313610683457998287
N/A,Military Order of the Purple Heart Highway / 724171,0.611,yes,268,no,189822712003252523,-6909752557242937901
N/A,Military Order of the Purple Heart Highway / 724180,0.998,yes,276,no,189856796864237879,6925309896240926145
N/A,Military Order of the Purple Heart Highway / 724192,1.025,yes,102,no,189861744665514297,2313619479783804343
N/A,Military Order of the Purple Heart Highway / 724413,1.374,yes,225,no,190205342198092246,-6908635451973693363
N/A,Military Order of the Purple Heart Highway / 724444,0.717,yes,170,no,190185550963102166,-6908635452084842629
N/A,Military Order of the Purple Heart Highway / 724452,2.957,yes,18,no,190189399207662033,2313900955926531997
N/A,Military Order of the Purple Heart Highway / 724453,2.648,yes,198,no,190186650424398288,-6909471080921952389
N/A,Military Order of the Purple Heart Highway / 724515,0.404,yes,251,no,190065704058311068,2313483141078060449
N/A,Military Order of the Purple Heart Highway / 724520,0.041,yes,78,no,190056907962667419,-6909897691930554993
N/A,Military Order of the Purple Heart Highway / 724522,1.608,yes,88,no,190111883556639141,-2298163294656000581
N/A,Military Order of the Purple Heart Highway / 724525,1.508,yes,259,no,190104186974720419,-6909858109214159427
N/A,Military Order of the Purple Heart Highway / 724536,0.390,yes,3,no,190173456240300496,-6909572236046234031
N/A,Military Order of the Purple Heart Highway / 724546,0.756,yes,63,no,190161911335702980,6925257120806866399
N/A,Military Order of the Purple Heart Highway / 725340,0.823,yes,108,no,189939260203290975,6925085596172946769
N/A,Military Order of the Purple Heart Highway / 7568728,0.270,yes,302,no,189917269980696922,2313447956127157619
N/A,Military Order of the Purple Heart Highway / 7568729,0.587,yes,303,no,189901876824723792,-6909844915928167037
N/A,Military Order of the Purple Heart Highway / 7901735,0.223,yes,152,no,190177304796287441,-6907272057699954141
N/A,Military Order of the Purple Heart Highway / 887452,0.424,yes,259,no,190048111869120915,-2298224867646894703
N/A,Military Order of the Purple Heart Highway / 923069,0.876,yes,289,no,189938160692711774,-6909959264969683629
N/A,Military Order of the Purple Heart Highway / 925568,1.353,yes,45,no,190206441710244311,2314740982931787853
N/A,motorway / 10669731,0.069,yes,254,no,196384049540455640,-6893827205840754147
N/A,motorway / 12521966,0.479,yes,355,no,190049211711050135,-6907074146101882275
N/A,motorway / 13293082,0.052,yes,180,no,190048661929546136,2316016415771988505
N/A,motorway / 14654325,0.150,yes,159,no,194000307369367708,-2290194019670549571
N/A,motorway / 14816833,0.123,yes,0,no,190049211687981464,6927715628341006889
N/A,motorway / 15102456,0.119,yes,185,no,193999757617748124,-2290194019676840997
N/A,motorway / 16205658,0.402,yes,181,no,190049211697418648,2316073590376632925
N/A,motorway / 17136708,0.132,yes,189,no,194000307377232028,-2290163233347068951
N/A,motorway / 17701457,0.068,yes,359,no,190049211675922840,6927623269364273655
N/A,motorway / 18262561,0.052,yes,0,no,190049211690602904,6927750812713095727
N/A,motorway / 18468532,0.232,yes,180,no,194001406894102685,6933243987881892869
N/A,motorway / 18661465,0.058,yes,132,no,189616003837153490,-2297895015836283365
N/A,motorway / 18777818,0.400,yes,360,no,190049211697418648,6927764006854726237
N/A,motorway / 19191090,0.215,yes,104,no,189620951637381331,-2297903811897848299
N/A,motorway / 19366930,0.027,yes,259,no,196666072992669017,2318804802505545479
N/A,motorway / 19421611,0.164,yes,88,no,185634122421062078,-2298370020040766135
N/A,motorway / 19465012,0.043,yes,0,no,190049211677495704,6927640861550318077
N/A,motorway / 19713681,0.282,yes,270,no,185626425843861946,6925037201167224151
N/A,motorway / 20128823,0.190,yes,63,no,185641269248215490,2313320396460395857
N/A,motorway / 20248044,0.030,yes,106,no,185618179506129337,2313346784640896339
N/A,motorway / 21707861,0.205,yes,0,no,190049211681690008,6927654055689851411
N/A,motorway / 21983152,0.273,yes,275,no,196672670062435673,-6904567234305190137
N/A,motorway / 22487475,0.052,yes,180,no,190048661934789016,2316060396237099565
N/A,motorway / 22799330,0.123,yes,180,no,190048661932167576,2316029609911521831
N/A,motorway / 22849580,0.298,yes,111,no,185624776573798841,-6910029650216350393
N/A,motorway / 24112796,0.205,yes,180,no,190048661925351832,2315968037260366355
N/A,motorway / 24283006,0.052,yes,1,no,190049211685360024,6927702434201473561
N/A,motorway / 9638690,0.250,yes,266,no,196377452470164691,-6893831603897751013
N/A,North Brady Street / 9941132,0.039,yes,15,no,196658375964581205,-2296632749625175967
N/A,Officer Philip J. Adams Memorial Bridge / 23238912,0.042,yes,1,no,184899648764856434,-6909128053468688653
N/A,Officer Philip J. Adams Memorial Bridge / 24002790,0.042,yes,180,no,184899099009042546,6925930001811377907
N/A,Southwest Arterial / 20491201,0.672,yes,111,no,196288941884267687,-6892965189041247353
N/A,Southwest Arterial / 6814819,0.022,yes,322,no,196403291026447585,-2281868508460471659
N/A,Southwest Arterial / 710648,0.836,yes,298,no,196257056055975064,6942194021199522727
N/A,Southwest Arterial / 710649,0.885,yes,117,no,196257605810740376,2330503604731915171
N/A,Southwest Arterial / 710686,3.367,yes,301,no,196368106697874611,-6893017965215602025
N/A,Southwest Arterial / 710688,3.353,yes,124,no,196368656452639924,2330345275546151573
N/A,Southwest Arterial / 7573692,0.687,yes,291,no,196287842373688487,2330415643902356363
N/A,US 151 / 1388842,0.669,yes,271,no,195721593556655013,6939322094776755893
N/A,US 151 / 20484352,0.763,yes,237,no,195636381376142206,2327358999085721189
N/A,US 151 / 20958232,0.431,yes,44,no,195655622842211210,-2284234660312504697
N/A,US 151 / 20958233,0.779,yes,57,no,195636931131956094,6939040619468695139
N/A,US 151 / 22286934,0.304,yes,62,no,195275741371914974,-6897605132004875403
N/A,US 151 / 260926,1.508,yes,7,no,195331266726419184,-2285861938769419257
N/A,US 151 / 261085,0.448,yes,91,no,195713896975260579,-2284054340172765517
N/A,US 151 / 267406,0.471,yes,225,no,195655622842735498,-6895916280691284341
N/A,US 151 / 6362553,0.620,yes,251,no,195749081349446578,6939317696828810953
N/A,US 151 / 6568233,0.915,yes,75,no,195743034033396652,-2284058738072475961
N/A,US 151 / 710311,0.699,yes,264,no,195298281363954404,-6897565549466737789
N/A,US 151 / 710312,0.660,yes,83,no,195296082340174563,-2285883929096346753
N/A,US 151 / 710317,1.437,yes,187,no,195331266728516338,2325832875748893707
N/A,US 151 / 710322,0.792,yes,189,no,195336764320209659,-2285554075494767515
N/A,US 151 / 710323,0.715,yes,7,no,195337314073926396,2326127544886109273
N/A,US 151 / 710333,1.045,yes,205,no,195347759463226110,6938015873524311251
N/A,US 151 / 710334,1.144,yes,25,no,195347759461653246,6937989485247341779
N/A,US 151 / 710643,1.120,yes,64,no,195680361869564816,-2284155495315921227
N/A,US 151 / 882283,1.169,yes,250,no,195682011138055057,2327539319217071799
N/A,US 169 / 6215651,0.326,yes,145,no,188643487858118423,2331062127540841647
N/A,US 169 / 728695,0.765,yes,145,no,188630293732216592,2331233651323317453
N/A,US 169 / 728696,0.893,yes,327,no,188633042509188880,-6892142783561192257
N/A,US 169 / 728731,0.651,yes,325,no,188651734187462425,2331031341261401217
N/A,US 169 / 728910,0.091,yes,343,no,188660530271047456,6942581020251139191
N/A,US 169 / 728913,0.628,yes,145,no,188655032718151450,-2280689861533881231
N/A,US 18;IA 27 / 21791304,0.282,yes,70,yes,190578079820239494,6953215504052928369
N/A,US 18;IA 27 / 270976,0.457,yes,73,yes,190562686654304893,-6881873337598853275
N/A,US 18;IA 27 / 273151,0.527,yes,252,yes,190563786167505533,6953193513784721261
N/A,US 18;US 63 / 13708511,0.709,yes,163,no,192804040941327995,2340205682110774461
N/A,US 18;US 63 / 13708514,0.725,yes,163,no,192795244868753014,-2271300016443212533
N/A,US 18;US 63 / 1391056,1.880,yes,344,no,192779301987898992,-2270838221591003813
N/A,US 18;US 63 / 16507592,0.765,yes,342,no,192796344379856503,6952067622371343623
N/A,US 18;US 63 / 16507593,0.663,yes,343,no,192805140452431483,-2271489132405441347
N/A,US 18;US 63 / 914689,1.865,yes,163,no,192778752232085104,-6882528638069097123
N/A,US 20 / 10180836,0.773,yes,269,no,193722131950950423,2330054994313620229
N/A,US 20 / 10180838,0.714,yes,266,no,193690246112696329,2330046198092671747
N/A,US 20 / 10180840,6.234,yes,270,no,193541812047665039,-6893299450600477953
N/A,US 20 / 10180841,0.688,yes,268,no,193392828220004226,2330072585235081995
N/A,US 20 / 10406627,7.801,yes,271,no,194473648181041447,-2281353943737947263
N/A,US 20 / 10406628,0.691,yes,267,no,194290579494492442,6942009295738252161
N/A,US 20 / 11892408,0.713,yes,271,no,192489579450815975,2330349658721758087
N/A,US 20 / 13279240,0.815,yes,270,no,190996442579555135,6941358372298959445
N/A,US 20 / 1386108,1.338,yes,288,no,195434621357873948,6942145639594601383
N/A,US 20 / 1386136,1.499,yes,255,no,194703446119635406,-6893013573536044103
N/A,US 20 / 1386463,0.741,yes,209,no,196238914124078227,6942145642585140229
N/A,US 20 / 1388629,1.634,yes,75,no,194702346606959052,-2281340749239800905
N/A,US 20 / 1390338,6.176,yes,90,no,191976107516974280,2330310074793208689
N/A,US 20 / 1390409,5.671,yes,270,no,191339490282394540,2330274887952771959
N/A,US 20 / 1390443,3.786,yes,270,no,189424140999020630,-2281609050031379703
N/A,US 20 / 1390499,3.664,yes,91,no,189813368114204937,2330068173777283847
N/A,US 20 / 1390504,0.757,yes,267,no,192338946355189154,2330318871823657857
N/A,US 20 / 1390514,0.469,yes,54,no,191192705463309212,-6893246683479528637
N/A,US 20 / 13947846,0.326,yes,91,no,192498375542789614,-2281340757750043771
N/A,US 20 / 14404974,0.411,yes,268,no,195489596936117054,6942106057312316331
N/A,US 20 / 14437260,0.416,yes,268,no,195472004749548342,2330415640771308457
N/A,US 20 / 14526957,0.669,yes,85,no,193689696356358153,6941727818469354241
N/A,US 20 / 14526958,6.214,yes,90,no,193542911558768528,2330072586256395005
N/A,US 20 / 14526962,0.776,yes,88,no,193392278463666048,-2281617831234622709
N/A,US 20 / 14526964,0.768,yes,89,no,193155883465266965,-6893290656424252657
N/A,US 20 / 14526965,0.664,yes,89,no,193125097139164936,-6893295054596592881
N/A,US 20 / 14785338,0.475,yes,92,no,194746327078885867,-2281235196045939787
N/A,US 20 / 15151195,0.322,yes,270,no,190072303103070623,-6893308260410971385
N/A,US 20 / 15151196,1.706,yes,270,no,190115733812367781,-2281622241702565117
N/A,US 20 / 15151197,0.763,yes,272,no,190169060124742087,6941740999185017601
N/A,US 20 / 15151198,6.160,yes,271,no,190318593707692502,6941736602151430913
N/A,US 20 / 15328466,0.355,yes,88,no,189726506696659202,2330063775128890121
N/A,US 20 / 15477921,0.629,yes,81,no,194654517843810752,-6893044360115377273
N/A,US 20 / 15477925,7.826,yes,91,no,194471998913075494,-2281358341788652673
N/A,US 20 / 15477926,0.662,yes,87,no,194288930226526489,-2281367139171423361
N/A,US 20 / 15486177,0.353,yes,90,no,190054161160688023,2330059378332281605
N/A,US 20 / 15486178,2.899,yes,90,no,189984342172848478,6941749794747460357
N/A,US 20 / 15486179,0.679,yes,90,no,189906826603090256,-2281622242583368953
N/A,US 20 / 15546581,0.706,yes,91,no,194055284001429679,2330288092043291499
N/A,US 20 / 17559611,0.697,yes,90,no,189519798510112928,-2281622244059763961
N/A,US 20 / 17836687,0.495,yes,266,no,194955234286066250,-6892943203906868303
N/A,US 20 / 18211976,6.215,yes,91,no,190319143462982102,2330046185685920511
N/A,US 20 / 18211980,0.340,yes,90,no,190072303102546335,-6893312658455385339
N/A,US 20 / 18213995,0.678,yes,271,no,194057483024685232,6941978508521384813
N/A,US 20 / 18644878,0.777,yes,269,no,189325734707810375,-2281613448700744947
N/A,US 20 / 18981369,0.017,yes,90,no,195296082892774122,2330450824440851383
N/A,US 20 / 19213664,0.713,yes,88,no,189325184951472200,2330068171673840393
N/A,US 20 / 19502525,0.459,yes,273,no,194744128056154602,-2281230798009914439
N/A,US 20 / 19613456,4.617,yes,92,no,192222947878458696,-6893097145619960967
N/A,US 20 / 20724897,4.200,yes,272,no,192231743972005200,-6893105941712983173
N/A,US 20 / 21147739,0.693,yes,259,no,194657266623404481,2330332074800589709
N/A,US 20 / 21252228,0.467,yes,234,no,191210297658790820,-6893167518575219865
N/A,US 20 / 21324638,0.709,yes,269,no,193128395674572553,-2281604638105916655
N/A,US 20 / 21324639,0.688,yes,269,no,193158632244860695,-6893286258373547247
N/A,US 20 / 21324640,4.732,yes,270,no,193275730232170277,2330085779261369099
N/A,US 20 / 21963076,0.669,yes,270,no,195391740405439247,2330459620951206843
N/A,US 20 / 22153657,0.379,yes,103,no,195452763295537966,2330428834835344293
N/A,US 20 / 22336617,0.567,yes,90,no,195390091137473295,-6892916813964760135
N/A,US 20 / 22508774,2.762,yes,264,no,192414812661175728,-2281353952009114743
N/A,US 20 / 22844062,3.322,yes,270,no,189819965184495887,-6893299465033078007
N/A,US 20 / 22844064,0.713,yes,270,no,189906826603614544,-6893303862962148599
N/A,US 20 / 22844074,2.845,yes,270,no,189983792417558878,-6893303862492386553
N/A,US 20 / 22844075,0.392,yes,270,no,190053611405398422,-6893308260475983097
N/A,US 20 / 23319481,0.448,yes,91,no,192481882868897254,2330345260622818183
N/A,US 20 / 23319482,2.746,yes,85,no,192412613637395888,6942013686790761351
N/A,US 20 / 23800099,1.007,yes,276,no,189287251803459636,2330098957879880459
N/A,US 20 / 23860520,0.010,yes,71,no,196268600960048292,6942409525459692595
N/A,US 20 / 2418303,0.404,yes,87,no,194960731843680845,-2281257185466897489
N/A,US 20 / 24352519,1.024,yes,96,no,189287801558749236,2330094559835466505
N/A,US 20 / 257728,1.006,yes,90,no,195424175997934362,-6892916813801182291
N/A,US 20 / 257860,4.427,yes,275,no,194849681171372531,-2281230797282202707
N/A,US 20 / 257865,4.727,yes,265,no,194174031256705213,-6893083944029246595
N/A,US 20 / 2601162,0.714,yes,90,no,190999741113914177,-6893704081025521069
N/A,US 20 / 262950,0.070,yes,90,no,190063507009524126,2330059378342767365
N/A,US 20 / 262954,0.720,yes,87,no,192338396598850978,6942000492200340351
N/A,US 20 / 262958,0.688,yes,271,no,190465928263717455,2330050583837289215
N/A,US 20 / 265814,0.070,yes,270,no,190063507010048414,2330063776391375623
N/A,US 20 / 267411,4.540,yes,92,no,194854628972648949,2330446425079425965
N/A,US 20 / 267617,4.735,yes,85,no,194172931744553149,2330283694774823803
N/A,US 20 / 272722,0.397,yes,104,no,192117394757473601,2330296880716589927
N/A,US 20 / 2747783,4.702,yes,90,no,193274080964204324,-6893290655650403575
N/A,US 20 / 2747788,0.858,yes,89,no,193722681706240022,-6893321440579278077
N/A,US 20 / 275146,3.813,yes,90,no,189422491731054678,2330068172298791687
N/A,US 20 / 275180,0.600,yes,90,no,190465928263193168,2330046185784486653
N/A,US 20 / 279384,0.599,yes,269,no,189735302790205699,-2281617845197460725
N/A,US 20 / 7083853,1.717,yes,90,no,190116833323471270,2330059378682505985
N/A,US 20 / 7083854,0.726,yes,90,no,190169060124217799,-2281635435718366465
N/A,US 20 / 709941,6.361,yes,76,no,193904101143697460,6941749809981172589
N/A,US 20 / 709945,6.429,yes,257,no,193905200655849524,2330068189610781551
N/A,US 20 / 709983,0.662,yes,88,no,193755667055597607,6941741012858448647
N/A,US 20 / 709985,0.707,yes,268,no,193754567544494118,6941745410902862601
N/A,US 20 / 710628,0.683,yes,228,no,196254857061031066,-6892749684894323659
N/A,US 20 / 710630,0.769,yes,44,no,196253757547830425,-2281090054746002381
N/A,US 20 / 710641,0.673,yes,29,no,196237814610353299,6942132448439315449
N/A,US 20 / 729169,4.290,yes,271,no,189629749673414831,-6893303863723414775
N/A,US 20 / 729348,5.740,yes,91,no,190602817461899867,-2281644229745693953
N/A,US 20 / 729362,0.751,yes,269,no,190741905683337932,2330050584894253827
N/A,US 20 / 729379,5.825,yes,143,no,190869998758613722,-2281635432669107629
N/A,US 20 / 729380,5.708,yes,318,no,190868349493269210,-6893317053070955947
N/A,US 20 / 729400,5.334,yes,244,no,191128383978558287,2329672354588797767
N/A,US 20 / 729844,0.624,yes,91,no,192536858449237501,-6893031174054073469
N/A,US 20 / 729847,0.667,yes,271,no,192535758938134012,-6893026776007562363
N/A,US 20 / 730052,6.577,yes,270,no,191982154831451334,-2281371545533142165
N/A,US 20 / 730170,0.737,yes,270,no,191824374911292600,6941996092195089273
N/A,US 20 / 730172,0.852,yes,89,no,191824374910768311,6941991694159063927
N/A,US 20 / 730186,7.176,yes,90,no,191651201829917738,6942000490111576949
N/A,US 20 / 730189,7.280,yes,270,no,191651201830442025,-6893053167115687049
N/A,US 20 / 730197,0.779,yes,87,no,191479678015984667,2330305674408373113
N/A,US 20 / 730205,0.754,yes,266,no,191478028749067290,-2281375945978795141
N/A,US 20 / 730209,6.197,yes,90,no,191329044921406372,2330195723117669237
N/A,US 20 / 870838,1.881,yes,89,no,195337314579340010,-6892921212103545927
N/A,US 20 / 882279,1.884,yes,268,no,195336215067712234,2330450824747035579
N/A,US 20 / 888410,4.266,yes,91,no,189627000893821102,6941749793497557767
N/A,US 20 / 888659,0.464,yes,284,no,192133337673454919,-6893088350210610333
N/A,US 20 / 915395,0.731,yes,89,no,190742455438627532,6941732205277227777
N/A,US 20 / 915712,0.861,yes,88,no,193092111789807351,-6893303850798666995
N/A,US 20 / 926706,4.809,yes,76,no,191118488370762575,-6893704080379598045
N/A,US 20 / 934970,5.673,yes,271,no,190603367218238044,-6893325850130765055
N/A,US 20 / 935190,1.116,yes,268,no,193089363011262195,-2281613434316379377
N/A,US 20 / 9736968,0.736,yes,270,no,189521447778078881,2330068172424620809
N/A,US 20;IA 58 / 23342254,0.414,yes,91,no,192514318461392373,6942026881125329797
N/A,US 20;IA 58 / 9974825,0.386,yes,271,no,192513218950288885,2330345260738161543
N/A,US 20;US 52 / 710612,3.280,yes,92,no,196125664350919747,-6893453372621313313
N/A,US 20;US 52 / 710655,5.326,yes,256,no,196172393595624516,-6893448974432195653
N/A,US 20;US 52 / 710659,2.086,yes,30,no,196208677516041346,6941661857408101301
N/A,US 20;US 75 / 101845,0.604,yes,206,no,183982657962591952,2330072549310868297
N/A,US 20;US 75 / 14815788,0.037,yes,221,no,183990904307664597,2330208888756906829
N/A,US 20;US 75 / 17285815,0.815,yes,88,no,183952421371856571,-2281710226217358623
N/A,US 20;US 75 / 18517369,0.423,yes,99,no,183926033094362803,-2281692634165531935
N/A,US 20;US 75 / 18982249,0.038,yes,42,no,183990354550802132,-2281485925765600439
N/A,US 20;US 75 / 261879,0.543,yes,279,no,183903493109139112,6941705790892813033
N/A,US 20;US 75 / 262336,0.454,yes,212,no,183976060877620939,6941670606766091019
N/A,US 20;US 75 / 262337,0.458,yes,30,no,183977160389248715,-2281705828133098741
N/A,US 20;US 75 / 5630291,0.576,yes,279,no,183927682362328754,-2281688236100146465
N/A,US 20;US 75 / 713953,0.551,yes,20,no,183983207717881552,6941762965782670149
N/A,US 20;US 75 / 723726,0.442,yes,41,no,183996951625811669,6941894907228334959
N/A,US 20;US 75 / 743442,0.594,yes,222,no,183999700408026837,-6893154351952417915
N/A,US 20;US 75 / 743722,0.363,yes,179,no,184005747747145436,2330437587230010331
N/A,US 20;US 75 / 749465,0.635,yes,100,no,183903493108614823,6941705790901201639
N/A,US 20;US 75 / 8211994,0.680,yes,269,no,183954620395636414,2329975792205834979
N/A,US 20;US 75 / 97768,0.473,yes,6,no,184006297486706394,-2281393566730146909
N/A,US 20;US 75 / 98834,0.386,yes,178,no,184005747735611099,-2281345188220621903
N/A,US 218 / 13643876,0.183,yes,309,no,192769954969900652,6942501871102733393
N/A,US 218 / 18075617,0.277,yes,150,no,192830428028688007,-2281529872500118763
N/A,US 218 / 18075618,0.532,yes,169,no,192824380726269573,-6893083949553145039
N/A,US 218 / 3469709,0.576,yes,317,no,192848569955866253,6941741009375079123
N/A,US 218 / 6365696,0.494,yes,327,no,192833176805136008,2330156145952434947
N/A,US 218 / 6365697,0.027,yes,341,no,192827679253812871,-2281521076425970893
N/A,US 218 / 6365698,0.272,yes,348,no,192826029990565510,-6893141124157789387
N/A,US 218 / 729760,0.792,yes,138,no,192844721667266186,6941780591793679057
N/A,US 30 / 11212241,0.534,yes,237,no,194907404360571445,2320581606620797521
N/A,US 30 / 13039528,0.787,yes,90,no,190129476784968117,2322323214840110407
N/A,US 30 / 1387859,1.084,yes,276,no,194739179090958818,-6902658489434236335
N/A,US 30 / 14449265,1.391,yes,292,no,189777633076138256,6934176357736783191
N/A,US 30 / 14449266,0.738,yes,292,no,189819964261749033,-6901013638829564615
N/A,US 30 / 14449267,1.469,yes,270,no,189866693501735222,-2289393590871253731
N/A,US 30 / 15564201,0.762,yes,96,no,196696859316149600,2318796006590781179
N/A,US 30 / 16323044,0.345,yes,85,no,190049762188808597,6933978446604279101
N/A,US 30 / 20437624,1.155,yes,88,no,196765578792361339,6930460035079214843
N/A,US 30 / 21049025,0.830,yes,275,no,196696309560859998,-2292881215741487363
N/A,US 30 / 21372352,1.155,yes,268,no,196765578792885627,6930464433125725949
N/A,US 30 / 21463520,0.379,yes,85,no,189964550031888750,2322244049342307623
N/A,US 30 / 21746496,1.208,yes,112,no,189725956044312825,-2289116514494702191
N/A,US 30 / 22238311,0.046,yes,270,no,192250984415188353,6933543048371510387
N/A,US 30 / 23343589,0.393,yes,84,no,190068453887529373,6933987242770701633
N/A,US 30 / 262411,0.641,yes,268,no,196727645640154479,2318782812556105467
N/A,US 30 / 269998,0.406,yes,265,no,190066254864798108,2322305622381436227
N/A,US 30 / 272705,0.650,yes,90,no,196727095883816302,-2292907603917793543
N/A,US 30 / 274831,1.395,yes,112,no,189777633075613968,6934171959688174933
N/A,US 30 / 279019,0.800,yes,85,no,189939261262877022,-6901149977807938269
N/A,US 30 / 3006467,1.165,yes,292,no,189727055555940602,-2289112116446093933
N/A,US 30 / 5020494,0.067,yes,84,no,190058558282355100,2322301224280399165
N/A,US 30 / 5811373,0.445,yes,112,no,189813916948844841,6934040018362047811
N/A,US 30 / 5811374,1.811,yes,90,no,189861195943596337,-6901062017104208615
N/A,US 30 / 6327695,0.349,yes,264,no,190049762189332885,6933982844650790205
N/A,US 30 / 6568164,0.310,yes,270,no,190135524098920892,-6901048822029345463
N/A,US 30 / 722999,0.630,yes,302,no,194772164429306358,-2291029645523412439
N/A,US 30 / 723013,1.148,yes,95,no,194736980067178976,-2290976869055456689
N/A,US 30 / 723021,2.821,yes,90,no,194841983401417217,-2291126402112546259
N/A,US 30 / 723022,2.856,yes,270,no,194841433646127617,6932254430835251759
N/A,US 30 / 723029,1.442,yes,81,no,194944238013733437,-2291034042840114573
N/A,US 30 / 723039,1.445,yes,257,no,194944238014257725,-2291029644793603469
N/A,US 30 / 728797,0.627,yes,265,no,189907925179388242,2322230855005642011
N/A,US 30 / 728799,0.603,yes,85,no,189909574446829907,2322222058916814105
N/A,US 30 / 728808,0.909,yes,265,no,189940910530842974,6933912475535416613
N/A,US 30 / 728912,0.832,yes,87,no,190094842168168868,-2289375997854737081
N/A,US 30 / 728914,1.267,yes,270,no,190101439238459811,-2289371599745311417
N/A,US 30 / 728922,0.856,yes,270,no,190160263111070146,-6901044423842325175
N/A,US 30 / 728924,0.760,yes,90,no,190162462133801412,6934009233393327431
N/A,US 30 / 875818,0.679,yes,122,no,194772164428782070,-6902720061995214299
N/A,US 30 / 934619,0.654,yes,265,no,189973895881773423,-2289437570979848915
N/A,US 30 / 9975800,0.543,yes,56,no,194907404359522869,2320577208574286415
N/A,US 30;US 151 / 10491778,0.461,yes,271,no,194250995950246154,-6902486967526614343
N/A,US 30;US 151 / 11419268,0.216,yes,271,no,194265289601407251,-6902486967490962761
N/A,US 30;US 151 / 16165269,0.330,yes,271,no,194276834472974615,-2290805347057657161
N/A,US 30;US 151 / 16165270,0.269,yes,270,no,194290028612507934,2320880671413770935
N/A,US 30;US 151 / 16165271,0.424,yes,271,no,194304872019482915,6932566689910364855
N/A,US 30;US 151 / 17112624,0.052,yes,91,no,194324663227734320,2320871875436092083
N/A,US 30;US 151 / 19385221,0.277,yes,91,no,194259792042744080,6932566689727912629
N/A,US 30;US 151 / 19385348,0.029,yes,90,no,194266389111986453,-2290809745169179979
N/A,US 30;US 151 / 19385363,0.289,yes,91,no,194287829588728093,2320876273363065525
N/A,US 30;US 151 / 19385366,0.325,yes,91,no,194246597903210762,2320880671254387383
N/A,US 30;US 151 / 24183799,0.169,yes,271,no,194317516402678059,-6902491365344535883
N/A,US 30;US 151 / 723140,0.316,yes,91,no,194332909564942641,6932557893915908787
N/A,US 30;US 151 / 7911051,0.350,yes,91,no,194274635449194774,6932562291742218933
N/A,US 30;US 151 / 7911066,0.368,yes,91,no,194302123239889186,-2290809745005602123
N/A,US 30;US 151 / 7911067,0.260,yes,91,no,194315317378898217,-2290809744961561933
N/A,US 30;US 151;US 218 / 14335979,0.591,yes,290,no,194111907760265418,-6902201095025583325
N/A,US 30;US 151;US 218 / 14335980,0.763,yes,289,no,194139395544144085,6932804183815887623
N/A,US 30;US 151;US 218 / 21617994,0.299,yes,109,no,194147641878730973,6932764601393093381
N/A,US 30;US 151;US 218 / 21617995,0.421,yes,109,no,194132798475426005,-6902258269563118831
N/A,US 30;US 151;US 218 / 21617996,0.753,yes,110,no,194109158981195975,-2290506280503076063
N/A,US 30;US 151;US 218 / 913690,0.978,yes,109,no,194173480395692258,-2290633823589754143
N/A,US 30;US 151;US 218 / 932932,0.783,yes,289,no,194176778930051302,2321043398740417251
N/A,US 30;US 218 / 13533939,0.435,yes,286,no,193989862013622420,2321522785069833163
N/A,US 30;US 218 / 14603649,0.485,yes,310,no,194005804924360860,2321487600756464551
N/A,US 30;US 218 / 14603662,0.205,yes,311,no,194017349789636771,6933094454373915543
N/A,US 30;US 218 / 15194332,0.514,yes,95,no,193981065921124495,6933208803472055251
N/A,US 30;US 218 / 19931737,0.697,yes,290,no,194086069243828413,-2290453504037217477
N/A,US 30;US 218 / 23309010,0.656,yes,110,no,194081121442551995,-2290449106013775041
N/A,US 30;US 218 / 23309011,1.232,yes,109,no,194042638545016998,2321368853708282713
N/A,US 30;US 218 / 23309012,0.190,yes,131,no,194017349788588195,6933085658278796181
N/A,US 30;US 218 / 23309013,0.673,yes,131,no,194003056146339993,2321505192944606115
N/A,US 30;US 218 / 277329,1.345,yes,289,no,194045387324086438,6933059270198958935
N/A,US 30;US 61 / 24311052,0.369,yes,353,no,196661125219179862,-6904281361342785697
N/A,US 30;US 61 / 267245,0.838,yes,174,no,196663324225133911,2319007112638764803
N/A,US 30;US 61 / 722732,0.013,yes,354,no,196660025713319254,-6904276963304663157
N/A,US 30;US 61 / 722738,0.048,yes,354,no,196660025714367830,-6904276963304663151
N/A,US 30;US 61 / 886321,0.490,yes,354,no,196663324229328215,-6904373720311130329
N/A,US 34;IA 163 / 13487160,0.564,yes,270,no,195402182297738005,-6921979105264011247
N/A,US 34;IA 163 / 13487170,0.279,yes,267,no,195420324241169184,2301375339448760339
N/A,US 34;IA 163 / 13487176,0.560,yes,282,no,195437916426165029,6913065756010739721
N/A,US 34;IA 163 / 13487177,0.233,yes,282,no,195453859342146352,2301357747388545027
N/A,US 34;IA 163 / 13598350,0.048,yes,118,no,195490692975385410,-6922071463945046037
N/A,US 34;IA 163 / 1377249,0.680,yes,153,no,193464843206481830,-2306910996480918059
N/A,US 34;IA 163 / 1377506,2.242,yes,62,no,193657807454164972,6915981654147202477
N/A,US 34;IA 163 / 13823933,0.859,yes,237,no,193704536730851344,-6918843304558723625
N/A,US 34;IA 163 / 1387574,2.134,yes,239,no,193658906966841325,-6919072003092644437
N/A,US 34;IA 163 / 1388760,3.629,yes,100,no,192756207946651209,-6918579425165443629
N/A,US 34;IA 163 / 1389814,0.525,yes,98,no,195470352014465844,-6922031881566291977
N/A,US 34;IA 163 / 1389887,0.999,yes,240,no,195371945727449859,-2310345863482836967
N/A,US 34;IA 163 / 1390000,2.469,yes,215,no,194341703667243301,-2307627874580955829
N/A,US 34;IA 163 / 1391092,0.740,yes,334,no,193466492472874919,6916456642335735245
N/A,US 34;IA 163 / 15179090,0.032,yes,300,no,195491242731199298,-2310385445517658131
N/A,US 34;IA 163 / 15373355,0.400,yes,323,no,195302126751144683,2301507280395302953
N/A,US 34;IA 163 / 15373356,0.513,yes,288,no,195318069661883119,-2310257902791690221
N/A,US 34;IA 163 / 15373357,0.590,yes,285,no,195340609646058233,2301379737214253057
N/A,US 34;IA 163 / 16352955,0.704,yes,264,no,192845818155325065,-2307060532392231453
N/A,US 34;IA 163 / 16352958,2.806,yes,269,no,192919485429143190,-2307034143666471483
N/A,US 34;IA 163 / 16780937,0.438,yes,91,no,194540715295463822,-6919001631074812577
N/A,US 34;IA 163 / 17997056,0.448,yes,265,no,193605030891313125,2304291237375507779
N/A,US 34;IA 163 / 19389268,0.280,yes,96,no,195453859341622063,6913034969725007873
N/A,US 34;IA 163 / 19389269,0.564,yes,99,no,195436267157674788,-6922005493415151611
N/A,US 34;IA 163 / 19389270,0.292,yes,91,no,195418125216865055,2301366543349446669
N/A,US 34;IA 163 / 19389271,0.185,yes,86,no,195408229611690779,-6922005493551466483
N/A,US 34;IA 163 / 20092214,0.420,yes,272,no,194508279703492992,2304379201751350629
N/A,US 34;IA 163 / 21786736,0.439,yes,105,no,195346656957913853,6913048163468179453
N/A,US 34;IA 163 / 21786737,0.805,yes,105,no,195321368195717870,-2310253504709527541
N/A,US 34;IA 163 / 21786738,0.416,yes,146,no,195300477484751594,6913202094907324459
N/A,US 34;IA 163 / 21933377,0.220,yes,106,no,195485745174633278,-6922053871765293073
N/A,US 34;IA 163 / 24261094,2.742,yes,89,no,192918385916991127,2304647476706016709
N/A,US 34;IA 163 / 24261095,0.753,yes,84,no,192845268398462601,6916302708371619297
N/A,US 34;IA 163 / 259841,0.738,yes,91,no,195254298020502224,6913360424443312279
N/A,US 34;IA 163 / 262294,2.748,yes,93,no,195181730246777500,-6921754805560936295
N/A,US 34;IA 163 / 265213,0.831,yes,85,no,193594035773986780,6915959663606365505
N/A,US 34;IA 163 / 269149,0.367,yes,114,no,195396684740123413,2301392931553015821
N/A,US 34;IA 163 / 269152,0.747,yes,271,no,195253748265212624,2301678804062435481
N/A,US 34;IA 163 / 271848,2.759,yes,272,no,195181180491487900,2301617231291742363
N/A,US 34;IA 163 / 275780,0.248,yes,287,no,195485745174633278,6913004183518967791
N/A,US 34;IA 163 / 721026,5.620,yes,136,no,194995912791120477,-6920963157692254107
N/A,US 34;IA 163 / 721027,5.645,yes,321,no,194997562058562142,6914094897598298219
N/A,US 34;IA 163 / 721503,0.679,yes,92,no,194517075795466625,-6918997233097507485
N/A,US 34;IA 163 / 721505,0.969,yes,255,no,194536867008960904,6916060822272736605
N/A,US 34;IA 163 / 721571,2.757,yes,267,no,194441759247915339,-6919054407823786649
N/A,US 34;IA 163 / 721575,2.863,yes,86,no,194442309003204938,-2307372787430326939
N/A,US 34;IA 163 / 874907,0.915,yes,147,no,195286183850891998,6913356026497464401
N/A,US 34;IA 163 / 876437,3.252,yes,136,no,193509923133413292,-6918750946135638729
N/A,US 34;IA 163 / 876438,0.847,yes,113,no,192992053188712139,2304585904180690335
N/A,US 34;IA 163 / 885880,0.995,yes,327,no,195287283361995486,6913360424550266957
N/A,US 34;IA 163 / 886412,0.805,yes,293,no,192993152700339916,2304585904182787489
N/A,US 34;IA 163 / 886516,0.398,yes,243,no,195116309301779093,6913259268817811583
N/A,US 34;IA 163 / 913869,3.609,yes,280,no,193519818734917549,-6918768538248282817
N/A,US 34;IA 163 / 923255,0.471,yes,63,no,195115759545440916,6913246074680375423
N/A,US 34;IA 163 / 923385,0.535,yes,278,no,195469802259176244,6913030571760285687
N/A,US 34;IA 163 / 931792,0.880,yes,59,no,195373045239077637,6913017377272625177
N/A,US 34;IA 163 / 931812,2.379,yes,35,no,194342253423057190,-2307636670680269495
N/A,US 34;IA 163 / 933843,3.378,yes,278,no,192762805016417869,-6918623405626360361
N/A,US 34;IA 163 / 9780132,0.783,yes,57,no,193703986973988881,2304533130336271829
N/A,US 6 / 11275919,0.397,yes,292,no,184917790102210679,2309177433893373405
N/A,US 61 / 13645743,2.338,yes,182,no,196469260867951870,6934611789752573263
N/A,US 61 / 13645744,0.462,yes,98,no,196457166277270773,-2288729460780818855
N/A,US 61 / 1377421,0.366,yes,52,no,194813943168457228,-2313776341936246271
N/A,US 61 / 1386195,0.727,yes,176,no,196409337572842724,-6899900907978219779
N/A,US 61 / 1387147,0.579,yes,181,no,195274090156219104,6921057005856622215
N/A,US 61 / 1387213,0.342,yes,21,no,196666622319091032,6926844840385712307
N/A,US 61 / 1389133,0.596,yes,1,no,195275189667322592,-2302319429042567545
N/A,US 61 / 1389788,0.818,yes,34,no,194798000234650115,-2313961059940044317
N/A,US 61 / 1390194,0.328,yes,201,no,196666072563277144,2315163220000641203
N/A,US 61 / 1390278,7.251,yes,1,no,196661674826095961,2318716841581613979
N/A,US 61 / 14533574,2.271,yes,90,no,195055286070368871,2298776092727571315
N/A,US 61 / 14533575,0.593,yes,89,no,194994812930841179,-2312909926062623885
N/A,US 61 / 14533578,0.257,yes,89,no,194948633442474569,-2312909926266047629
N/A,US 61 / 14533582,0.528,yes,90,no,195114109942454930,-6924595944043318407
N/A,US 61 / 14533583,0.781,yes,58,no,194927742719449663,2298674937049641843
N/A,US 61 / 14749442,2.200,yes,183,no,196663323934154071,-6907188470071946403
N/A,US 61 / 15381540,0.670,yes,235,no,196199879444356223,2313597513697857001
N/A,US 61 / 15381541,0.944,yes,273,no,196230116023032970,6925358299052248537
N/A,US 61 / 15381542,0.642,yes,315,no,196254305263639706,-6909734940526506581
N/A,US 61 / 15381543,0.479,yes,271,no,196276845247814819,-6909836095518667351
N/A,US 61 / 15405698,0.716,yes,241,no,194928292475787839,2298692529233589109
N/A,US 61 / 15405699,0.266,yes,270,no,194948633442998857,-2312905528219536523
N/A,US 61 / 15405700,0.639,yes,269,no,194967325140671054,-2312905528116776075
N/A,US 61 / 15405701,0.647,yes,269,no,194994263175551579,2298780490413372277
N/A,US 61 / 15405702,2.175,yes,270,no,195053636803451495,6910466509188887413
N/A,US 61 / 15405703,0.728,yes,268,no,195114659698793104,-2312905527552642173
N/A,US 61 / 15709027,0.695,yes,69,no,194834284140386834,6909648471579423263
N/A,US 61 / 16181812,0.024,yes,182,no,196409887350152420,-2288131326669217927
N/A,US 61 / 16673690,2.140,yes,3,no,196663873687870808,2316170372645393231
N/A,US 61 / 19778225,0.619,yes,356,no,196665523235806552,-6904496865609247007
N/A,US 61 / 19900309,0.687,yes,248,no,194837582676843027,-2313710371123236315
N/A,US 61 / 20596433,0.615,yes,145,no,196252106241957017,-2298040126020776533
N/A,US 61 / 20596434,0.890,yes,90,no,196228466755067018,2313663484525546973
N/A,US 61 / 20814391,0.474,yes,278,no,196458265789422838,6934646974124662361
N/A,US 61 / 20814392,2.360,yes,3,no,196469810623241471,2322332035048283737
N/A,US 61 / 20918916,0.477,yes,231,no,195136649939212958,6910497295686431653
N/A,US 61 / 21409683,0.457,yes,3,no,196659475965893974,-6904263769165129787
N/A,US 61 / 22562792,0.049,yes,215,no,194807895850310156,2297900880349884905
N/A,US 61 / 24434515,0.042,yes,33,no,194808445605599756,-6925475554549304857
N/A,US 61 / 256016,0.689,yes,360,no,196409887328132325,6934972429354671949
N/A,US 61 / 259822,3.326,yes,48,no,194890909027490334,-6925343612732443835
N/A,US 61 / 260760,0.819,yes,215,no,194797450479360515,6909415374959145445
N/A,US 61 / 261079,0.387,yes,1,no,196411536611826917,-6899909704067047559
N/A,US 61 / 262058,0.488,yes,88,no,196176239941213301,-2298092902868316731
N/A,US 61 / 262408,2.763,yes,0,no,196663324305349972,2319913110201178053
N/A,US 61 / 262409,0.009,yes,172,no,196658926202740054,2319108267687548815
N/A,US 61 / 265060,1.937,yes,340,no,196411536555728101,6934972429495180905
N/A,US 61 / 265061,0.888,yes,355,no,196467061795413247,2322332035058769125
N/A,US 61 / 265448,0.559,yes,344,no,196664423339351384,2315638209025937705
N/A,US 61 / 265454,0.687,yes,12,no,196673769159351642,-2296443633566478081
N/A,US 61 / 266977,0.644,yes,0,no,196663323889589592,2316007644911899225
N/A,US 61 / 267961,1.943,yes,164,no,196410986799914213,2323286411063598695
N/A,US 61 / 269162,0.539,yes,173,no,196662774074531159,-6907711837606768331
N/A,US 61 / 271664,0.863,yes,177,no,196466512040647934,-2289345187279790869
N/A,US 61 / 271792,0.388,yes,339,no,196672119907638618,-6907870167249710849
N/A,US 61 / 272703,0.388,yes,173,no,196660025708600662,6930789888074717027
N/A,US 61 / 275781,3.295,yes,228,no,194892558297029152,2298041618261865293
N/A,US 61 / 275925,0.476,yes,270,no,196176239941737589,-2298088504823902777
N/A,US 61 / 276191,0.461,yes,155,no,196670470641769817,6927214276307325187
N/A,US 61 / 3129826,0.680,yes,90,no,194968424651774542,-2312909926156995725
N/A,US 61 / 3443996,0.443,yes,20,no,196387897838492889,6941239645555403343
N/A,US 61 / 6204582,0.364,yes,20,no,196661124750990678,2315070861007130765
N/A,US 61 / 722168,0.337,yes,201,no,196671020375039322,6926928403284103383
N/A,US 61 / 722185,0.380,yes,181,no,196674318920408412,-6908050487160860413
N/A,US 61 / 722209,0.781,yes,224,no,196429127804345579,6926770072737288351
N/A,US 61 / 722713,2.825,yes,180,no,196662774547963219,-2291777306274818115
N/A,US 61 / 7329188,0.560,yes,187,no,196383499783593176,-2282224750292882891
N/A,US 61 / 7573762,0.383,yes,183,no,196658926209031510,2319108267687548861
N/A,US 61 / 875241,0.669,yes,181,no,196662224379010391,-6907359993900559777
N/A,US 61 / 883454,0.322,yes,182,no,196409887344909540,-6899900907980316809
N/A,US 61 / 887051,0.653,yes,3,no,196667722020511065,-6906660704482225253
N/A,US 61 / 887052,1.438,yes,360,no,196662774102318424,2315638209004966413
N/A,US 61 / 911910,0.484,yes,183,no,196664973472652632,6930358879531308803
N/A,US 61 / 912643,0.544,yes,183,no,196666622510980441,6928428137123419035
N/A,US 61 / 923869,1.386,yes,180,no,196662224348077399,-6907711837621448175
N/A,US 61 / 923894,7.061,yes,181,no,196661125067660632,6930358879541793691
N/A,US 61 / 9303006,0.040,yes,15,no,196658925721443670,2315062064895234149
N/A,US 61 / 931599,0.466,yes,238,no,194815592437471756,-2313776341923663353
N/A,US 61 / 9835942,0.649,yes,56,no,196199329688018047,6925279134076636645
N/A,US 61 / 9835947,0.573,yes,91,no,196274646224034977,-2298154475137790553
N/A,US 61 Business / 19934392,0.035,yes,194,no,196658375965629781,-6908309971961638811
N/A,US 61 Business / 22608282,0.377,yes,199,no,196660574995176789,-2296615157422354289
N/A,US 61;IA 92 / 13645120,1.449,yes,198,no,195281237011159776,-6913855913873897687
N/A,US 61;IA 92 / 269302,0.721,yes,178,no,195270241945213662,6921892634685343597
N/A,US 61;IA 92 / 275822,0.719,yes,1,no,195271341456841439,6921892634689537903
N/A,US 61;IA 92 / 8427489,1.425,yes,18,no,195282336522787552,-2302169895442315481
N/A,US 61;IA 92 / 911316,0.605,yes,167,no,195275739483429599,-2301664120097732821
N/A,US 61;IA 92 / 913665,0.630,yes,345,no,195276838995057376,2310021898333849383
N/A,US 61;US 151 / 11194279,0.420,yes,220,no,196412636876856547,-6893580915118691661
N/A,US 61;US 151 / 12480875,0.212,yes,21,no,196463764323785980,-2280571084502717189
N/A,US 61;US 151 / 12491249,0.343,yes,359,no,196442873536273652,2330538789747829767
N/A,US 61;US 151 / 1375161,0.388,yes,191,no,196454418449784056,-2280804181003457369
N/A,US 61;US 151 / 1386134,0.734,yes,62,no,196478607740198142,6942849330970635549
N/A,US 61;US 151 / 15544109,0.486,yes,180,no,196442873534176499,-2281182413053744121
N/A,US 61;US 151 / 21028171,0.162,yes,91,no,196497299439967499,2331238079359102237
N/A,US 61;US 151 / 22468810,0.089,yes,36,no,196444522810006772,6942312769113828367
N/A,US 61;US 151 / 23572342,0.279,yes,202,no,196463764324834556,-6892257102925910783
N/A,US 61;US 151 / 24090641,0.013,yes,272,no,196500597974850829,-2280447939068285667
N/A,US 61;US 151 / 257858,0.827,yes,247,no,196482456032468222,-2280505113675027171
N/A,US 61;US 151 / 2682579,0.384,yes,40,no,196412087119469795,6941468344070449835
N/A,US 61;US 151 / 3960748,0.103,yes,216,no,196445072566344948,2330626750686440465
N/A,US 61;US 151 / 710689,0.600,yes,39,no,196398343213112540,6941345198730390151
N/A,US 61;US 151 / 710691,0.883,yes,220,no,196395044675607770,6941288024127842955
N/A,US 61;US 151 / 710849,0.990,yes,203,no,196459915985902837,6942334759377841267
N/A,US 61;US 151 / 710851,0.857,yes,40,no,196458266716364021,6942330361343913059
N/A,US 61;US 151 / 710878,1.195,yes,15,no,196441224245763311,2330248518675999711
N/A,US 61;US 151 / 870751,0.350,yes,8,no,196454418449259768,-2280804181003457373
N/A,US 61;US 151 / 882610,1.057,yes,194,no,196440124732038382,-2281437499753485361
N/A,US 61;US 151 / 907381,0.556,yes,193,no,196459366266264826,2330978594468146405
N/A,US 61;US 151 / 908475,0.590,yes,13,no,196459916021030138,2330969798377221349
N/A,US 61;US 151;US 52 / 710900,0.354,yes,359,no,196417034932280551,-2281824527945028909
N/A,US 63 / 21594654,0.553,yes,86,no,192804590832408184,2341234825025830631
N/A,US 63 / 21594655,0.869,yes,9,no,192784249853662834,-2270653503631245601
N/A,US 63 / 22024230,1.016,yes,196,no,192784249857332850,-6882326327893934359
N/A,US 63 / 22024231,0.697,yes,274,no,192814486437582459,2341256815308717799
N/A,US 63 / 269289,0.737,yes,7,no,192779302027220592,-2270838221628752253
N/A,US 63 / 271326,0.204,yes,252,no,192834277646882440,-2270433601133723921
N/A,US 63 / 730766,0.516,yes,93,no,192827680575542914,-2270433601133723921
N/A,US 63 / 877834,0.790,yes,188,no,192778752271930992,-6882528638104748407
N/A,US 63;IA 163 / 13391955,0.709,yes,175,no,192694085646112330,2305544677122637607
N/A,US 63;IA 163 / 13739104,0.464,yes,278,no,192547850691892740,2306239567947104429
N/A,US 63;IA 163 / 13739105,0.985,yes,278,no,192578087258510860,-2305464042509041507
N/A,US 63;IA 163 / 13747347,0.617,yes,312,no,192150377349076304,6918901951185814079
N/A,US 63;IA 163 / 16331350,0.998,yes,98,no,192576437990544908,2306221975914152091
N/A,US 63;IA 163 / 16331351,0.434,yes,98,no,192546201423926787,-2305450848533086035
N/A,US 63;IA 163 / 18557347,0.733,yes,320,no,192123439370818882,-2303981902608989425
N/A,US 63;IA 163 / 22668598,0.661,yes,353,no,192694635402450506,6917230695552122669
N/A,US 63;IA 163 / 24290249,0.680,yes,141,no,192123989124535619,-2304003892841544951
N/A,US 63;IA 163 / 261695,1.440,yes,354,no,192145979330876748,2307563378365694579
N/A,US 63;IA 163 / 263006,1.009,yes,207,no,192692986108794438,2305126862704082727
N/A,US 63;IA 163 / 269741,0.701,yes,3,no,192678692434564677,6916650153370713789
N/A,US 63;IA 163 / 269743,1.040,yes,19,no,192694635376760390,-6918240776102084819
N/A,US 63;IA 163 / 272899,0.921,yes,181,no,192141031510725969,-6916010968597134765
N/A,US 63;IA 163 / 277064,0.609,yes,187,no,192678142679799364,-6918394707776110917
N/A,US 63;IA 163 / 4618714,0.179,yes,167,no,192680341690996292,-6918394707782402461
N/A,US 63;IA 163 / 6327888,0.475,yes,347,no,192683640219588165,6916645755332591163
N/A,US 63;IA 163 / 725291,0.664,yes,99,no,192611072603149855,2306182393600409745
N/A,US 63;IA 163 / 887550,0.703,yes,278,no,192613271626929695,-6917185245195272047
N/A,US 63;IA 163 / 913741,3.327,yes,357,no,192648455956026925,2306160403625803641
N/A,US 63;IA 163 / 914487,0.826,yes,160,no,192142131048043852,2307550184236647091
N/A,US 63;IA 163 / 924140,3.372,yes,175,no,192647906200737323,-6917211633231069319
N/A,US 65 / 3442427,0.594,yes,28,no,190175105784041938,2316095581131379305
N/A,US 6 / 727176,0.320,yes,359,no,184923287650912381,2309142249523381687
N/A,US 75 / 101098,0.714,yes,162,no,183972762494781132,-6891988869721346795
N/A,US 75 / 11281438,0.020,yes,17,no,184253688200644428,-2276327016203537295
N/A,US 75 / 1317129,2.521,yes,159,no,184013444385162960,-6892155995392300015
N/A,US 75 / 13898930,0.460,yes,180,no,184005198003390172,2330529946206743569
N/A,US 75 / 14314489,0.522,yes,360,no,184006297514493660,6942202770498792465
N/A,US 75 / 21201226,0.603,yes,224,no,183986506478733007,6943671717989461667
N/A,US 75 / 261959,0.600,yes,10,no,184257536500254541,2335363400285041845
N/A,US 75 / 261961,0.641,yes,190,no,184256436988626764,6947049418710332601
N/A,US 75 / 261975,1.889,yes,35,no,184287223431120725,-6887177405540059509
N/A,US 75 / 261976,1.816,yes,217,no,184286673675831125,-6887164211408914805
N/A,US 75 / 3538672,0.612,yes,43,no,183987056234022607,6943667319945047715
N/A,US 75 / 4015461,0.721,yes,197,no,184268531697796945,6947717921838740977
N/A,US 75 / 4015462,1.297,yes,183,no,184257536551634766,-6887665588920896095
N/A,US 75 / 4015463,0.722,yes,180,no,184257536521226062,-6887850306897431283
N/A,US 75 / 5598448,0.680,yes,16,no,184268531696748369,-2275658513062545941
N/A,US 75 / 5598462,0.722,yes,0,no,184258086275991374,-2276173084560968439
N/A,US 75 / 5598463,1.316,yes,3,no,184258636062738254,-2275988366582336097
N/A,US 75 / 722192,0.646,yes,339,no,183973862005884620,-2280316045431395051
N/A,US 75 / 722194,1.637,yes,175,no,183972212774618826,-2279885036908958369
N/A,US 75 / 744066,0.827,yes,192,no,183966715253704394,-2279885036887986575
N/A,US 75 / 744067,1.614,yes,356,no,183972762528335563,-6891593045566804647
N/A,US 75 / 749877,0.883,yes,5,no,183967265007945419,6943465009736330863
N/A,US 75 / 755410,2.523,yes,340,no,184013994141501136,-2280465578914206703
N/A,US 75;US 20 Business / 23604691,0.426,yes,359,no,184006297500337884,6942097217380428757
N/A,West Washington Expressway / 14951016,0.160,yes,305,no,192677596036159042,6942858112515714293
N/A,West Washington Expressway / 14951017,0.084,yes,308,no,192681994080048708,-2280535914561131281
N/A,West Washington Street / 24041246,0.040,yes,9,no,192656705332008506,2331299637346970941
N/A,West Washington Street / 24043622,0.005,yes,6,no,192656705333057082,2331308433439993151
N/A,West Washington Street / 263249,0.196,yes,105,no,192649008791508532,-2280038935418622509
N/A,West Washington Street / 9664268,0.297,yes,6,no,192660003887339067,6943121995232980377
N/A,West Washington Street / 9664269,0.468,yes,352,no,192661653166315066,6943311111232957849
