Zone ID,Zone Name,Line Zone Length (Miles),Zone Is Pass-Through,Zone Direction (degrees),Zone is Bi-Direction,Fingerprint1,Fingerprint2
N/A,Avenue of the Saints / 23002387,0.969,yes,315,no,190554990078153338,-6881701813776531603
N/A,Columbia Street / 721207,0.059,yes,9,yes,195493441749211971,-6922115444403865635
N/A,I 35 Bus / 10149752,0.132,yes,258,no,190049212433518999,2322296826202430783
N/A,I 35 Bus / 16528800,0.612,yes,128,no,190054709988512149,6933978446610570513
N/A,I 35 Bus / 21886515,0.223,yes,4,no,190060757296697757,-6901171967639937751
N/A,I 35 Bus / 5000139,0.313,yes,3,no,190060207533019549,2322120904375541007
N/A,I 35 Bus / 5811470,0.094,yes,262,no,190044264630669717,6933982844608847163
N/A,I 35 Business / 12407431,0.334,yes,276,no,189981042708402550,2322270437680094509
N/A,I 35 Business / 13492173,0.306,yes,349,no,190533549698929268,6954099511215014101
N/A,I 35 Business / 14615438,0.374,yes,345,no,190062406634918302,2322868572299206165
N/A,I 35 Business / 17179504,0.340,yes,167,no,190530800883159666,-6881262009291095993
N/A,I 35 Business / 17208803,0.006,yes,344,no,190065155408744863,-6900595823532302827
N/A,I 35 Business / 18830139,0.391,yes,206,no,190059657855848859,6934462231735180863
N/A,I 35 Business / 20483182,0.242,yes,333,no,189968948076826997,-6901119191417348831
N/A,I 35 Business / 23565801,0.301,yes,194,no,190531350674625138,-2269351690487447307
N/A,I 35 Business / 4289156,0.263,yes,17,no,190532999907463796,2342048454925107309
N/A,I 35 Business;US 18 / 19380303,0.016,yes,360,no,190535198961128053,6954020346377814229
N/A,I 380 / 265776,0.440,yes,295,no,192830428036028038,-6893141124111652031
N/A,I 74 / 266979,0.774,yes,136,no,196755132990446977,6926752481755009087
N/A,I 74 / 885704,1.020,yes,285,no,196750734946033014,-6908309971573665727
N/A,I 74 D;US 6 D / 16598358,0.012,yes,320,no,196774924082830730,-6909268745656463701
N/A,I 80 / 16272461,0.018,yes,337,no,189612155696402641,6926734862301794393
N/A,I 80 / 20100928,0.630,yes,353,no,189607207903514831,2315202775500197979
N/A,I 80 / 21394320,0.693,yes,235,no,189597862042095812,-2296689951134183315
N/A,I 80 / 22031113,0.285,yes,102,no,189591264968659141,6926677687638429751
N/A,I 80 / 272240,0.756,yes,55,no,189611056174289098,-6908402357817569191
N/A,I 80 Local / 727280,0.724,yes,270,no,184945277834709120,-6914709174260595449
N/A,I 80 Local;US 6 / 18268429,0.310,yes,96,no,185055228993292470,-6914713571919133447
N/A,I 80 Local;US 6 / 20628392,0.313,yes,72,no,185085465562532036,6920322493243720965
N/A,I 80 Local;US 6 / 726697,0.445,yes,87,no,185070072396597436,6920326891244094711
N/A,IA 27 / 11211708,0.276,yes,279,no,192544555031680516,6942035677321112453
N/A,IA 27 / 14163328,0.288,yes,81,no,192544005274293764,2330327668661169027
N/A,IA 27 / 23933279,0.113,yes,318,no,192536308696045058,-2281314369345148023
N/A,IA 27;IA 58 / 16332156,0.009,yes,85,no,192537957959816707,-2281358349812356225
N/A,IA 5 / 13846918,0.489,yes,117,no,191148172820173703,-6913521678059305195
N/A,IA 5 / 20707064,0.319,yes,248,no,191145424043201415,-2301831261610571987
N/A,IA 5 / 272615,1.037,yes,297,no,190156963535475135,-2298110517980426837
N/A,IA 5 / 3955859,0.525,yes,97,no,190156963531280836,6925257120792186295
N/A,IA 58 / 13441594,0.340,yes,261,no,192529161868891644,-6893026776059991157
N/A,IA 58 / 18663428,0.390,yes,79,no,192497276030637550,6942000492779154309
N/A,IA 58 / 20693258,0.333,yes,99,no,192530261378946557,-6893031174102307969
N/A,IA 58 / 2230277,0.361,yes,292,no,192497276032734702,6942062065428212615
N/A,IA 58 / 24220411,0.009,yes,263,no,192490129209775598,6942062065371589525
N/A,IA 60 BUS / 14464859,0.398,yes,350,no,185130549643921627,2343130353756029457
N/A,IA 60 BUS / 14888889,0.403,yes,191,no,185127800864852185,-2268652421705088449
N/A,IA 60 BUS / 20671105,0.314,yes,51,no,185017299882821797,-6880848613932515009
N/A,IA 60 BUS / 21487155,0.320,yes,218,no,185016200373291173,-6880839817845784247
N/A,IA 60 BUS / 21487156,0.050,yes,237,no,185022247690913961,-2269092226760949429
N/A,IA 92 / 21376366,0.303,yes,351,no,195276289183668960,-2302169895452801435
N/A,IA 92 / 23911195,0.313,yes,191,no,195272990648261343,6921127374598702727
N/A,John V. Atanasoff and Clifford E. Berry Memorial Bridge / 17921070,0.316,yes,311,no,190058008525492633,-6901066414523671255
N/A,Juhl Drive Northeast / 11729215,0.066,yes,177,no,194246048324606220,-6900996029815972521
N/A,Juhl Drive Northeast / 7245398,0.010,yes,179,no,194245498569840908,-6900996029818069663
N/A,motorway_link / 10150104,0.454,yes,202,no,190058557835137435,6930182932473583277
N/A,motorway_link / 10150234,0.437,yes,90,no,189937061382934881,2315053243193888859
N/A,motorway_link / 10150723,0.030,yes,153,no,196661124805516630,-2296104984035454647
N/A,motorway_link / 10150978,0.461,yes,37,no,190047562472968598,6928115850581906177
N/A,motorway_link / 10180091,0.320,yes,286,no,191280115702387653,2322327617238211905
N/A,motorway_link / 10180094,0.373,yes,167,no,192520366157551098,6945272639440040227
N/A,motorway_link / 10180159,0.389,yes,114,no,190161913298112967,-2281635435779183885
N/A,motorway_link / 10181281,0.348,yes,106,no,190864502603993863,-2270094959053881479
N/A,motorway_link / 10204892,0.013,yes,341,no,183895246748337833,-2281872954223482219
N/A,motorway_link / 10230242,0.351,yes,307,no,190134974345204156,6934044417624907081
N/A,motorway_link / 10241408,0.010,yes,311,no,185083266513586374,2308429766598853787
N/A,motorway_link / 10243620,0.470,yes,35,no,184666555267237895,2339088547257006909
N/A,motorway_link / 10243706,0.336,yes,269,no,185639619983919551,-2298334835633025705
N/A,motorway_link / 10243805,0.043,yes,342,no,184274577617143638,2324425458674835711
N/A,motorway_link / 10243806,0.312,yes,298,no,184267980549998417,-2287212181243027197
N/A,motorway_link / 10244058,0.037,yes,105,no,184591236279125990,2318664018955343557
N/A,motorway_link / 10249389,0.314,yes,349,no,184732526037256230,-6883584199961330645
N/A,motorway_link / 10252340,0.154,yes,245,no,189889232627650894,-6908331988003844001
N/A,motorway_link / 10275613,0.290,yes,289,no,183961767222265541,6941683800861584097
N/A,motorway_link / 10295236,0.170,yes,110,no,194465400211200367,2316640955239764777
N/A,motorway_link / 10295237,0.047,yes,79,no,194469798256662898,6928313779533910827
N/A,motorway_link / 10295899,0.103,yes,175,no,194301573008021797,-2294789977129610345
N/A,motorway_link / 10345230,0.372,yes,63,no,189332881532342351,6941719005729139465
N/A,motorway_link / 10354076,0.231,yes,8,no,194248247332657421,-6901163155570811601
N/A,motorway_link / 10360914,0.050,yes,272,no,194322463718463791,2316794886309811061
N/A,motorway_link / 10361064,0.007,yes,62,no,194509380530035076,6927095520797135103
N/A,motorway_link / 10384469,0.385,yes,100,no,195246601438583504,6913360424386689171
N/A,motorway_link / 10387006,0.319,yes,338,no,194242199863515402,-2290708590177019197
N/A,motorway_link / 10401248,0.455,yes,285,no,193103656663996161,2330081380204030735
N/A,motorway_link / 10426620,0.295,yes,89,no,196411537362083043,6941468344053672581
N/A,motorway_link / 10426621,0.017,yes,217,no,196412087114226917,-6893598507321513339
N/A,motorway_link / 10426622,0.007,yes,200,no,196411537358413029,-6893602905370121597
N/A,motorway_link / 10456613,0.181,yes,81,no,189957952216060269,2315985629115060745
N/A,motorway_link / 10456691,0.326,yes,341,no,194469798144465265,-2295955458800742035
N/A,motorway_link / 10456741,0.394,yes,69,no,191537400739615801,-6906810257604865257
N/A,motorway_link / 10482577,0.245,yes,291,no,190000283417923967,-6907338029062417901
N/A,motorway_link / 10495116,0.404,yes,353,no,196468161314381055,2322332035054574877
N/A,motorway_link / 10495129,0.482,yes,359,no,196469260812377343,-2289455138438374171
N/A,motorway_link / 10495142,0.369,yes,291,no,191006338184729416,6941384760578026069
N/A,motorway_link / 10505462,0.368,yes,23,no,190545643892200057,6950374365872536193
N/A,motorway_link / 10666105,0.164,yes,75,no,190227882345320936,2316196736375198313
N/A,motorway_link / 10669787,0.652,yes,217,no,196655077914664270,-6904272565260249155
N/A,motorway_link / 10670825,0.009,yes,88,no,194235053242931463,-2289028536451719713
N/A,motorway_link / 10670826,0.052,yes,268,no,194232854221248774,6934356694536297957
N/A,motorway_link / 10670827,0.319,yes,333,no,194241650303785225,6934303918018010541
N/A,motorway_link / 10670828,0.017,yes,268,no,194235053244504327,-6900701360741671451
N/A,motorway_link / 10695782,0.421,yes,123,no,192511020319200755,-2278037824780357299
N/A,motorway_link / 10696199,0.306,yes,226,no,192832627054040712,2330156145912589105
N/A,motorway_link / 10721770,0.045,yes,167,no,184263032744003409,2324416662539870459
N/A,motorway_link / 10721771,0.260,yes,119,no,184268530299520849,6936093884907790569
N/A,motorway_link / 10725339,0.320,yes,169,no,184729777249273892,-6883658966766699513
N/A,motorway_link / 10725506,0.405,yes,111,no,183681391859942981,2330864196537822309
N/A,motorway_link / 10748880,0.248,yes,176,no,190132775321948604,6934040019528064327
N/A,motorway_link / 10760334,0.033,yes,92,no,185043684126443699,-2302987971140254445
N/A,motorway_link / 10764232,0.359,yes,284,no,185932090076908100,-2298317242329199275
N/A,motorway_link / 10768564,0.367,yes,109,no,189900229532275024,-2281622242637894917
N/A,motorway_link / 10791819,0.300,yes,268,no,183697334779070029,2330855400497228909
N/A,motorway_link / 10811627,0.148,yes,304,no,195495640776661828,-6922071463919880221
N/A,motorway_link / 10861451,0.237,yes,326,no,190055259744850332,2322301224274107703
N/A,motorway_link / 10861729,0.061,yes,28,no,194176779190622445,2323185247334702805
N/A,motorway_link / 10867164,0.184,yes,341,no,194319165167851821,6928370953563935535
N/A,motorway_link / 10867270,0.315,yes,104,no,191564339446109254,6933903685587049743
N/A,motorway_link / 10903344,0.403,yes,255,no,191497817707598887,6923119675294353909
N/A,motorway_link / 10973735,0.349,yes,274,no,194330710055672112,2316794886366434163
N/A,motorway_link / 10998991,0.011,yes,87,no,189994785852969343,-6907403999799930371
N/A,motorway_link / 11007922,0.660,yes,168,no,192097051274204472,6920920654303724995
N/A,motorway_link / 11011433,0.089,yes,178,no,192859015346738838,2330270495237221211
N/A,motorway_link / 11011466,0.226,yes,321,no,192756211083990630,-6892463825257223055
N/A,motorway_link / 11011534,0.304,yes,331,no,190069004710269344,-6892081205461635819
N/A,motorway_link / 11182512,0.186,yes,274,no,189966748310655345,2316007619381170701
N/A,motorway_link / 11185805,0.375,yes,289,no,189914523185533271,-2281591456255694071
N/A,motorway_link / 11186661,0.045,yes,6,no,196241662900001944,6942194021079985111
N/A,motorway_link / 11186757,0.385,yes,290,no,194297176565307680,-6893017973218333823
N/A,motorway_link / 11211640,0.017,yes,336,no,194233953732876551,6934361092584906213
N/A,motorway_link / 11211641,0.056,yes,336,no,194233403978111238,-2288997750132433433
N/A,motorway_link / 11211690,0.332,yes,279,no,193364790476887928,-2283249506632849381
N/A,motorway_link / 11211807,0.091,yes,288,no,194171831326955754,6934365490400730599
N/A,motorway_link / 11213532,0.630,yes,116,no,190166309689971143,-6907206087019064775
N/A,motorway_link / 11237733,0.258,yes,31,no,184188266161981230,-6897240136450300891
N/A,motorway_link / 11237734,0.091,yes,117,no,184261933232375631,-2287269355887517445
N/A,motorway_link / 11241371,0.035,yes,298,no,183832024944559756,-2280909782276625335
N/A,motorway_link / 11264681,0.063,yes,270,no,189697367970762999,-6907294049767517649
N/A,motorway_link / 11275841,0.027,yes,350,no,184254237955934029,2335359002223850609
N/A,motorway_link / 11276199,0.019,yes,133,no,184590686524360678,2318668416999757511
N/A,motorway_link / 11279199,0.231,yes,146,no,185077219211692226,2308561707981604031
N/A,motorway_link / 11307787,0.128,yes,143,no,183999150682097368,2330529946187869139
N/A,motorway_link / 11307788,0.268,yes,152,no,184004098479179481,-2281173664406688841
N/A,motorway_link / 11328020,0.108,yes,114,no,194301572994390309,2316772896001758055
N/A,motorway_link / 11374439,0.057,yes,200,no,194171831388297451,2323185247317925589
N/A,motorway_link / 11383360,0.011,yes,281,no,194139395547814108,2321118165329779491
N/A,motorway_link / 11383475,0.320,yes,283,no,191535201717933113,2316601361653830425
N/A,motorway_link / 11383488,0.300,yes,293,no,194622630377118133,-6906695896632650955
N/A,motorway_link / 11383550,0.148,yes,87,no,190454381782061647,2316539784864994051
N/A,motorway_link / 11394019,0.326,yes,155,no,195276289235049184,2309951529585477419
N/A,motorway_link / 11436074,0.408,yes,67,no,195656172596976522,-2284234660304116103
N/A,motorway_link / 11437791,0.035,yes,139,no,194268588132096278,-2290831735395444057
N/A,motorway_link / 11447946,0.046,yes,341,no,196457167217319162,6942523875390401635
N/A,motorway_link / 11489887,0.335,yes,161,no,190058557824127387,6930182932473583189
N/A,motorway_link / 11514438,0.519,yes,309,no,190056358521426329,6927856365894373941
N/A,motorway_link / 11514973,0.384,yes,209,no,190545644436411000,6954943936191283871
N/A,motorway_link / 11514974,0.366,yes,189,no,190542895646855799,-2268520459661196683
N/A,motorway_link / 11515948,0.266,yes,121,no,186652819943672717,6925010816797248831
N/A,motorway_link / 11527406,0.252,yes,109,no,192829878280214151,-2281521076423873739
N/A,motorway_link / 11693413,0.051,yes,88,no,194233953731303686,-2289028536453816865
N/A,motorway_link / 11697441,0.060,yes,185,no,189896379268682066,-2298189683887174239
N/A,motorway_link / 11697821,0.325,yes,189,no,190061857457394077,6939313277041125081
N/A,motorway_link / 11706754,0.440,yes,26,no,190062406113251741,-6904985073952483717
N/A,motorway_link / 11727711,0.334,yes,152,no,190559388046545534,-6882427491503292873
N/A,motorway_link / 11727748,0.022,yes,283,no,194235053244504327,-6900701360741671451
N/A,motorway_link / 11789006,0.055,yes,273,no,185044783634925748,2308671659014358279
N/A,motorway_link / 11789581,0.238,yes,174,no,184922188128274556,-6914335340449757805
N/A,motorway_link / 11791787,0.031,yes,149,no,184739669970339881,-2296201786533342945
N/A,motorway_link / 11792209,0.015,yes,86,no,184983760736438424,-2303040747926977285
N/A,motorway_link / 11797465,0.415,yes,192,no,184730327016097828,-6883658966758310823
N/A,motorway_link / 11821010,0.031,yes,78,no,183903493107041965,2329993384144415463
N/A,motorway_link / 11829247,0.097,yes,298,no,183845219080947346,6942440264400120891
N/A,motorway_link / 11889641,0.009,yes,80,no,194251545873307919,2322288046129552695
N/A,motorway_link / 11889659,0.333,yes,157,no,194174580162124011,2323185247338897069
N/A,motorway_link / 11890101,0.032,yes,53,no,194250446311348494,-6901506203192386439
N/A,motorway_link / 11890102,0.035,yes,101,no,194251545823500559,2321870231713094775
N/A,motorway_link / 11898142,0.594,yes,282,no,191007985133769542,-6913134650492713017
N/A,motorway_link / 11898452,0.008,yes,151,no,194241100543777034,-6900824506020913747
N/A,motorway_link / 11904550,0.347,yes,285,no,192906292746081960,6928529277873820547
N/A,motorway_link / 11908410,0.169,yes,44,no,194512129310677380,-6907962534466154227
N/A,motorway_link / 11931763,0.048,yes,360,yes,195493441750784836,2301260990497421283
N/A,motorway_link / 11963228,0.424,yes,126,no,193360391030527862,6928388542119809851
N/A,motorway_link / 11973940,0.356,yes,41,no,196187786762607741,6941595886567828191
N/A,motorway_link / 12029957,0.401,yes,123,no,190039865833902480,-6907355621095370245
N/A,motorway_link / 12030099,0.044,yes,278,no,189776532680560924,2315009262087049289
N/A,motorway_link / 12039490,0.432,yes,141,no,194132248718039253,-6902258269573604603
N/A,motorway_link / 12039510,0.044,yes,336,no,194254844359432464,-6901488610989564805
N/A,motorway_link / 12042611,0.015,yes,62,no,192533560008201729,-2280562303410623255
N/A,motorway_link / 12042955,0.290,yes,69,no,194903006310390325,2320577208544926265
N/A,motorway_link / 12044057,0.311,yes,166,no,189589614825656518,-6915689920968260829
N/A,motorway_link / 12214185,0.323,yes,76,no,190047562372305304,6927306610017571163
N/A,motorway_link / 12214905,0.293,yes,78,no,189998634147336575,-6907395203669159409
N/A,motorway_link / 12217704,0.247,yes,6,no,190048112336785815,-6906009818850388845
N/A,motorway_link / 12219351,0.068,yes,83,no,194238901533628680,-2289028536434942497
N/A,motorway_link / 12219396,0.020,yes,179,no,196442323777314035,-6892815654927193111
N/A,motorway_link / 12306152,0.013,yes,269,no,185044783630207156,-6914739960263211787
N/A,motorway_link / 12306153,0.033,yes,268,no,185043684118579379,-2303053941837921035
N/A,motorway_link / 12308499,0.448,yes,248,no,184924936946141307,6920977801571993147
N/A,motorway_link / 12309649,0.387,yes,149,no,185271287537551640,2346472869620369453
N/A,motorway_link / 12312356,0.317,yes,313,no,184940330037627011,2308764017607312663
N/A,motorway_link / 12314064,0.393,yes,198,no,184256437014316876,-6887762345967209203
N/A,motorway_link / 12314293,0.326,yes,220,no,184664356247652357,-2272496316119499961
N/A,motorway_link / 12317442,0.286,yes,350,no,189607757695504591,6927152676709863671
N/A,motorway_link / 12355568,0.060,yes,85,no,189742447820099852,6926695280386510923
N/A,motorway_link / 12360529,0.015,yes,119,yes,195493441756027716,2301309369011140595
N/A,motorway_link / 12407480,0.270,yes,345,no,194176779184855277,2323180849292385967
N/A,motorway_link / 12407929,0.161,yes,56,no,194242199968373001,-6901563377822196633
N/A,motorway_link / 12418995,0.244,yes,165,no,194252645338798350,-6901497407101461373
N/A,motorway_link / 12419041,0.031,yes,231,no,191764449922208932,2316843255063384973
N/A,motorway_link / 12419042,0.415,yes,243,no,191756203581854876,-6906563966167673975
N/A,motorway_link / 12419043,0.469,yes,126,no,191756753334523036,-6906568364209990813
N/A,motorway_link / 12425786,0.059,yes,174,no,194301023254829349,-2294789977131707477
N/A,motorway_link / 12425877,0.389,yes,58,no,192734768928478810,2316781686140965755
N/A,motorway_link / 12425928,0.356,yes,7,no,194502233429727617,2313060945507650811
N/A,motorway_link / 12447288,0.184,yes,297,no,195601745383611251,-2295832309180395073
N/A,motorway_link / 12522011,0.229,yes,277,no,190029970978984333,-6901075210717356743
N/A,motorway_link / 12522432,0.239,yes,88,no,194332909077879090,2316781692226900849
N/A,motorway_link / 12556703,0.008,yes,300,no,189732002312311048,2313773410845462039
N/A,motorway_link / 12557156,0.346,yes,67,no,193038235718473444,6941727815954869003
N/A,motorway_link / 12559288,0.149,yes,339,no,185096460366334155,-6917326011408318385
N/A,motorway_link / 12559536,0.348,yes,100,no,185708889213323743,2313333590872558921
N/A,motorway_link / 12560341,0.433,yes,184,no,192865612412835477,-6893136725987546285
N/A,motorway_link / 12570664,0.360,yes,201,no,190541795611464310,-2272909710072989017
N/A,motorway_link / 12731282,0.290,yes,63,no,189384006965481575,6926145523219959643
N/A,motorway_link / 12731747,0.362,yes,95,no,189976643800486260,2315044447247667285
N/A,motorway_link / 12731999,0.377,yes,332,no,190172906757116366,-2295506874447949257
N/A,motorway_link / 12732493,0.055,yes,80,no,189953004413210988,2315985629085700613
N/A,motorway_link / 12735612,0.319,yes,135,no,196388997346450649,6941239645534431773
N/A,motorway_link / 12736579,0.367,yes,271,no,196281795061832871,2330415643856219041
N/A,motorway_link / 12761736,0.019,yes,48,no,192534109764015618,2331123715018861803
N/A,motorway_link / 12762503,0.082,yes,224,no,193092661546145535,-2281617832434193649
N/A,motorway_link / 12762506,0.020,yes,80,no,193031088890795748,2330041797472955133
N/A,motorway_link / 12763098,0.061,yes,259,no,194237252165523720,-2289868563324855201
N/A,motorway_link / 12823361,0.035,yes,2,no,184923837398861949,-6914344136538585683
N/A,motorway_link / 12823466,0.562,yes,132,no,185066773863811257,-6914713571875093283
N/A,motorway_link / 12825583,0.400,yes,169,no,184662706976540677,-2272496316134180081
N/A,motorway_link / 12826841,0.583,yes,261,no,185277884611512600,-2265169168251729851
N/A,motorway_link / 12827006,0.277,yes,236,no,184905145717966962,-6914216593242192399
N/A,motorway_link / 12831175,0.300,yes,127,no,185195965339748599,-2312580109985385489
N/A,motorway_link / 12831500,0.319,yes,17,no,184732526028343334,2339633905265556523
N/A,motorway_link / 12841040,0.022,yes,85,no,189940909673107814,-2296641571343298469
N/A,motorway_link / 12877425,0.052,yes,305,no,194473096794167667,-6906717887458700493
N/A,motorway_link / 12922043,0.084,yes,349,no,196784819654450575,2313830612354469417
N/A,motorway_link / 12922044,0.018,yes,344,no,196784269900209551,2313830612350275123
N/A,motorway_link / 12922045,0.121,yes,348,no,196783720146492814,-6909506240132411853
N/A,motorway_link / 12924236,0.027,yes,339,no,194235602876061959,-2290053281288807415
N/A,motorway_link / 12924410,0.029,yes,19,no,194248797070645518,2322085735979556063
N/A,motorway_link / 12924924,0.018,yes,11,no,194254844360481040,-6901488610991661951
N/A,motorway_link / 12927482,0.272,yes,68,no,189978293927235958,2322226457198206249
N/A,motorway_link / 12932952,0.214,yes,81,no,191015681713591117,-2301475020344391737
N/A,motorway_link / 12933335,0.041,yes,178,no,194301023256402213,-2294772384945663057
N/A,motorway_link / 12933434,0.241,yes,169,no,194247147831515404,-2289327603568337603
N/A,motorway_link / 12933548,0.318,yes,105,no,191086050857276268,-2298119310579593805
N/A,motorway_link / 12934258,0.026,yes,85,no,194485189165013369,6909397781546267023
N/A,motorway_link / 12943293,0.052,yes,69,no,194323013472180527,6928458914508837741
N/A,motorway_link / 12964626,0.225,yes,122,no,195374696243485452,2315941669315285479
N/A,motorway_link / 13065163,0.143,yes,246,no,189994785744966014,6926743659864920165
N/A,motorway_link / 13065723,0.356,yes,115,no,191256478525510585,-2269870657188642857
N/A,motorway_link / 13066705,0.385,yes,303,no,186791908167207883,-2298330433188786873
N/A,motorway_link / 13066716,0.251,yes,241,no,188410939029671596,-2298435980143620811
N/A,motorway_link / 13066982,0.439,yes,55,no,190523653365518957,6947907061708502555
N/A,motorway_link / 13073653,0.050,yes,340,no,194236702508800264,-6900732147060957733
N/A,motorway_link / 13074278,0.008,yes,360,no,189608307508465871,-2295783953544506911
N/A,motorway_link / 13077079,0.025,yes,73,no,188415337071988401,2313219251960286491
N/A,motorway_link / 13077681,0.014,yes,74,no,194250996117494030,-2289397972299932361
N/A,motorway_link / 13079087,0.301,yes,17,no,189563226117722298,-2307680669522723617
N/A,motorway_link / 13088187,0.469,yes,235,no,190442289392865864,2335279861013165173
N/A,motorway_link / 13184969,0.195,yes,264,no,189932113582182753,6926748057678647395
N/A,motorway_link / 13196882,0.009,yes,181,no,196760080746110340,2314688231327666103
N/A,motorway_link / 13200521,0.320,yes,99,no,190018975860609415,-6901097200985563861
N/A,motorway_link / 13201959,0.103,yes,186,no,196662224325533015,6927319829381648753
N/A,motorway_link / 13209072,0.365,yes,352,no,192031630412043549,6921562768838493953
N/A,motorway_link / 13213420,0.181,yes,225,no,183985406745855697,-6893202730529051835
N/A,motorway_link / 13217255,0.335,yes,177,no,190047562519630230,-6906454021550107769
N/A,motorway_link / 13218934,0.255,yes,259,no,189968397464850801,6926739261728231519
N/A,motorway_link / 13222374,0.530,yes,46,no,194243849120995593,-6902574928484099401
N/A,motorway_link / 13232742,0.136,yes,340,no,194241100546922762,6934277529730555313
N/A,motorway_link / 13235194,0.306,yes,125,no,196281245303921831,-6892965189102064751
N/A,motorway_link / 13244185,0.306,yes,261,no,183778148880565873,-6892551820423451549
N/A,motorway_link / 13248308,0.295,yes,252,no,188579164309245689,2313254436978298165
N/A,motorway_link / 13249032,0.350,yes,74,no,196733692953058676,-2292929594150349063
N/A,motorway_link / 13250731,0.038,yes,271,yes,194739730006497773,2330428832088075181
N/A,motorway_link / 13252468,0.160,yes,77,no,189725406291644675,-6900806931048292935
N/A,motorway_link / 13253660,0.053,yes,201,no,194224607773939970,-2289943330165875643
N/A,motorway_link / 13261265,0.442,yes,116,no,192481333112034790,2330345260618623865
N/A,motorway_link / 13265198,0.415,yes,67,no,194934889545554498,-2312949508726590605
N/A,motorway_link / 13265199,0.321,yes,38,no,194922245155543615,2298674936990921569
N/A,motorway_link / 13267373,0.457,yes,8,no,197095981573037598,-2296843854165307381
N/A,motorway_link / 13267374,0.018,yes,335,no,197100379612732958,-2296848252220207107
N/A,motorway_link / 13278673,0.031,yes,358,no,192662752684758588,-6891738147949892147
N/A,motorway_link / 13280549,0.052,yes,53,no,190048112344125847,6929136197361996963
N/A,motorway_link / 13288022,0.334,yes,49,no,194235602790603017,-6902486967608403269
N/A,motorway_link / 13295850,0.298,yes,267,no,194078372665055421,-2290453504095937709
N/A,motorway_link / 13295851,0.069,yes,297,no,194086069246449859,-6902148318605862063
N/A,motorway_link / 13299484,0.348,yes,101,no,191081652372984682,-6913468901765413073
N/A,motorway_link / 13299485,0.384,yes,121,no,191067358725493603,-2301738902927440073
N/A,motorway_link / 13302530,0.250,yes,106,no,194225707394095361,6934356694525812191
N/A,motorway_link / 13308073,0.365,yes,343,no,184259185793386318,-2275988366588627743
N/A,motorway_link / 13312367,0.232,yes,119,no,188211927429762642,-6910073620826944207
N/A,motorway_link / 13318168,0.008,yes,253,no,189607757574394063,-6908960909741256903
N/A,motorway_link / 13318558,0.011,yes,253,no,189607207818580175,6926097145540906809
N/A,motorway_link / 13318578,0.016,yes,235,no,189606658062766287,2314406729064910649
N/A,motorway_link / 13318579,0.004,yes,247,no,189607207818580175,6926097145538809657
N/A,motorway_link / 13324379,0.011,yes,101,no,189608307330207951,-6908960909739159751
N/A,motorway_link / 13327843,0.501,yes,244,no,184933732960520317,6920344482884879649
N/A,motorway_link / 13335952,0.139,yes,109,no,190189399403221462,-2295779553272917541
N/A,motorway_link / 13342597,0.336,yes,64,no,184930434989246591,-2298326042257912481
N/A,motorway_link / 13346520,0.412,yes,62,no,185284477726050589,-2298361225260561065
N/A,motorway_link / 13348139,0.295,yes,205,no,185269088516393240,2346477267660589121
N/A,motorway_link / 13349687,0.291,yes,8,no,185144288571115745,-2310315116241881039
N/A,motorway_link / 13349976,0.047,yes,103,no,183893047749199528,6941701392766610161
N/A,motorway_link / 13354913,0.063,yes,55,no,184987609119934618,2309419326703142495
N/A,motorway_link / 13355682,0.171,yes,131,no,183852915657098901,6942405080061586467
N/A,motorway_link / 13364674,0.021,yes,253,no,188415886834618033,-6910095610285650635
N/A,motorway_link / 13370854,0.126,yes,186,no,189605008796373197,6926097145532518213
N/A,motorway_link / 13374536,0.315,yes,302,no,183907891155650221,2330032966602861291
N/A,motorway_link / 13384104,0.026,yes,283,no,189434032844525696,6910220196975211269
N/A,motorway_link / 13387310,0.051,yes,74,no,192828229009102471,-6893220288988697807
N/A,motorway_link / 13388547,0.019,yes,193,no,194001956675082397,-2289890554459186089
N/A,motorway_link / 13389840,0.409,yes,73,no,196458265787849975,2322930169367502425
N/A,motorway_link / 13390294,0.232,yes,261,no,189653937133015266,6926682085921919047
N/A,motorway_link / 13390825,0.071,yes,253,no,185601686835382705,2313373172859145571
N/A,motorway_link / 13394873,0.191,yes,173,no,194302122759641382,2316869653022905217
N/A,motorway_link / 13395537,0.259,yes,65,no,188589609668660990,6924922863259487531
N/A,motorway_link / 13399610,0.383,yes,289,no,192619868696696358,2306191189706014865
N/A,motorway_link / 13407470,0.378,yes,238,no,196193832129354879,2313597513653816795
N/A,motorway_link / 13409984,0.033,yes,294,no,195491242731199298,-2310385445517658131
N/A,motorway_link / 13411963,0.359,yes,196,no,192574791808538131,-2279647509581123917
N/A,motorway_link / 13413528,0.366,yes,160,no,190059658121662875,6936775604197925385
N/A,motorway_link / 13414564,0.048,yes,100,no,192124541581481287,-6893097146370741401
N/A,motorway_link / 13414886,0.057,yes,236,no,190043164542325141,2317454576962245797
N/A,motorway_link / 13432965,0.031,yes,2,no,196679816473304415,-6908050487135694629
N/A,motorway_link / 13432966,0.346,yes,326,no,196677067699477853,2315409510649303259
N/A,motorway_link / 13432967,0.494,yes,134,no,196755682742066557,-6908309971573665729
N/A,motorway_link / 13440969,0.212,yes,173,no,194236702356232456,6933076863014148999
N/A,motorway_link / 13441545,0.247,yes,77,no,194260341798033681,2320871875207502517
N/A,motorway_link / 13441596,0.120,yes,44,no,194248247286520076,-2289842175001748361
N/A,motorway_link / 13441600,0.024,yes,208,no,194240550787963146,6934233549261249967
N/A,motorway_link / 13442004,0.412,yes,217,no,194299373977426209,-2294891132199365737
N/A,motorway_link / 13447099,0.007,yes,91,no,189909024689443160,6933890485107825937
N/A,motorway_link / 13449920,0.109,yes,14,no,194226806796671235,-2289956524297020347
N/A,motorway_link / 13450033,0.030,yes,87,no,194236702510373128,2322657481981959647
N/A,motorway_link / 13450113,0.006,yes,179,no,194246048315693324,-2289397972318806727
N/A,motorway_link / 13450114,0.015,yes,177,no,194246048315169036,-2289397972318806729
N/A,motorway_link / 13450115,0.221,yes,173,no,194246598067312908,-2289402370361123555
N/A,motorway_link / 13450866,0.338,yes,20,no,194481340869597559,2297632598277484943
N/A,motorway_link / 13450867,0.017,yes,30,no,194485189165013369,6909397781544169873
N/A,motorway_link / 13457540,0.090,yes,67,no,189720458487746818,2322556309688294837
N/A,motorway_link / 13459422,0.122,yes,94,no,189920568709566812,-2296628377272971171
N/A,motorway_link / 13459943,0.309,yes,349,no,194501133928061312,-6910143965579703045
N/A,motorway_link / 13459979,0.518,yes,116,no,194364794914036029,-2294899928013466783
N/A,motorway_link / 13460015,0.260,yes,271,no,194479144107071860,-6906722285463268563
N/A,motorway_link / 13463764,0.259,yes,300,no,194002506392098972,2321487600733395901
N/A,motorway_link / 13463808,0.028,yes,148,no,187205874291920011,2313311606323285315
N/A,motorway_link / 13470577,0.383,yes,103,no,192526961231353339,6928494092054696821
N/A,motorway_link / 13474717,0.321,yes,356,no,194238901387876617,6933164823952759713
N/A,motorway_link / 13481176,0.272,yes,102,no,195602844892617587,6927508941363483061
N/A,motorway_link / 13483008,0.198,yes,79,no,196560519437573415,-6908257195760021377
N/A,motorway_link / 13483010,0.016,yes,72,no,196553372609895718,2315106044959789175
N/A,motorway_link / 13500185,0.441,yes,88,no,192637463917844012,-2280056527629832751
N/A,motorway_link / 13501033,0.045,yes,108,no,184981561713182871,6920335686968018171
N/A,motorway_link / 13503439,0.256,yes,72,no,186662715547798418,2313298410130640199
N/A,motorway_link / 13507053,0.137,yes,184,no,189561576934691002,6916421443040312857
N/A,motorway_link / 13511875,0.512,yes,201,no,194235602791651588,6932571087673760483
N/A,motorway_link / 13517898,0.716,yes,173,no,185626425834424761,-6910029650231030519
N/A,motorway_link / 13521721,0.190,yes,203,no,189566524749074619,-2306849438721638837
N/A,motorway_link / 13523065,0.396,yes,203,no,195652874063666058,-6895916280716450163
N/A,motorway_link / 13525591,0.161,yes,276,no,184981561805457558,6921109743162361435
N/A,motorway_link / 13525767,0.443,yes,232,no,196240563396238484,-2281147229432435707
N/A,motorway_link / 13542735,0.381,yes,304,no,184425760257820568,-6900661815715291685
N/A,motorway_link / 13542736,0.030,yes,15,no,184432907079731102,2322639852395306459
N/A,motorway_link / 13545425,0.318,yes,71,no,189891431649857869,-2296654765648506789
N/A,motorway_link / 13555860,0.036,yes,79,no,190005780973965700,2316007619517485583
N/A,motorway_link / 13556241,0.030,yes,90,no,189939810161480038,6926730465507283033
N/A,motorway_link / 13556436,0.092,yes,72,no,194325762251774256,6928463312570028911
N/A,motorway_link / 13556766,0.303,yes,71,no,193162478952732445,6928480900335276927
N/A,motorway_link / 13561667,0.352,yes,84,no,191514861424432175,-6901149971833152229
N/A,motorway_link / 13561668,0.376,yes,96,no,191499468261643304,6933916879485410585
N/A,motorway_link / 13571853,0.137,yes,267,no,194210313532430587,2316794885890380663
N/A,motorway_link / 13575079,0.364,yes,165,no,196409337567599843,-2288307248527565059
N/A,motorway_link / 13577987,0.367,yes,151,no,190544545430196855,-2264109218993780229
N/A,motorway_link / 13577989,0.358,yes,203,no,190543995683820151,-2264109218997974455
N/A,motorway_link / 13584311,0.388,yes,194,no,190062957306139037,6942141220954057699
N/A,motorway_link / 13590250,0.399,yes,63,no,194535768957999501,6928318177859343163
N/A,motorway_link / 13590251,0.013,yes,58,no,194528072373459341,2316632159373234987
N/A,motorway_link / 13592152,0.013,yes,104,no,194612734768798131,-6906739877160676565
N/A,motorway_link / 13592533,0.373,yes,133,no,183974961512793804,2331290808156695829
N/A,motorway_link / 13594910,0.016,yes,110,no,194612185013508531,2316636557740610349
N/A,motorway_link / 13609330,0.196,yes,257,no,188116819675532839,-6910069223134851771
N/A,motorway_link / 13616463,0.183,yes,88,no,183907891154077357,-2281692634253612311
N/A,motorway_link / 13620583,0.207,yes,23,no,183982108202583760,-2281595876955641047
N/A,motorway_link / 13625572,0.414,yes,356,no,192541806558270982,6944648116923543551
N/A,motorway_link / 13628713,0.048,yes,166,no,184012344518067934,-2283702541125408945
N/A,motorway_link / 13631838,0.050,yes,76,no,191317498411963352,-6906810258470989043
N/A,motorway_link / 13646108,0.252,yes,312,no,196193832345885824,-2296236927194492673
N/A,motorway_link / 13660647,0.544,yes,315,no,190068454815519135,2330151737374026503
N/A,motorway_link / 13661172,0.454,yes,303,no,194384036369619271,-6906555160043973777
N/A,motorway_link / 13666740,0.028,yes,270,no,192689140903007816,-6892252719288931097
N/A,motorway_link / 13674376,0.055,yes,240,no,185044233882257587,-2302987971140254441
N/A,motorway_link / 13691214,0.162,yes,98,no,195444513493834540,6913039367727478789
N/A,motorway_link / 13698705,0.060,yes,211,no,190044264052380054,2317436984782492831
N/A,motorway_link / 13700053,0.019,yes,234,no,196484103155047686,6924927291400129829
N/A,motorway_link / 13705241,0.045,yes,35,no,185106906059720912,-6914555242070670003
N/A,motorway_link / 13708231,0.300,yes,258,no,189728705720963331,-2281617845247792367
N/A,motorway_link / 13715837,0.358,yes,2,no,184432907073963934,-2289046166021595727
N/A,motorway_link / 13730047,0.388,yes,276,no,194531920668350859,2316676139882386237
N/A,motorway_link / 13735291,0.296,yes,174,no,184591786040182757,-6904633251112937783
N/A,motorway_link / 13738435,0.257,yes,171,no,196661674616905046,-2295608004775505391
N/A,motorway_link / 13738436,0.110,yes,121,no,196659475598892373,6927777226212512303
N/A,motorway_link / 13739896,0.333,yes,277,no,189703415157838072,2315018057924218955
N/A,motorway_link / 13740652,0.441,yes,151,no,192539057779725826,-6890409938360717313
N/A,motorway_link / 13745528,0.269,yes,9,no,189363664035336288,2297953636146213403
N/A,motorway_link / 13759043,0.376,yes,15,no,191029975828222805,-2297631127641256255
N/A,motorway_link / 13760653,0.232,yes,188,no,190042614536950165,2315334718541795575
N/A,motorway_link / 13775342,0.196,yes,88,no,189949705767178601,2315048845176737885
N/A,motorway_link / 13776420,0.476,yes,79,no,189829858827784496,2313593091347451345
N/A,motorway_link / 13781212,0.387,yes,346,no,190060757643252125,6936867963187241521
N/A,motorway_link / 13782870,0.298,yes,202,no,196454417500822774,6934646974057553525
N/A,motorway_link / 13804199,0.252,yes,250,no,196541277985660190,2315132433209495689
N/A,motorway_link / 13804200,0.016,yes,247,no,196546225789558050,-2296535993029750647
N/A,motorway_link / 13805070,0.269,yes,53,no,189224027993231390,-2297490397037850903
N/A,motorway_link / 13823082,0.301,yes,278,no,184990357809350809,2308680454920733957
N/A,motorway_link / 13828213,0.318,yes,338,no,185199813629397242,6910791926877778917
N/A,motorway_link / 13833564,0.358,yes,202,no,190059108862874011,-6894196665877517925
N/A,motorway_link / 13843081,0.379,yes,163,no,190058558761030043,2326360621203858505
N/A,motorway_link / 13844139,0.379,yes,254,no,192226245405136242,-2289815794410840963
N/A,motorway_link / 13853682,0.044,yes,130,no,192118494267004228,-2281411127968519323
N/A,motorway_link / 13853861,0.261,yes,315,no,194009653212960927,-6901919620470400089
N/A,motorway_link / 13877877,0.449,yes,310,no,189947506542072166,6925068003986902355
N/A,motorway_link / 13882387,0.099,yes,324,no,194004705414830238,-6901897630267204677
N/A,motorway_link / 13886826,0.321,yes,143,no,194200418665978101,-2288667896759443867
N/A,motorway_link / 13905141,0.549,yes,354,no,189607207974293711,2315783317635469677
N/A,motorway_link / 13910019,0.288,yes,212,no,184941979550959747,-2300881307266185005
N/A,motorway_link / 13926233,0.151,yes,323,no,183937577824896700,6940500726243141825
N/A,motorway_link / 13928750,0.025,yes,110,no,191266921559708609,-2289397983681176265
N/A,motorway_link / 13928755,0.527,yes,73,no,191278466432848834,6933974053257485631
N/A,motorway_link / 13932563,0.464,yes,300,no,197104227912343069,2314952115447926791
N/A,motorway_link / 13932564,0.018,yes,342,no,197108625952562722,-6908512280383582201
N/A,motorway_link / 13943879,0.123,yes,97,no,183914488223844017,6941683800668646119
N/A,motorway_link / 13957135,0.250,yes,102,no,195517082996661068,6927596901962355169
N/A,motorway_link / 13958756,0.415,yes,282,no,192851865469802127,2304673864546778595
N/A,motorway_link / 13971380,0.075,yes,191,no,185044233875441843,-2303053941837921027
N/A,motorway_link / 13978214,0.036,yes,142,no,183856763944650392,2330683877268401183
N/A,motorway_link / 14019771,0.290,yes,226,no,192572042978088466,2331620694436097509
N/A,motorway_link / 14020210,0.027,yes,252,no,193023392315168480,-6893281860897461485
N/A,motorway_link / 14024351,0.426,yes,88,no,189927165778809180,-6908323191745146787
N/A,motorway_link / 14024352,0.015,yes,91,no,189917819929448796,6926734863467810907
N/A,motorway_link / 14026362,0.281,yes,142,no,192948625541256892,6941934523784375111
N/A,motorway_link / 14032006,0.361,yes,15,no,194516527221397895,-6909132414819234029
N/A,motorway_link / 14040699,0.241,yes,12,no,185271833345476893,-6910020855473894049
N/A,motorway_link / 14045048,0.008,yes,3,no,189601710346948812,-2296549213662605179
N/A,motorway_link / 14045739,0.212,yes,26,no,196674868669406556,6926972383770185943
N/A,motorway_link / 14045740,0.168,yes,24,no,196671570129280347,2315251180947640519
N/A,motorway_link / 14049725,0.033,yes,19,no,189612705333203153,-2297644327201927531
N/A,motorway_link / 14053484,0.014,yes,278,no,183955719909885637,2329997782388058857
N/A,motorway_link / 14056095,0.422,yes,69,no,193399975044536200,6941723419294575371
N/A,motorway_link / 14056096,0.406,yes,107,no,193384032125409152,-2281617831299634437
N/A,motorway_link / 14060012,0.180,yes,5,no,189568723774427325,6916535792276864593
N/A,motorway_link / 14062545,0.090,yes,292,no,184904596567705716,2314261575597297393
N/A,motorway_link / 14068613,0.348,yes,64,no,189702315768369399,-6907355622376730079
N/A,motorway_link / 14070409,0.043,yes,3,no,190049761433309592,-6907417193729748483
N/A,motorway_link / 14070822,0.384,yes,102,no,193136641932613393,-6893928373277414955
N/A,motorway_link / 14071879,0.513,yes,41,no,193100358124918530,-2281692599161967859
N/A,motorway_link / 14075105,0.388,yes,252,no,192482432625759719,2330349658665134997
N/A,motorway_link / 14081351,0.299,yes,344,no,189465369103650958,-6923311736043866727
N/A,motorway_link / 14081656,0.239,yes,260,no,190730910567060172,2330050584810367749
N/A,motorway_link / 14081657,0.117,yes,260,no,190738057393689296,-6893312655932511481
N/A,motorway_link / 14086306,0.285,yes,350,no,185123397725407448,-6922977501072329165
N/A,motorway_link / 14090075,0.014,yes,255,no,189608307330207951,-6908960909739159751
N/A,motorway_link / 14093053,0.087,yes,169,no,189605558552711374,-6908934521468481733
N/A,motorway_link / 14099511,0.446,yes,287,no,193605030892361701,6916008042128473411
N/A,motorway_link / 14110723,0.042,yes,269,no,195339510130236157,-2310359057815308293
N/A,motorway_link / 14125428,0.250,yes,269,no,192995353186358993,-6906555165358156925
N/A,motorway_link / 14130327,0.373,yes,284,no,192347192693446057,-2281331962231641215
N/A,motorway_link / 14130462,0.100,yes,298,no,192581388826924566,-2280030139594035753
N/A,motorway_link / 14131725,0.266,yes,159,no,195469254240852790,-2295766339015405093
N/A,motorway_link / 14133474,0.389,yes,217,no,185565402825312670,6923972873676655503
N/A,motorway_link / 14136083,0.036,yes,335,no,183690737709827660,-6892512238359270289
N/A,motorway_link / 14146255,0.442,yes,251,no,184851269828036696,6922358787895462049
N/A,motorway_link / 14147671,0.566,yes,307,no,190062956332011932,-2289292435115729597
N/A,motorway_link / 14148117,0.009,yes,346,no,189951904789909868,2315044447123935323
N/A,motorway_link / 14149288,0.041,yes,58,no,191188307414176669,-2281551869005255895
N/A,motorway_link / 14154226,0.075,yes,124,no,190043164540752277,2317450178917831833
N/A,motorway_link / 14163467,0.480,yes,12,no,189607757714903247,6927214249365213547
N/A,motorway_link / 14169158,0.281,yes,187,no,183910639846114992,2329232522127354285
N/A,motorway_link / 14172350,0.361,yes,124,no,184425760250480536,2322635454344601021
N/A,motorway_link / 14172351,0.022,yes,167,no,184419163183859608,2322635454296366553
N/A,motorway_link / 14177619,0.195,yes,341,no,184937581645482115,-6911366658991846691
N/A,motorway_link / 14177620,0.029,yes,25,no,184939230909778052,-6911419435549979939
N/A,motorway_link / 14178436,0.252,yes,142,no,192815034896307840,-6892965202332996725
N/A,motorway_link / 14202728,0.017,yes,64,no,196482453883936005,-2298475531784418025
N/A,motorway_link / 14204477,0.333,yes,338,no,190061307550060957,-6896932250792745869
N/A,motorway_link / 14205738,0.164,yes,83,no,189981041846473079,-2296654765319253931
N/A,motorway_link / 14207569,0.006,yes,130,no,190191598425428441,2315893271014937051
N/A,motorway_link / 14210531,0.040,yes,357,no,183968914264377035,6943482601888820767
N/A,motorway_link / 14212307,0.010,yes,177,no,189603909400613069,-2296294126956572425
N/A,motorway_link / 14217941,0.348,yes,342,no,190061857641419165,-6894113102977029773
N/A,motorway_link / 14227601,0.408,yes,321,no,189429085036433534,-2313151839881661705
N/A,motorway_link / 14228923,0.003,yes,121,no,189607207818580175,6926097145538809657
N/A,motorway_link / 14230614,0.008,yes,108,no,189607757574394063,-6908960909741256903
N/A,motorway_link / 14230615,0.011,yes,112,no,189607207818580175,6926097145540906809
N/A,motorway_link / 14230618,0.020,yes,124,no,189606658063290575,2314415525157932857
N/A,motorway_link / 14235151,0.394,yes,247,no,192546201426023940,2306239567934521531
N/A,motorway_link / 14236324,0.440,yes,156,no,189597312047730889,2313069722891979943
N/A,motorway_link / 14239830,0.011,yes,270,no,189951904905253227,-2295669603024498157
N/A,motorway_link / 14242611,0.114,yes,24,no,189613804846928081,-2297635531102613855
N/A,motorway_link / 14245481,0.097,yes,358,no,194006354724214943,-2289855370068222883
N/A,motorway_link / 14246890,0.067,yes,260,no,189659984447492326,-2296681154829348793
N/A,motorway_link / 14250558,0.418,yes,83,no,190284507204637183,6927953123783742093
N/A,motorway_link / 14253496,0.469,yes,262,no,189985440008851830,-2295682797002550761
N/A,motorway_link / 14260202,0.470,yes,330,no,192537958280156674,6944758068084224045
N/A,motorway_link / 14280584,0.755,yes,230,no,190153115553583552,-2295533262760570269
N/A,motorway_link / 14287297,0.413,yes,31,no,194000307377232025,-2290172029435896839
N/A,motorway_link / 14290152,0.010,yes,259,no,193755117301356589,-6893299450292196597
N/A,motorway_link / 14311453,0.396,yes,102,no,194511028480989569,-6918997233143644835
N/A,motorway_link / 14318226,0.400,yes,102,no,190763894326776537,-6906651930881158321
N/A,motorway_link / 14332115,0.297,yes,171,no,184048628360365807,2327666818089494179
N/A,motorway_link / 14339328,0.386,yes,360,no,192680341697812037,2305060891956084337
N/A,motorway_link / 14345321,0.193,yes,119,no,188117369429249576,2313298415673412919
N/A,motorway_link / 14346285,0.212,yes,12,no,189597860939518154,-2305943441020813333
N/A,motorway_link / 14367078,0.264,yes,300,no,188420834634321585,-2298409591822611159
N/A,motorway_link / 14368867,0.077,yes,98,no,196826601244679585,-6908305573269204895
N/A,motorway_link / 14369564,0.302,yes,69,no,189426338170491002,2314525475651719031
N/A,motorway_link / 14374318,0.013,yes,267,no,193496180717082551,-6906687104861859005
N/A,motorway_link / 14382143,0.029,yes,191,no,192539607336310276,-2280447954178265825
N/A,motorway_link / 14393775,0.355,yes,290,no,196912363154791878,2315106046356492395
N/A,motorway_link / 14404559,0.032,yes,267,no,189854598006657343,-6908358376425516981
N/A,motorway_link / 14407042,0.014,yes,307,no,189607757574394063,6926097145540906807
N/A,motorway_link / 14412471,0.474,yes,154,no,196660025672949080,-6904668389427374331
N/A,motorway_link / 14418372,0.378,yes,121,no,195452763295013678,2330428834829052827
N/A,motorway_link / 14418972,0.419,yes,258,no,190732561212854987,2341617447155548053
N/A,motorway_link / 14422088,0.105,yes,300,no,192585237116573208,-6891724954099765807
N/A,motorway_link / 14426847,0.103,yes,147,no,184816085973944396,2315035631443513419
N/A,motorway_link / 14427235,0.301,yes,334,no,192694635408217674,6917230695562608475
N/A,motorway_link / 14427236,0.393,yes,11,no,192695734910408267,-6917994485486977189
N/A,motorway_link / 14451117,0.225,yes,282,no,192144879795131728,6918901951137579631
N/A,motorway_link / 14454267,0.061,yes,48,no,190049761609994648,2317436984803464349
N/A,motorway_link / 14462667,0.266,yes,23,no,184895800476780658,6925943195953008369
N/A,motorway_link / 14469287,0.388,yes,253,no,194507729948203392,2304379201740864883
N/A,motorway_link / 14472308,0.584,yes,241,no,189577519925645503,2305307170753740605
N/A,motorway_link / 14473247,0.061,yes,123,no,194249346683853069,-2290787754999539013
N/A,motorway_link / 14482828,0.036,yes,57,no,189912322376028505,-2296597590985142161
N/A,motorway_link / 14500544,0.109,yes,129,no,189739149287313674,6926717270606483533
N/A,motorway_link / 14513881,0.358,yes,182,no,192574241986139667,-6891892079919616589
N/A,motorway_link / 14513882,0.184,yes,167,no,192572042970748435,2331611898330492339
N/A,motorway_link / 14516793,0.016,yes,287,no,184983760740632728,-2303005563554888437
N/A,motorway_link / 14530173,0.094,yes,157,no,190044813746852246,2316940005526737837
N/A,motorway_link / 14530365,0.324,yes,152,no,190545644759372408,-6877330155649349817
N/A,motorway_link / 14530366,0.364,yes,202,no,190546194524099192,-6877330155649349743
N/A,motorway_link / 14535518,0.299,yes,337,no,183893047757063847,-2281569489005827325
N/A,motorway_link / 14536214,0.298,yes,209,no,194243849122044170,2320871875108936375
N/A,motorway_link / 14555703,0.055,yes,228,no,190036017445163410,2315176388844327065
N/A,motorway_link / 14558008,0.385,yes,286,no,191100344510010226,-6909783338713608771
N/A,motorway_link / 14568332,0.321,yes,299,no,192118491573736770,-2303981902642543813
N/A,motorway_link / 14573985,0.331,yes,321,no,191029975837659988,6925899238887919297
N/A,motorway_link / 14587891,0.246,yes,89,no,189996435127751039,-6907368815423647215
N/A,motorway_link / 14597504,0.332,yes,49,no,190777638225269473,-2294970310454144151
N/A,motorway_link / 14600495,0.049,yes,8,no,185011248634087589,6921224092472313495
N/A,motorway_link / 14602329,0.096,yes,190,no,189607207782928591,6925784884238618293
N/A,motorway_link / 14605005,0.042,yes,115,no,185043684125919411,-2302987971140254449
N/A,motorway_link / 14608859,0.325,yes,114,no,186422472258177827,-2298365618976453313
N/A,motorway_link / 14609279,0.318,yes,256,no,190056358203707803,6925160363345317267
N/A,motorway_link / 14614202,0.317,yes,77,no,195000860244269665,6910444518606107507
N/A,motorway_link / 14614203,0.294,yes,107,no,194988765616364123,-2312909926110858389
N/A,motorway_link / 14624402,0.218,yes,147,no,196663873581440343,2315572238317785397
N/A,motorway_link / 14624403,0.063,yes,123,no,196660025293888854,2315581034391933257
N/A,motorway_link / 14627192,0.281,yes,88,no,189580268701569217,6916993189166448397
N/A,motorway_link / 14642354,0.017,yes,57,no,189607757574918351,6926097145540906811
N/A,motorway_link / 14642355,0.004,yes,66,no,189607207818580175,6926097145538809657
N/A,motorway_link / 14642356,0.011,yes,74,no,189607207818580175,2314411127111421753
N/A,motorway_link / 14642357,0.008,yes,72,no,189606658062766287,2314411127109324601
N/A,motorway_link / 14648110,0.328,yes,316,no,196425279382576362,6925802502444027537
N/A,motorway_link / 14681548,0.057,yes,296,yes,192554997519570443,6917938780509831351
N/A,motorway_link / 14685936,0.021,yes,109,no,183935378942150331,-2281710226347382049
N/A,motorway_link / 14689182,0.323,yes,150,no,185108005373692111,-2304483306704469431
N/A,motorway_link / 14704908,0.165,yes,70,no,189816664685105453,2313584295176834501
N/A,motorway_link / 14708043,0.044,yes,225,no,194949735041292876,-6907091719591816561
N/A,motorway_link / 14718833,0.008,yes,141,no,192811736364570240,-6892965202358162525
N/A,motorway_link / 14721094,0.371,yes,201,no,190171806973383118,-2297873023483507119
N/A,motorway_link / 14725314,0.451,yes,81,no,191833171003266239,6941978500019530615
N/A,motorway_link / 14732963,0.078,yes,194,no,194002506432469149,-2289886156410577823
N/A,motorway_link / 14758158,0.384,yes,78,no,194382936855370055,-6906612334659103891
N/A,motorway_link / 14777016,0.268,yes,158,no,192570943460169233,6943306712850902451
N/A,motorway_link / 14781848,0.365,yes,262,no,195714996487936933,6939322094726424253
N/A,motorway_link / 14792687,0.289,yes,270,no,189947506744971623,6926748057743659103
N/A,motorway_link / 14794074,0.113,yes,274,no,190463727631422035,-2295137437435817211
N/A,motorway_link / 14809053,0.032,yes,24,no,196669371103403354,-2296443633583255371
N/A,motorway_link / 14820442,0.108,yes,110,no,192120693289211205,-6893105942474249377
N/A,motorway_link / 14820596,0.567,yes,46,no,196669371525455193,2318721239676360451
N/A,motorway_link / 14820937,0.005,yes,159,no,190191598425428441,2315893271014937051
N/A,motorway_link / 14821245,0.104,yes,196,no,192539057578399236,2331211675970055453
N/A,motorway_link / 14842505,0.020,yes,180,no,189607207780831439,6925780486190010027
N/A,motorway_link / 14844453,0.372,yes,152,no,192576441066018323,-2279647509564346781
N/A,motorway_link / 14859153,0.103,yes,274,no,187864481758006709,-2298365613490303673
N/A,motorway_link / 14869747,0.145,yes,208,no,189436233785626752,-2297081377915400289
N/A,motorway_link / 14872967,0.256,yes,265,no,185172877297404140,6925032801386368345
N/A,motorway_link / 14888721,0.329,yes,159,no,185156933091674342,-6920778477695141353
N/A,motorway_link / 14898660,0.413,yes,8,no,192031630399984925,-6913688800490158335
N/A,motorway_link / 14903042,0.022,yes,85,no,189088788044140515,6925745299842403995
N/A,motorway_link / 14903536,0.178,yes,14,no,184613776144812016,6929294506308146427
N/A,motorway_link / 14908563,0.028,yes,237,yes,195125655149566620,-6921785592316430221
N/A,motorway_link / 14909132,0.050,yes,114,no,185188270000916725,6921184510728996475
N/A,motorway_link / 14933576,0.077,yes,106,yes,196900818276933059,6926730492065615959
N/A,motorway_link / 14941763,0.383,yes,75,no,190749603641512659,2341591058939395977
N/A,motorway_link / 14944253,0.407,yes,198,no,189597311807606985,-2300731755907249853
N/A,motorway_link / 14954520,0.016,yes,242,no,194523674332191114,-2295009878607916225
N/A,motorway_link / 14961416,0.031,yes,75,no,189876038482874697,6926695280891924553
N/A,motorway_link / 14965009,0.011,yes,281,no,189606108306952398,-2297274891318063303
N/A,motorway_link / 14979427,0.092,yes,125,no,189436783533052032,-2297129756429119627
N/A,motorway_link / 14985399,0.299,yes,52,no,191152021915653003,6928260990338339613
N/A,motorway_link / 14985401,0.014,yes,87,no,191145974599603083,2316574971866911505
N/A,motorway_link / 14985402,0.015,yes,96,no,191145424843789194,-2295111046562573551
N/A,motorway_link / 14993625,0.157,yes,92,no,189913971638751577,6926739261512224859
N/A,motorway_link / 14997731,0.272,yes,345,no,190047012837216662,-6905847091129477981
N/A,motorway_link / 15001675,0.151,yes,177,no,184471939674359727,-2289595921694974771
N/A,motorway_link / 15015646,0.396,yes,112,no,194777112228485626,-2291086820125959643
N/A,motorway_link / 15018400,0.375,yes,205,no,184003548736472793,-2281138480034599923
N/A,motorway_link / 15028028,0.194,yes,202,no,196660575052848470,2315581034394030433
N/A,motorway_link / 15033335,0.377,yes,254,no,192807339613050491,2341256815252094711
N/A,motorway_link / 15034762,0.028,yes,345,no,185601137077995953,-6910003262046335651
N/A,motorway_link / 15056458,0.343,yes,290,no,194253744241203469,6928494098639754095
N/A,motorway_link / 15057472,0.243,yes,35,no,185474143286282614,-2300014890048288141
N/A,motorway_link / 15057911,0.041,yes,123,no,184418613428045719,6934330268816776661
N/A,motorway_link / 15060906,0.335,yes,78,no,193762813880653869,-2281639820089349369
N/A,motorway_link / 15067159,0.351,yes,72,no,189542336700698799,2314956484658597953
N/A,motorway_link / 15069650,0.071,yes,234,no,183892497996531368,2330037364569680639
N/A,motorway_link / 15082234,0.399,yes,202,no,184929885214034049,2313192850408344881
N/A,motorway_link / 15083766,0.368,yes,358,no,192780951300429426,-2270745862652019069
N/A,motorway_link / 15097520,0.313,yes,89,no,189796323887763746,6926677688424861761
N/A,motorway_link / 15101563,0.436,yes,32,no,189815015424479534,-6909752557305852473
N/A,motorway_link / 15116868,0.068,yes,197,no,189603909401661645,-2296294126954475265
N/A,motorway_link / 15117405,0.302,yes,23,no,196655077914139990,2319108267687548813
N/A,motorway_link / 15118994,0.045,yes,221,no,183842470303450769,6942449060478463049
N/A,motorway_link / 15123307,0.305,yes,349,no,196663873650646360,2316170372639101493
N/A,motorway_link / 15123308,0.347,yes,10,no,196663873640684888,2316007644918190645
N/A,motorway_link / 15146819,0.409,yes,226,no,192466490177443298,2334343084798653085
N/A,motorway_link / 15152689,0.120,yes,264,no,187849638351031727,2313316006836047177
N/A,motorway_link / 15157179,0.047,yes,273,no,192578090293089814,2331660276865183195
N/A,motorway_link / 15167081,0.304,yes,359,no,190042614523318677,2315286340028076197
N/A,motorway_link / 15178607,0.231,yes,244,no,194945336992160328,-2295427691403275637
N/A,motorway_link / 15178608,0.030,yes,279,no,194949735040768588,-6907091719593913717
N/A,motorway_link / 15180002,0.099,yes,303,no,183899095067346602,-2281631061644399875
N/A,motorway_link / 15183728,0.337,yes,344,no,183973862010603212,-2280316045450269387
N/A,motorway_link / 15187112,0.437,yes,138,no,192143230526117198,-6916142909992467885
N/A,motorway_link / 15187113,0.536,yes,202,no,192141581272307022,-6916142910013439309
N/A,motorway_link / 15209526,0.093,yes,277,no,195460456411388724,6913030571691079683
N/A,motorway_link / 15244035,0.260,yes,198,no,184419712943867799,-6900727786465387019
N/A,motorway_link / 15244637,0.404,yes,247,no,191306503299355600,2316588166646076195
N/A,motorway_link / 15249421,0.204,yes,86,no,189906275057357141,6926734863440547933
N/A,motorway_link / 15251195,0.180,yes,205,no,190088245304447401,-6899346778230874015
N/A,motorway_link / 15257154,0.033,yes,16,no,192577540533081622,2331620694442388943
N/A,motorway_link / 15262690,0.208,yes,340,no,194231754712242437,-2288966963808952861
N/A,motorway_link / 15266523,0.113,yes,94,no,190439538375086664,-6906827854001990911
N/A,motorway_link / 15276744,0.060,yes,272,no,183940876500289214,2329975792105171679
N/A,motorway_link / 15282251,0.207,yes,66,no,196193832343264384,-2296294101801234179
N/A,motorway_link / 15297785,0.016,yes,30,no,185108005572397265,2308829988925736271
N/A,motorway_link / 15297786,0.007,yes,30,no,185107455816059089,2308825590877128015
N/A,motorway_link / 15309253,0.252,yes,149,no,194237252259895559,-6900740943141397061
N/A,motorway_link / 15313836,0.032,yes,95,no,189854598005608767,6926690882763624519
N/A,motorway_link / 15314135,0.307,yes,267,no,189824911189037359,6926668892440891455
N/A,motorway_link / 15314438,0.398,yes,32,no,189463170070433933,2299893175043487129
N/A,motorway_link / 15328598,0.063,yes,142,no,190191048670138840,6927592483581858267
N/A,motorway_link / 15331415,0.257,yes,347,no,183912838866224817,6940958122983827843
N/A,motorway_link / 15346507,0.437,yes,5,no,185012897908869285,6921237286616041161
N/A,motorway_link / 15351818,0.243,yes,117,no,196489050951605510,-6910165948220568313
N/A,motorway_link / 15351819,0.045,yes,56,no,196483003639225605,-2298484327873245931
N/A,motorway_link / 15353046,0.615,yes,227,no,190058009454006678,-6893308260469691603
N/A,motorway_link / 15358192,0.383,yes,270,no,189943108697936228,6926743659686662239
N/A,motorway_link / 15379002,0.052,yes,315,no,183850716636989077,6942422672230853685
N/A,motorway_link / 15382837,0.022,yes,321,no,184601681644832746,-2292978018969184551
N/A,motorway_link / 15384770,0.065,yes,272,no,189915620908290394,-2296619581205114781
N/A,motorway_link / 15391333,0.286,yes,92,no,189904625790439763,-2296628377321205667
N/A,motorway_link / 15395909,0.329,yes,148,no,196453867742387445,-2288729460841636261
N/A,motorway_link / 15408965,0.356,yes,64,no,189913973428146519,-2281648630862435577
N/A,motorway_link / 15409110,0.009,yes,0,no,189609406958751952,6927077909919174903
N/A,motorway_link / 15412229,0.313,yes,135,no,196421980839828712,-2297644301214019981
N/A,motorway_link / 15416611,0.037,yes,147,no,194001956634187933,-2290229204038444103
N/A,motorway_link / 15423462,0.325,yes,96,no,189689671260393713,-6908375969217638335
N/A,motorway_link / 15431139,0.092,yes,51,no,194229005943134469,2322763035075157525
N/A,motorway_link / 15447463,0.044,yes,93,no,189776532679512348,2315000465994027077
N/A,motorway_link / 15449150,0.295,yes,220,no,190296052081971718,2316311085821465247
N/A,motorway_link / 15459173,0.019,yes,187,no,190531350652080755,-6881191640546918257
N/A,motorway_link / 15461411,0.070,yes,57,no,190036567199404434,2315163194706890899
N/A,motorway_link / 15477683,0.339,yes,241,no,194649570042534337,2330332074739772303
N/A,motorway_link / 15478720,0.397,yes,116,no,189318038125367368,2330068171617217273
N/A,motorway_link / 15481193,0.335,yes,331,no,184024439140206307,-6895401753629415635
N/A,motorway_link / 15491319,0.354,yes,158,no,190182252590748115,-6907320436190604803
N/A,motorway_link / 15491566,0.360,yes,117,no,189726506695610626,2330063775126792957
N/A,motorway_link / 15494001,0.058,yes,322,no,190167958960558542,2316192338091709021
N/A,motorway_link / 15514594,0.463,yes,117,no,192826579739563650,-2281547464686163179
N/A,motorway_link / 15535690,0.109,yes,232,no,192546754181289479,6943082412386561389
N/A,motorway_link / 15535834,0.419,yes,333,no,192577540588131860,-2279550752528519543
N/A,motorway_link / 15541543,0.368,yes,340,no,190049211799654807,-2294658051945262153
N/A,motorway_link / 15543197,0.259,yes,269,no,189221828972072989,-6909141231099441431
N/A,motorway_link / 15550646,0.267,yes,290,no,188589609670233854,6924962445680184621
N/A,motorway_link / 15554952,0.237,yes,267,no,191933227811296496,2340808211152518685
N/A,motorway_link / 15574313,0.059,yes,360,no,189614354605363410,-6909295161250935127
N/A,motorway_link / 15574597,0.292,yes,118,no,194015150766381217,2321404037897919381
N/A,motorway_link / 15575093,0.306,yes,152,no,184736371439650854,-6907821834265161439
N/A,motorway_link / 15580215,0.306,yes,282,no,194254294485653773,-2290783356913182023
N/A,motorway_link / 15582911,0.195,yes,231,no,192573692245005843,6943315508960701917
N/A,motorway_link / 15587415,0.015,yes,94,no,193496180711315383,-2295049464943996115
N/A,motorway_link / 15590601,0.193,yes,282,no,185605535123982769,-2298321641636098729
N/A,motorway_link / 15599135,0.286,yes,55,no,191421951452468233,6923484712852785821
N/A,motorway_link / 15599899,0.028,yes,230,no,195461007906790197,2315937271583347185
N/A,motorway_link / 15604561,0.297,yes,237,no,190765543596839643,-6906638736745819287
N/A,motorway_link / 15604562,0.035,yes,264,no,190771590913413856,-6906603552369536151
N/A,motorway_link / 15618455,0.304,yes,199,no,196762829530946948,2314701425479782367
N/A,motorway_link / 15629134,0.369,yes,249,no,193938184390924413,6928362156040655689
N/A,motorway_link / 15640505,0.220,yes,7,no,185196516342843641,6921193306855573149
N/A,motorway_link / 15640506,0.019,yes,316,no,185195966583359737,6921193306851378819
N/A,motorway_link / 15653469,0.410,yes,310,no,192666600925648443,-2280434759529124605
N/A,motorway_link / 15656618,0.166,yes,357,no,184477437225158578,6933718940576128175
N/A,motorway_link / 15658710,0.072,yes,294,no,184750115330803758,2315488629984596255
N/A,motorway_link / 15660068,0.349,yes,239,no,189449427927781508,-6908749804087537747
N/A,motorway_link / 15679710,0.361,yes,253,no,195106963118447248,-2312905527609265281
N/A,motorway_link / 15681726,0.547,yes,305,no,189629197976686804,-6909559043940938217
N/A,motorway_link / 15685805,0.201,yes,66,no,189835356548452661,-6908411153046564801
N/A,motorway_link / 15697455,0.395,yes,273,no,189627548853948628,-2296681154927914941
N/A,motorway_link / 15706713,0.067,yes,25,no,190052510219194777,-6907364417159032299
N/A,motorway_link / 15707762,0.261,yes,64,no,188420834632748721,-2298466766425158361
N/A,motorway_link / 15707763,0.026,yes,104,no,188415886827802289,6924905270391868699
N/A,motorway_link / 15711696,0.055,yes,57,no,195124005885270683,-6921763602090166145
N/A,motorway_link / 15716536,0.381,yes,66,no,193952478039988355,-2295031870987955395
N/A,motorway_link / 15716546,0.261,yes,74,no,192550049714099721,-6917172051332562771
N/A,motorway_link / 15721902,0.413,yes,277,no,194375238789192003,-6919045612171166389
N/A,motorway_link / 15737077,0.223,yes,80,no,195528627868752722,2315906485532496355
N/A,motorway_link / 15742186,0.031,yes,57,no,184940330421405828,-2299737815162811685
N/A,motorway_link / 15747816,0.403,yes,108,no,192331249772221858,6942000492145814385
N/A,motorway_link / 15756504,0.355,yes,256,no,191084951347221356,2313575503938719171
N/A,motorway_link / 15758554,0.387,yes,348,no,194002506394720413,-2290145641135858755
N/A,motorway_link / 15761616,0.062,yes,64,no,183968914046797514,-6893396244644746527
N/A,motorway_link / 15772740,0.184,yes,273,no,193013495128217306,-6906550767246634113
N/A,motorway_link / 15774814,0.026,yes,161,no,196772175301664137,-6909290735897407839
N/A,motorway_link / 15778939,0.008,yes,321,no,192815584656840322,6942106047078214569
N/A,motorway_link / 15781681,0.330,yes,332,no,196765028511735173,-2297266067905442023
N/A,motorway_link / 15781682,0.018,yes,338,no,196768876797713799,-2297345232740544745
N/A,motorway_link / 15786653,0.103,yes,188,no,196457716993580282,6942677807018290361
N/A,motorway_link / 15795133,0.224,yes,240,no,190014027202646406,-6908288007060582279
N/A,motorway_link / 15795533,0.667,yes,150,no,192658904386197046,2331616296708353419
N/A,motorway_link / 15809919,0.067,yes,182,no,185009599366121636,-6913842758909163883
N/A,motorway_link / 15818971,0.033,yes,159,no,184591786035464166,-6904712415945943351
N/A,motorway_link / 15820360,0.251,yes,200,no,190047562426831254,-6907298446478142905
N/A,motorway_link / 15821792,0.104,yes,121,no,192750163772135011,-2280782204901512065
N/A,motorway_link / 15828645,0.732,yes,245,no,193996459085486228,2321522785082416133
N/A,motorway_link / 15831614,0.330,yes,338,no,194516527230835079,6926092766230351635
N/A,motorway_link / 15834346,0.396,yes,63,no,190293853056619015,6927983910140777123
N/A,motorway_link / 15841434,0.311,yes,88,no,192837022058632841,6916302708304510423
N/A,motorway_link / 15846759,0.236,yes,200,no,192536858547279362,6942818529551854855
N/A,motorway_link / 15848252,0.055,yes,22,no,192464840914720226,-6889037748144950621
N/A,motorway_link / 15852276,0.041,yes,285,no,184923287617357949,2308821192130168139
N/A,motorway_link / 15855361,0.137,yes,5,no,189607757687115983,6927025133356847343
N/A,motorway_link / 15860663,0.290,yes,14,no,192682540731029061,6916746910393958077
N/A,motorway_link / 15882727,0.203,yes,102,no,193018994267608797,2330085777908706059
N/A,motorway_link / 15905988,0.020,yes,346,no,189614354606411986,-6909277569064890709
N/A,motorway_link / 15911025,0.323,yes,346,no,192340596154258857,-2276859148978080935
N/A,motorway_link / 15915052,0.350,yes,116,no,191000838307664709,-2301453030160070717
N/A,motorway_link / 15921039,0.700,yes,355,no,185115701740652757,2305373124403658495
N/A,motorway_link / 15928867,0.231,yes,284,no,190028870615912844,-2296544813969829755
N/A,motorway_link / 15935012,0.391,yes,105,no,185035987539282092,-2303027553563048715
N/A,motorway_link / 15936144,0.009,yes,280,yes,189822713042391345,2322336407746518349
N/A,motorway_link / 15937049,0.222,yes,24,no,183986506256434898,-6893224720757413053
N/A,motorway_link / 15944774,0.372,yes,192,no,194243299207895306,6931176906944419945
N/A,motorway_link / 15948154,0.312,yes,117,no,195301027238468329,-2310213922412562389
N/A,motorway_link / 15948155,0.404,yes,122,no,195289482373192419,-6921851562370271171
N/A,motorway_link / 15950263,0.021,yes,269,no,195341159397677822,-6922045076238501893
N/A,motorway_link / 15959184,0.556,yes,48,no,185426864220227934,-6912281450776622719
N/A,motorway_link / 15972617,0.011,yes,151,no,190022823300911500,2315141204417712261
N/A,motorway_link / 15979585,0.400,yes,110,no,194048686930614447,2330288091988765535
N/A,motorway_link / 15995922,0.028,yes,283,no,196774924083355018,-6909264347607855441
N/A,motorway_link / 16009309,0.037,yes,256,no,195633631214525315,-6907584298192203349
N/A,motorway_link / 16009310,0.045,yes,314,no,195635280481966980,6927473757094154665
N/A,motorway_link / 16010756,0.204,yes,108,no,187696806225857896,-6910122001295209183
N/A,motorway_link / 16018323,0.057,yes,295,yes,192551149222581769,-6917172051347242849
N/A,motorway_link / 16032255,0.044,yes,1,no,196242212657388696,-6892850840062645285
N/A,motorway_link / 16038600,0.216,yes,43,no,185462598403180913,6923273583882930757
N/A,motorway_link / 16046136,0.319,yes,235,no,190048112178450838,-6907342426920185301
N/A,motorway_link / 16046145,0.344,yes,202,no,190067354527420831,2323537075383574421
N/A,motorway_link / 16076437,0.356,yes,191,no,190046463020585366,2316940005535126495
N/A,motorway_link / 16080184,0.294,yes,15,no,185630823881460158,-6910130805279814331
N/A,motorway_link / 16082264,0.495,yes,117,no,193979966408448143,6933208803467860947
N/A,motorway_link / 16086833,0.360,yes,249,no,194240000345856262,-2294899928500006021
N/A,motorway_link / 16091432,0.384,yes,244,no,189899679778558288,-6893303863018771691
N/A,motorway_link / 16093444,0.087,yes,198,no,196668821348113754,6926928403269423293
N/A,motorway_link / 16096213,0.047,yes,144,yes,184932083715623041,2308869570675344731
N/A,motorway_link / 16106227,0.174,yes,56,no,187666019900280155,6924914063634861353
N/A,motorway_link / 16112636,0.025,yes,284,no,183841920547636881,6942449060476365893
N/A,motorway_link / 16117520,0.373,yes,202,no,190058558770991515,2326360621210150043
N/A,motorway_link / 16125178,0.257,yes,308,no,187453264411315449,-2298334828725007033
N/A,motorway_link / 16150708,0.053,yes,257,no,190920574735831844,2316742096776598367
N/A,motorway_link / 16153827,0.578,yes,341,no,196664423282203992,6926844840402489433
N/A,motorway_link / 16161274,0.143,yes,125,no,194243849128335626,-2290761366735152447
N/A,motorway_link / 16163245,0.309,yes,282,no,189741899860496649,-6893286271438804213
N/A,motorway_link / 16168273,0.049,yes,278,no,192124541582005575,-6893088350277719191
N/A,motorway_link / 16181735,0.169,yes,260,no,190028870616961421,6926844815066796175
N/A,motorway_link / 16183888,0.294,yes,125,no,195159192000617129,6927931152131953261
N/A,motorway_link / 16199947,0.323,yes,73,no,189915621760258392,-6901167570124006119
N/A,motorway_link / 16201425,0.326,yes,356,no,195279587769408226,-6913420507265104089
N/A,motorway_link / 16230534,0.177,yes,231,no,190021174031896970,2315114816142839941
N/A,motorway_link / 16234165,0.207,yes,215,no,193949179504580739,-2295031871040384195
N/A,motorway_link / 16243177,0.457,yes,114,no,192224596135073137,6933556242441837671
N/A,motorway_link / 16247407,0.250,yes,356,no,189500003871445150,-6922106671173994501
N/A,motorway_link / 16247408,0.342,yes,45,no,189496155572883611,2301190598890092511
N/A,motorway_link / 16266360,0.385,yes,236,no,189816114929815853,2313628275625168333
N/A,motorway_link / 16267321,0.007,yes,266,no,189536289390416046,-2296672359214477237
N/A,motorway_link / 16271596,0.263,yes,101,no,194181177173170412,-2289028536638366243
N/A,motorway_link / 16274783,0.404,yes,190,no,192028881633498395,-2301901627005597905
N/A,motorway_link / 16280998,0.370,yes,167,no,194299374029330724,6928991078048601139
N/A,motorway_link / 16287362,0.167,yes,5,no,196462115050577148,-6892301083407799067
N/A,motorway_link / 16288283,0.402,yes,215,no,196672119897152858,-6908046089114349309
N/A,motorway_link / 16293760,0.226,yes,330,no,196665522855697752,2315633810975232333
N/A,motorway_link / 16298269,0.352,yes,159,no,196248257953881241,-2298040126064816713
N/A,motorway_link / 16321491,0.382,yes,285,no,191513760626201646,-2300239167360071187
N/A,motorway_link / 16322881,0.267,yes,356,no,194001956640479389,-2290145641150538811
N/A,motorway_link / 16327067,0.303,yes,351,no,189607207964856527,2315673366466400619
N/A,motorway_link / 16363488,0.399,yes,76,no,191100894263726962,-2298132504656212549
N/A,motorway_link / 16369272,0.038,yes,218,no,184739120214001705,6927165852272824609
N/A,motorway_link / 16379131,0.386,yes,222,no,185119549434710228,6912010185461462615
N/A,motorway_link / 16389187,0.528,yes,198,no,189605008891269324,-6908217639887171387
N/A,motorway_link / 16400826,0.071,yes,292,no,184434006591358878,6934334666926202327
N/A,motorway_link / 16413254,0.047,yes,231,no,184922188105730172,6920502812506850635
N/A,motorway_link / 16414929,0.058,yes,210,no,189951355149439339,6927702433828180503
N/A,motorway_link / 16415643,0.600,yes,295,no,189823261761163564,-6909730567010382381
N/A,motorway_link / 16416942,0.033,yes,195,no,184983210985343128,6920366473295693071
N/A,motorway_link / 16446291,0.017,yes,107,no,184982661224810648,6920331288923604219
N/A,motorway_link / 16447426,0.264,yes,191,no,189350469887938649,-2313798353033367043
N/A,motorway_link / 16447427,0.419,yes,248,no,189357616721383515,2297953636139921947
N/A,motorway_link / 16447834,0.030,yes,188,no,196661674567621975,6927311033286529381
N/A,motorway_link / 16448490,0.430,yes,318,no,184937032045906050,-6910034050873815755
N/A,motorway_link / 16458082,0.344,yes,17,no,190061857631981981,-6894280228744451725
N/A,motorway_link / 16458766,0.304,yes,185,no,194533018602920334,-6919969201370170419
N/A,motorway_link / 16464060,0.323,yes,355,no,189607757581734095,2314512282187468611
N/A,motorway_link / 16464701,0.030,yes,34,no,186429069325847337,-2298392007253422785
N/A,motorway_link / 16473897,0.014,yes,75,no,189606108306952398,-2297274891318063303
N/A,motorway_link / 16481649,0.058,yes,89,no,185044783632828596,2308654066828313855
N/A,motorway_link / 16484194,0.360,yes,21,no,190069003785425312,-6899918524340232337
N/A,motorway_link / 16493561,0.033,yes,137,no,191314749632369623,-6906810258483571959
N/A,motorway_link / 16493562,0.026,yes,108,no,191313650121266135,2316561778367009547
N/A,motorway_link / 16498570,0.063,yes,14,no,190053609732395418,2316020813837373981
N/A,motorway_link / 16499535,0.007,yes,326,no,192660553616414267,-2280434759577359069
N/A,motorway_link / 16501264,0.123,yes,358,no,192540706845316613,6942893296355126557
N/A,motorway_link / 16507276,0.026,yes,299,no,192752912464172645,-6893202697092060361
N/A,motorway_link / 16509746,0.290,yes,339,no,183978260048201422,-6892085626742493931
N/A,motorway_link / 16520762,0.326,yes,326,no,193570399055861719,-2284027960091466079
N/A,motorway_link / 16544898,0.356,yes,109,no,194648470528809408,-6893044360161514635
N/A,motorway_link / 16551400,0.024,yes,119,no,187972783649148391,-2298405195504153289
N/A,motorway_link / 16556690,0.086,yes,302,no,183899644822636202,-2281635459690910979
N/A,motorway_link / 16575194,0.307,yes,181,no,185140440666294495,-2307003387237892659
N/A,motorway_link / 16592076,0.025,yes,358,no,184922737862068349,2308816794079462731
N/A,motorway_link / 16596738,0.340,yes,278,no,190473624845636182,2330059379930311423
N/A,motorway_link / 16597191,0.104,yes,45,no,189436783534100608,-2297129756429119613
N/A,motorway_link / 16601143,0.432,yes,73,no,192852415222994575,2304625486037253601
N/A,motorway_link / 16603085,0.440,yes,315,no,193000849280161491,2304559515903720865
N/A,motorway_link / 16614933,0.362,yes,357,no,196435724672261360,-6909840492986364545
N/A,motorway_link / 16627721,0.332,yes,75,no,194957431618493005,6927922355275567743
N/A,motorway_link / 16628371,0.062,yes,172,no,184922188107303036,-2302847234115369653
N/A,motorway_link / 16636457,0.029,yes,320,no,192299362329646487,-6906519983657839731
N/A,motorway_link / 16641246,0.217,yes,331,no,184096457066366724,2327240207770854893
N/A,motorway_link / 16646927,0.008,yes,350,no,189611056195784913,2315136804800434307
N/A,motorway_link / 16681560,0.043,yes,175,no,196658926202215766,6930781091975403407
N/A,motorway_link / 16682861,0.341,yes,75,no,195348306224306943,2301326960668702717
N/A,motorway_link / 16695056,0.046,yes,223,no,190038216469467539,2315185184943640733
N/A,motorway_link / 16699985,0.199,yes,250,no,192552801497339401,2331413986174578037
N/A,motorway_link / 16717640,0.099,yes,131,no,183952421368710851,2329953801914559181
N/A,motorway_link / 16724033,0.168,yes,240,no,189615454083436753,-2297895015829991895
N/A,motorway_link / 16726587,0.292,yes,76,no,191324645239116761,-6906805860378340591
N/A,motorway_link / 16733484,0.304,yes,166,no,194500034405947775,6924821730719435987
N/A,motorway_link / 16760535,0.266,yes,269,no,189907924326895957,6926752455637078115
N/A,motorway_link / 16767440,0.215,yes,269,no,188209728412274257,-2298343621932348081
N/A,motorway_link / 16776096,0.014,yes,37,no,185107455816059089,2308825590877128013
N/A,motorway_link / 16777424,0.081,yes,169,no,190187749976920535,2314578255095533435
N/A,motorway_link / 16779529,0.447,yes,91,no,195116309299681940,6913246074682472561
N/A,motorway_link / 16780901,0.096,yes,232,no,189526943534764202,2314952086532395061
N/A,motorway_link / 16789544,0.326,yes,264,no,189901877865959762,6933916873384795421
N/A,motorway_link / 16796694,0.158,yes,287,no,195446162762324781,2301370941490329609
N/A,motorway_link / 16809804,0.076,yes,67,no,193991511280539800,-6901866843989861417
N/A,motorway_link / 16816825,0.373,yes,103,no,191037675702145878,6953413417905438645
N/A,motorway_link / 16821004,0.066,yes,271,yes,194955784038210126,-2281283573794198623
N/A,motorway_link / 16827605,0.059,yes,96,no,183783096681842294,6942501836814298203
N/A,motorway_link / 16829681,0.333,yes,26,no,190061856869142941,6934383066912661013
N/A,motorway_link / 16830033,0.487,yes,257,no,190989845510312767,6941358372242336353
N/A,motorway_link / 16845593,0.370,yes,250,no,191519808554619953,-2295111045107150051
N/A,motorway_link / 16845594,0.035,yes,224,no,191528054893925432,-6906770675251277023
N/A,motorway_link / 16849413,0.248,yes,23,no,188688016002862891,-2298092931465081381
N/A,motorway_link / 16849885,0.019,yes,175,no,184895800474683504,-2297433238962958605
N/A,motorway_link / 16851430,0.412,yes,171,no,192028881620915483,-2301901627003500845
N/A,motorway_link / 16855312,0.019,yes,253,no,192751812952544869,2330169339758521143
N/A,motorway_link / 16864685,0.038,yes,138,no,194001956634187933,-2290229204038444103
N/A,motorway_link / 16877008,0.306,yes,331,no,185143739200653536,6916359853549026765
N/A,motorway_link / 16879074,0.179,yes,67,no,187704502807252332,6924918461828173097
N/A,motorway_link / 16890633,0.366,yes,345,no,194302672575224101,-2294292997861272483
N/A,motorway_link / 16891142,0.293,yes,259,no,185576947702122915,-2299337590482924645
N/A,motorway_link / 16897560,0.440,yes,167,no,192337847364179367,-2276938313827863769
N/A,motorway_link / 16897566,0.412,yes,197,no,192337297620424103,-2276938313827863673
N/A,motorway_link / 16902093,0.356,yes,260,no,190458781438661199,2330050583782763269
N/A,motorway_link / 16908109,0.232,yes,197,no,189596761436278985,6917498964571848715
N/A,motorway_link / 16909182,0.199,yes,14,no,189730904741597448,-2281644233531053303
N/A,motorway_link / 16912442,0.045,yes,113,no,185044233874393267,-2303053941837921037
N/A,motorway_link / 16919502,0.311,yes,354,no,196774924078112138,-2297587125271392633
N/A,motorway_link / 16927151,0.260,yes,108,no,194957983064087117,-2281257185515131999
N/A,motorway_link / 16933447,0.234,yes,208,no,184183868122810155,-2285483749305998269
N/A,motorway_link / 16944017,0.154,yes,341,no,189438982565744770,-6908723415865094247
N/A,motorway_link / 16944064,0.386,yes,322,no,194215262067185916,-6900393497540420017
N/A,motorway_link / 16947369,0.381,yes,300,no,192734768932148826,2316838860745610109
N/A,motorway_link / 16950009,0.054,yes,270,no,194375240275548487,2316786090420212593
N/A,motorway_link / 16952275,0.337,yes,343,no,190197645735711194,-2295779553241460293
N/A,motorway_link / 16956966,0.429,yes,22,no,191937076097799410,6952384278438100505
N/A,motorway_link / 16957238,0.197,yes,197,no,195466507192458038,2330415640706296755
N/A,motorway_link / 16975761,0.412,yes,157,no,193749069560633384,-6896835479693417315
N/A,motorway_link / 16984359,0.156,yes,163,no,189607757534023887,6925780486196301463
N/A,motorway_link / 16991312,0.240,yes,118,no,195886518881049588,-6907645869866086009
N/A,motorway_link / 16999772,0.394,yes,140,no,193365340230080377,6940118132175415301
N/A,motorway_link / 17000218,0.346,yes,152,no,194236152462006534,-6903129082405316239
N/A,motorway_link / 17002936,0.093,yes,322,no,188685267227987755,-2298022562733486627
N/A,motorway_link / 17012777,0.329,yes,299,no,196477506088426752,-2298400764989534937
N/A,motorway_link / 17012778,0.026,yes,349,no,196484103155571974,-6910130763882033881
N/A,motorway_link / 17017723,0.066,yes,68,no,189433484998168703,-6908824570960015493
N/A,motorway_link / 17018059,0.030,yes,113,no,196457167239863546,2331022574916480185
N/A,motorway_link / 17023163,0.278,yes,65,no,195384591848135440,2315919679124673007
N/A,motorway_link / 17025660,0.335,yes,343,no,189600610343014603,-2300634998863034083
N/A,motorway_link / 1704454,0.246,yes,183,no,189606108313768142,-6908934521466384543
N/A,motorway_link / 17048698,0.010,yes,281,no,189661633714933992,2315004863598039111
N/A,motorway_link / 1705037,0.139,yes,256,no,189895279942652241,2315057641057947747
N/A,motorway_link / 17053346,0.019,yes,206,no,185103607526934735,2308834386955470163
N/A,motorway_link / 17058798,0.044,yes,306,no,183901843844843180,6941727781077134073
N/A,motorway_link / 1706290,0.152,yes,235,no,188690215030312748,-2298040154898559517
N/A,motorway_link / 1706367,0.238,yes,241,no,188211927431335506,-6910069222778335921
N/A,motorway_link / 1706482,0.407,yes,295,no,189706713817501944,-2295608031277215195
N/A,motorway_link / 17067867,0.063,yes,48,no,183992003819292373,6941894907188489037
N/A,motorway_link / 17078107,0.217,yes,164,no,189605558664909005,-2296294126948183841
N/A,motorway_link / 17094731,0.185,yes,192,no,192655605813040696,-2280465545921811159
N/A,motorway_link / 17094732,0.193,yes,181,no,192655605818283577,-6892107583881990849
N/A,motorway_link / 17099738,0.240,yes,318,no,192811736368764543,6942154425589836713
N/A,motorway_link / 17100694,0.483,yes,67,no,190439540604359238,6946891112647767115
N/A,motorway_link / 17108992,0.284,yes,349,no,194171281708505322,-6899505092329725979
N/A,motorway_link / 17110281,0.222,yes,202,no,183994202846742229,-2281463935512073371
N/A,motorway_link / 17115209,0.421,yes,231,no,189429086952181882,-2297156144718671985
N/A,motorway_link / 17123794,0.377,yes,153,no,190543445583024759,6956448068089693435
N/A,motorway_link / 17129179,0.339,yes,250,no,193489033889929137,6928348960185652035
N/A,motorway_link / 17142581,0.008,yes,267,no,194231204953807110,2322670676100521445
N/A,motorway_link / 17144007,0.111,yes,301,no,191319147684123609,2316610156905894683
N/A,motorway_link / 1714502,0.453,yes,118,no,195713347217873827,-2284054340174862681
N/A,motorway_link / 17160590,0.285,yes,80,no,190473075088249430,6941719010072341245
N/A,motorway_link / 17166276,0.190,yes,37,no,185110204598274257,6920516007371998561
N/A,motorway_link / 17167978,0.423,yes,80,no,191409858063455231,2322213268532239643
N/A,motorway_link / 17170828,0.340,yes,76,no,189528592801157288,-6908441940527673295
N/A,motorway_link / 17175954,0.444,yes,36,no,190153115244253642,-2298106119992635969
N/A,motorway_link / 1717755,0.345,yes,22,no,190065706075247007,6942057658087123897
N/A,motorway_link / 1718673,0.285,yes,162,no,185191017545287926,2299176277156819977
N/A,motorway_link / 17187904,0.249,yes,112,no,192616023275427365,6941943318614911829
N/A,motorway_link / 17192985,0.036,yes,270,no,185043684126443699,-2302987971140254445
N/A,motorway_link / 17192986,0.015,yes,290,no,185044783638071476,6920384065716618515
N/A,motorway_link / 17200654,0.184,yes,193,no,183889199463220902,6941723382984485645
N/A,motorway_link / 17200669,0.272,yes,247,no,189533540607676587,-6908406756145098685
N/A,motorway_link / 17204722,0.304,yes,152,no,185143189436451040,2304603466375364015
N/A,motorway_link / 17207617,0.374,yes,200,no,194298824284526884,6928991078046504071
N/A,motorway_link / 17222156,0.103,yes,90,no,187661072095858009,6924909665565281567
N/A,motorway_link / 17233059,0.298,yes,127,no,194742478788188651,-2281235196106757203
N/A,motorway_link / 17238340,0.045,yes,269,no,189537388902043823,2315013659219202123
N/A,motorway_link / 17252830,0.191,yes,209,no,188681968687337257,-6909787746010657325
N/A,motorway_link / 17252831,0.123,yes,193,no,188684167715311403,6925309891694300641
N/A,motorway_link / 17255517,0.350,yes,80,no,183792992287016568,2330811420401216607
N/A,motorway_link / 17257034,0.204,yes,231,no,185038736323070128,6920362075477771539
N/A,motorway_link / 17258335,0.601,yes,257,no,189719907682832636,-2297925801723556329
N/A,motorway_link / 17258456,0.051,yes,204,no,187972233898053095,6925002025720614219
N/A,motorway_link / 17284123,0.539,yes,235,no,190014027203170691,-6908292405084024703
N/A,motorway_link / 17288592,0.329,yes,286,no,185627525355489722,6925037201165126985
N/A,motorway_link / 17290032,0.306,yes,18,no,196765028542668165,-2297085748000583759
N/A,motorway_link / 17291588,0.072,yes,29,no,196555571633675558,-2296584371503624071
N/A,motorway_link / 17296193,0.274,yes,170,no,189606658056474830,-6908982899975909615
N/A,motorway_link / 17302234,0.309,yes,187,no,194169082684725481,6935473798104752133
N/A,motorway_link / 17317363,0.277,yes,87,no,190923323509658403,2316693718292239175
N/A,motorway_link / 17317364,0.042,yes,75,no,190916726439367458,6928375338629075783
N/A,motorway_link / 17318269,0.030,yes,122,no,190916726439367458,-2294987902132677817
N/A,motorway_link / 17320249,0.168,yes,164,no,189610506307326160,6925732107695165055
N/A,motorway_link / 17322489,0.422,yes,344,no,194015150769526945,6933138434839026583
N/A,motorway_link / 17325220,0.408,yes,347,no,190061307445203357,-6897803063999847713
N/A,motorway_link / 17327761,0.266,yes,84,no,187886471990037950,6924993229321407813
N/A,motorway_link / 17333913,0.327,yes,283,no,195398887231544086,2330472815090740155
N/A,motorway_link / 17345286,0.124,yes,144,no,192754012060210789,-6892481417455850381
N/A,motorway_link / 17355549,0.020,yes,31,no,183989255038650068,-6893176342243693755
N/A,motorway_link / 17355962,0.439,yes,336,no,184936482001209475,6922609476856973529
N/A,motorway_link / 17362179,0.330,yes,97,no,190733659345081036,6941732205210118907
N/A,motorway_link / 17367863,0.182,yes,335,no,190092643401290155,6936177470002438413
N/A,motorway_link / 17369215,0.333,yes,350,no,192485731157497326,6942022482957183879
N/A,motorway_link / 17370801,0.674,yes,161,no,196652878403296590,-6908292379786080211
N/A,motorway_link / 17372812,0.074,yes,269,no,194372491496479045,-6906585946442951823
N/A,motorway_link / 17373457,0.008,yes,73,no,189695718695981303,-6907355622429158893
N/A,motorway_link / 17379504,0.359,yes,64,no,193164679557240606,2330050594104945423
N/A,motorway_link / 17379505,0.452,yes,108,no,193148736638637845,-6893290656478778623
N/A,motorway_link / 17381560,0.204,yes,276,no,190915077178217248,2316750892861231965
N/A,motorway_link / 17381561,0.038,yes,294,no,190920024980017956,2316742096772404059
N/A,motorway_link / 17382915,0.097,yes,341,no,183943625130460863,-6894632095812933469
N/A,motorway_link / 17387347,0.232,yes,333,no,185119000280254677,6917116317446176557
N/A,motorway_link / 17391582,0.105,yes,163,no,192656155569903161,-6892107583879893731
N/A,motorway_link / 17391878,0.376,yes,294,no,194064080095500470,-6893053158481712275
N/A,motorway_link / 17404858,0.420,yes,119,no,186777064756038596,-6910056034091397837
N/A,motorway_link / 17416520,0.135,yes,53,no,190020074517647754,2315092825903992953
N/A,motorway_link / 17433567,0.353,yes,199,no,185157482856925414,-6920778477688849823
N/A,motorway_link / 17439394,0.327,yes,342,no,191023378281354066,6921826647789275007
N/A,motorway_link / 17443993,0.229,yes,215,no,184935382622226561,6923643017768209141
N/A,motorway_link / 17447085,0.037,yes,190,no,189608857278435536,2316020812140778009
N/A,motorway_link / 17457509,0.236,yes,349,no,190547294132195962,-6876454944391542563
N/A,motorway_link / 17461815,0.439,yes,100,no,186167385561057967,2313329194583461189
N/A,motorway_link / 17462742,0.068,yes,91,no,189852398982877502,2315009262376456263
N/A,motorway_link / 17473375,0.245,yes,188,no,189609956794257616,2316029608240091701
N/A,motorway_link / 17477708,0.304,yes,70,no,195396138450377492,-2281248387723416647
N/A,motorway_link / 17481483,0.410,yes,117,no,196891472430718395,-2296610758476165031
N/A,motorway_link / 17484535,0.104,yes,274,no,185842479879244318,6925041600023235929
N/A,motorway_link / 17489574,0.343,yes,356,no,190041515101868438,-6907355621089078763
N/A,motorway_link / 17494436,0.243,yes,331,no,192657804841014842,2331308433454673187
N/A,motorway_link / 17497909,0.020,yes,130,no,186177281164135095,6924997620826901827
N/A,motorway_link / 17501884,0.261,yes,294,no,195169087606839982,6927948744357843579
N/A,motorway_link / 17505599,0.241,yes,97,no,195476399327370042,2301322563102439415
N/A,motorway_link / 17508824,0.335,yes,73,no,196655077434940756,-2296619555487739803
N/A,motorway_link / 17515640,0.043,yes,120,no,192749613921949284,2330112165147585307
N/A,motorway_link / 17519881,0.360,yes,97,no,196294989195599021,2330362867348417415
N/A,motorway_link / 17527256,0.235,yes,251,no,194089917537671363,-6902148318580696229
N/A,motorway_link / 17542639,0.309,yes,30,no,189829309233975605,-6908402356966125509
N/A,motorway_link / 17548132,0.044,yes,123,no,194247147661121805,2320902661465971391
N/A,motorway_link / 17551895,0.458,yes,241,no,194539065926834575,6915163620748819443
N/A,motorway_link / 17552804,0.008,yes,51,no,189616553853014227,-6907404001242770947
N/A,motorway_link / 17564951,0.023,yes,164,no,184922737862068349,2308816794079462731
N/A,motorway_link / 17565524,0.330,yes,8,no,194544013728635284,2303477602323528691
N/A,motorway_link / 17567908,0.364,yes,162,no,191932128361534703,-6882022865985585429
N/A,motorway_link / 17568472,0.341,yes,219,no,190048661885505942,-6907751445264592511
N/A,motorway_link / 17574205,0.033,yes,270,yes,193595685045622756,-2307363994795508403
N/A,motorway_link / 17583056,0.029,yes,278,no,189664382494003433,2315004863610622023
N/A,motorway_link / 17583143,0.230,yes,2,no,194577548875749794,-2307838980073194355
N/A,motorway_link / 17592472,0.305,yes,193,no,185101958254774477,-2302926398264703663
N/A,motorway_link / 17593487,0.294,yes,178,no,189608307300323535,-6909251180810989865
N/A,motorway_link / 17596690,0.200,yes,82,no,184940330578167939,2313263219183979827
N/A,motorway_link / 17598418,0.329,yes,72,no,185931540319521348,-2298356824754090667
N/A,motorway_link / 17604763,0.184,yes,172,no,196665522993585496,-2294899919272537251
N/A,motorway_link / 17604764,0.104,yes,113,no,196663873730338135,6928485311717577585
N/A,motorway_link / 17614045,0.324,yes,57,no,194962930866412112,2330402444681423791
N/A,motorway_link / 17621902,0.204,yes,164,no,189558278358388920,-6918940077459505815
N/A,motorway_link / 17633543,0.016,yes,252,no,187205874295590027,6925024013031837009
N/A,motorway_link / 17633544,0.168,yes,291,no,187209722585238667,-6910034042225160885
N/A,motorway_link / 17634363,0.303,yes,300,no,196025607101963315,6927425380092481929
N/A,motorway_link / 17635274,0.034,yes,117,no,196483553395039494,2313210486647164181
N/A,motorway_link / 17635275,0.027,yes,168,no,196482453884460293,-2298471133737906921
N/A,motorway_link / 17641490,0.345,yes,39,no,194033842584115370,6934053228584639863
N/A,motorway_link / 17649198,0.005,yes,180,no,190055809559908763,6934462231714209301
N/A,motorway_link / 17651190,0.405,yes,299,no,194745777324644844,6942167627123927993
N/A,motorway_link / 17658950,0.358,yes,55,no,190101990170251693,-2279528771728953641
N/A,motorway_link / 17668860,0.385,yes,261,no,187028852922469431,2313324799818992977
N/A,motorway_link / 17679021,0.198,yes,90,no,188209178646498897,-2298427184818156241
N/A,motorway_link / 17680184,0.442,yes,36,no,192866162168125078,6941916931300535133
N/A,motorway_link / 17682201,0.300,yes,169,no,194169082675812585,6935473798106849215
N/A,motorway_link / 17685163,0.283,yes,67,no,185564853066877342,-6911089579654116481
N/A,motorway_link / 17690438,0.055,yes,278,no,189666031760920809,-6908367173235765179
N/A,motorway_link / 17692960,0.043,yes,104,no,185108554914547921,2305359930232667939
N/A,motorway_link / 17694734,0.059,yes,180,no,189601160592183500,-6908230834045579125
N/A,motorway_link / 17702671,0.043,yes,183,no,190531350651556467,-6881204834686451571
N/A,motorway_link / 17712058,0.333,yes,20,no,194303772076366118,2317221496752182365
N/A,motorway_link / 17722127,0.377,yes,273,no,194663863694744007,2330362861126167437
N/A,motorway_link / 17728773,0.217,yes,272,no,195301027242662635,2301507280376428621
N/A,motorway_link / 17730798,0.180,yes,152,no,184083262937319166,6939005390983013909
N/A,motorway_link / 17734408,0.257,yes,196,no,192630316925539883,-2281455106495861921
N/A,motorway_link / 17735849,0.349,yes,4,no,191934877140604146,2341261209943162643
N/A,motorway_link / 17746251,0.172,yes,8,no,192120693290259783,6941943316716989287
N/A,motorway_link / 17763430,0.033,yes,84,no,191315849144521688,2316561778375398155
N/A,motorway_link / 17789651,0.029,yes,272,no,187971684141714919,6925002025720614215
N/A,motorway_link / 17802649,0.231,yes,267,no,189571472571846845,-6918328748944130407
N/A,motorway_link / 17806200,0.037,yes,72,yes,194515426532743559,2304405590026222965
N/A,motorway_link / 17810008,0.229,yes,169,no,185093161836693706,2306103200032227419
N/A,motorway_link / 17815711,0.100,yes,269,no,187661072096382297,6924914063611792671
N/A,motorway_link / 17816906,0.201,yes,224,no,185473593531517302,2311693118609558133
N/A,motorway_link / 17817139,0.315,yes,113,no,190067355303891359,2330063776391375623
N/A,motorway_link / 17817798,0.014,yes,262,no,191145424843789194,-2295111046562573551
N/A,motorway_link / 17817851,0.021,yes,267,no,191146524355416971,2316574971866911505
N/A,motorway_link / 17826086,0.036,yes,242,no,194218560356702464,2320876273075755703
N/A,motorway_link / 17827297,0.019,yes,239,no,192299362330170775,-6906519983657839729
N/A,motorway_link / 17829974,0.254,yes,180,no,194239450959141129,6931541944790161667
N/A,motorway_link / 17832900,0.139,yes,280,no,189737500018823434,6926717270606483531
N/A,motorway_link / 17834793,0.064,yes,75,no,183901294083786412,2329988986091612903
N/A,motorway_link / 17836650,0.305,yes,310,no,196652878404345172,-2296619555489836963
N/A,motorway_link / 17844052,0.181,yes,295,no,189565425256845499,-2306647128580030833
N/A,motorway_link / 17853853,0.012,yes,272,yes,192234491743393146,2321879020111666301
N/A,motorway_link / 17873688,0.330,yes,147,no,193799097306667071,6937932304703562785
N/A,motorway_link / 17876356,0.244,yes,175,no,194224607901341954,-6900525438921073127
N/A,motorway_link / 17877053,0.304,yes,154,no,194229005935270147,-2288940575536177689
N/A,motorway_link / 17893186,0.113,yes,330,no,189911222862827865,-2296597590985142173
N/A,motorway_link / 17901827,0.382,yes,250,no,193701789391476753,-2295009881713798327
N/A,motorway_link / 17904894,0.287,yes,269,no,189732002460160261,6926699678405759059
N/A,motorway_link / 17904895,0.043,yes,183,no,189737500021444874,6926717270591803481
N/A,motorway_link / 17924310,0.276,yes,255,no,190019525617471880,6933965252341013819
N/A,motorway_link / 17935088,0.313,yes,89,no,190058557234303388,6925164761400216979
N/A,motorway_link / 17939860,0.062,yes,91,no,189937611138224485,2315044447075700825
N/A,motorway_link / 17940085,0.470,yes,251,no,189900227559379280,-6909844915986887263
N/A,motorway_link / 17944891,0.120,yes,281,no,194166333769865447,-6900683768809382423
N/A,motorway_link / 17945937,0.032,yes,332,no,184983760741157016,-2302996767461866229
N/A,motorway_link / 17949762,0.141,yes,91,no,195437916424067881,-6922018687579850745
N/A,motorway_link / 17952228,0.478,yes,10,no,190113535050731955,-6891162013560459515
N/A,motorway_link / 17952327,0.267,yes,6,no,189608307323916495,-6909048870667284689
N/A,motorway_link / 17958633,0.035,yes,90,yes,189734203274907912,-2281644233526859011
N/A,motorway_link / 17959217,0.257,yes,298,no,184594534819776486,2318734387730978523
N/A,motorway_link / 17959218,0.052,yes,257,no,184601131889543146,6930394017887688411
N/A,motorway_link / 17980644,0.339,yes,252,no,191038775215346518,-2269954220902826037
N/A,motorway_link / 17980645,0.452,yes,257,no,191055267892908893,6953439806255808473
N/A,motorway_link / 17986023,0.264,yes,295,no,193511575226243004,6939678328077952845
N/A,motorway_link / 17987555,0.205,yes,108,no,188840298370125680,-2298004969945559579
N/A,motorway_link / 17991680,0.342,yes,113,no,185426312840694111,-2314137017565318865
N/A,motorway_link / 17997527,0.159,yes,91,no,189537938657333423,2314996067037352003
N/A,motorway_link / 18002675,0.053,yes,99,no,189946956987060585,6926734863583154265
N/A,motorway_link / 18002778,0.093,yes,311,no,187662721370639706,6924980034311556407
N/A,motorway_link / 18012745,0.037,yes,230,no,184931534328383616,-2299733417149855011
N/A,motorway_link / 18015786,0.045,yes,85,no,189953004301013356,2315044447132323931
N/A,motorway_link / 18016136,0.335,yes,296,no,184742418751506472,-6907839426415554269
N/A,motorway_link / 18016137,0.037,yes,7,no,184749015819175981,-2296206184546299613
N/A,motorway_link / 18016822,0.055,yes,18,no,183980458931472080,6941762965749115665
N/A,motorway_link / 18020359,0.377,yes,260,no,191499468263216168,6933921277531921701
N/A,motorway_link / 18020769,0.291,yes,288,no,194960182089439822,-2281226399153902671
N/A,motorway_link / 18034541,0.305,yes,197,no,190434592802034246,2335209492222850123
N/A,motorway_link / 18038919,0.100,yes,26,no,189563775960043707,2304757414858063389
N/A,motorway_link / 18040952,0.482,yes,189,no,189611056028537039,6925362671792426527
N/A,motorway_link / 18054295,0.140,yes,340,no,196773274818534793,-6909233561286472017
N/A,motorway_link / 18054296,0.024,yes,338,no,196774374327541130,-6909268745658560849
N/A,motorway_link / 18060371,0.316,yes,74,no,192307058907895192,6928489693165130627
N/A,motorway_link / 18060373,0.025,yes,161,no,192299362324403607,-6906563964122950791
N/A,motorway_link / 18062996,0.175,yes,121,no,192664401902392892,2331220472551714059
N/A,motorway_link / 18062997,0.191,yes,88,no,192657255078909496,-2280469943947350763
N/A,motorway_link / 18069404,0.008,yes,355,no,190177854281044434,-2297881819557655001
N/A,motorway_link / 18069686,0.460,yes,355,no,192128936926336328,2307660135353287439
N/A,motorway_link / 18076980,0.372,yes,192,no,196420331581824232,-2297644301230797125
N/A,motorway_link / 18085529,0.300,yes,168,no,190045363558240662,2317436984786687095
N/A,motorway_link / 18089096,0.494,yes,103,no,192803491319731832,2341234825013247707
N/A,motorway_link / 18089660,0.404,yes,186,no,190104738955612591,-2279489189310353673
N/A,motorway_link / 18091023,0.333,yes,303,no,189990937563844991,2316003221424837133
N/A,motorway_link / 18097868,0.015,yes,319,no,185194867071207672,-6913869146481490303
N/A,motorway_link / 18097869,0.003,yes,354,no,185194867071207672,-2302183128054102399
N/A,motorway_link / 18097870,0.015,yes,27,no,185194867070683384,-2302187526100613503
N/A,motorway_link / 18107845,0.009,yes,62,no,196403840781737185,-2281872906506982763
N/A,motorway_link / 18113356,0.117,yes,120,no,192658904346351162,6942924083139980565
N/A,motorway_link / 18125840,0.189,yes,356,no,184614875664828401,6929360477007910171
N/A,motorway_link / 18129308,0.403,yes,255,no,190863952850277126,-2270090561007370355
N/A,motorway_link / 18129309,0.009,yes,257,no,190872199189582606,-6881754589200105587
N/A,motorway_link / 18130262,0.069,yes,245,no,184985959852492953,6921105345126336095
N/A,motorway_link / 18131944,0.293,yes,79,no,194525322132150665,2304357211571223907
N/A,motorway_link / 18132884,0.410,yes,331,no,194502233705503103,6927148297353171199
N/A,motorway_link / 18140196,0.073,yes,102,no,195461006166678324,-6922031881637595137
N/A,motorway_link / 18147587,0.208,yes,338,no,185075569950542018,6920300502956639445
N/A,motorway_link / 18155095,0.026,yes,321,no,192751812953069157,6941859756232420151
N/A,motorway_link / 18157710,0.234,yes,266,no,189860095564796224,2315013660467007565
N/A,motorway_link / 18161411,0.391,yes,311,no,185193216569067766,2299185073270813705
N/A,motorway_link / 18161412,0.009,yes,351,no,185198164366674170,6910791926861001737
N/A,motorway_link / 18168081,0.029,yes,233,no,195662219917745040,-6895837115854084469
N/A,motorway_link / 18179368,0.036,yes,304,no,192723225741973080,2330938997788912787
N/A,motorway_link / 18192817,0.026,yes,224,no,194224607897147650,-2288905391191351783
N/A,motorway_link / 18195222,0.201,yes,206,no,184004098459256538,2330296849739557765
N/A,motorway_link / 18198189,0.253,yes,194,no,185281179190642973,-2298356827276964523
N/A,motorway_link / 18200757,0.299,yes,167,no,185142089547860192,6913131687395194895
N/A,motorway_link / 18201055,0.389,yes,63,no,194748526101092845,-2281257186278495307
N/A,motorway_link / 18211267,0.024,yes,47,no,195296082892249834,2330446426394340277
N/A,motorway_link / 18214769,0.161,yes,202,no,194272986183325975,-2290805347103794493
N/A,motorway_link / 18223733,0.090,yes,205,no,185022247691438249,-2269092226760949423
N/A,motorway_link / 18227942,0.366,yes,70,no,184936482302150786,-6910020856757351077
N/A,motorway_link / 18228249,0.462,yes,112,no,194401628473350480,2316135179662397995
N/A,motorway_link / 18230229,0.412,yes,338,no,189611056077820112,2314195622859640491
N/A,motorway_link / 18230865,0.353,yes,9,no,190530250445247091,2336300208130897475
N/A,motorway_link / 18237790,0.255,yes,36,yes,189424137240924283,-6924864246606990583
N/A,motorway_link / 18238176,0.366,yes,59,no,193698489411131409,2304533130279648707
N/A,motorway_link / 18238470,0.008,yes,180,no,189601160591134924,-6908235232092090235
N/A,motorway_link / 18243235,0.363,yes,4,no,196411536590855397,6934972429356769063
N/A,motorway_link / 18245653,0.146,yes,220,no,196469261888216318,-2280505113784079089
N/A,motorway_link / 18252439,0.053,yes,220,no,190771590913938144,-6906603552369536147
N/A,motorway_link / 18263114,0.032,yes,107,no,191312550610162646,-6906805860445449461
N/A,motorway_link / 18266830,0.237,yes,159,no,189595661918359753,6917498964569751513
N/A,motorway_link / 18267310,0.304,yes,347,no,194247147852486924,6934224753191296391
N/A,motorway_link / 18274947,0.259,yes,267,no,186336710353308413,-6910038443593560753
N/A,motorway_link / 18279669,0.046,yes,180,yes,195293330664413929,2301507280338679891
N/A,motorway_link / 18279670,0.010,yes,180,yes,195293330664938217,2301520474478213203
N/A,motorway_link / 18290838,0.169,yes,270,no,189534090360344749,-2296711941635174343
N/A,motorway_link / 18307851,0.286,yes,46,no,196450570128153845,6942330361327135785
N/A,motorway_link / 18310817,0.035,yes,281,no,189954653570027884,-2296628377151336353
N/A,motorway_link / 18312254,0.359,yes,245,no,193151485419804439,-6893286258432267489
N/A,motorway_link / 18312255,0.379,yes,290,no,193165779071489822,2330116564806806289
N/A,motorway_link / 18323216,0.081,yes,240,no,190033818420334992,-6908208842156273515
N/A,motorway_link / 18333795,0.305,yes,73,no,190060208478310814,2330063776385084167
N/A,motorway_link / 18336978,0.230,yes,195,no,190530251135734386,-6881262009291095929
N/A,motorway_link / 18341552,0.169,yes,50,no,196468712130829566,6942849330884652297
N/A,motorway_link / 18341596,0.296,yes,68,no,194023397218408613,2322336423793925467
N/A,motorway_link / 18344121,0.218,yes,266,no,195430769601633061,6913065755958310933
N/A,motorway_link / 18344989,0.244,yes,110,no,194945886746401352,-2295432089445592457
N/A,motorway_link / 18352681,0.228,yes,322,no,184186616901355309,-6897125787245206485
N/A,motorway_link / 18352682,0.054,yes,329,no,184191014945244976,2326202269146555429
N/A,motorway_link / 18355209,0.341,yes,331,no,193144338512434966,6941129682023623115
N/A,motorway_link / 18361580,0.050,yes,346,no,183895796503103145,-2281877352267896177
N/A,motorway_link / 18362599,0.084,yes,339,no,193473089533728685,2304625488373480909
N/A,motorway_link / 18363767,0.183,yes,253,no,189425236746784891,-6924864246613282053
N/A,motorway_link / 18378032,0.326,yes,132,no,193467042224494504,-6918689373885039147
N/A,motorway_link / 18380233,0.023,yes,118,no,186429069325847337,-2298383211160400577
N/A,motorway_link / 18380493,0.016,yes,278,no,189667681028362474,-6908371571280179131
N/A,motorway_link / 18385086,0.262,yes,9,no,190547294123283066,-6876591283833386793
N/A,motorway_link / 18392937,0.865,yes,296,no,189622051150057682,-6909497471289782761
N/A,motorway_link / 18400525,0.296,yes,148,no,192581938581689878,6943311110916287951
N/A,motorway_link / 18417707,0.112,yes,84,no,196838146116771238,-6908309971265384349
N/A,motorway_link / 18422422,0.147,yes,358,no,192859565103601302,2330283689376754523
N/A,motorway_link / 18425519,0.025,yes,157,no,184932084084197505,6923643017753529051
N/A,motorway_link / 18427365,0.011,yes,90,no,184983210980624536,-6914726766356462341
N/A,motorway_link / 18430543,0.067,yes,190,no,183979359419844304,2330072549271022355
N/A,motorway_link / 18440531,0.075,yes,113,no,184738570457663528,-6907892203007241957
N/A,motorway_link / 18441261,0.025,yes,311,no,187972783653342695,-2298365613083456185
N/A,motorway_link / 18441638,0.477,yes,84,no,189285050901155896,6925995989277871889
N/A,motorway_link / 18464338,0.218,yes,142,no,190194896957690329,2315893271035908549
N/A,motorway_link / 18477567,0.505,yes,293,no,189886483669799242,2313584295470435755
N/A,motorway_link / 18477569,0.008,yes,279,no,189896929028165970,-2298150101466477143
N/A,motorway_link / 18482163,0.369,yes,195,no,194514328208628101,6926017999422885693
N/A,motorway_link / 18486716,0.335,yes,147,no,195396684738550549,-6921983503358756863
N/A,motorway_link / 18487043,0.036,yes,335,no,185600587322706353,2313373172850756957
N/A,motorway_link / 18502122,0.384,yes,160,no,192338397182907815,-2276419344335358949
N/A,motorway_link / 18512094,0.227,yes,162,no,186789709143952332,6925028409478221127
N/A,motorway_link / 18512095,0.023,yes,122,no,186785311098489803,-2298343627382846125
N/A,motorway_link / 18513188,0.204,yes,270,no,188209728402837073,-2298422786771645135
N/A,motorway_link / 18534821,0.091,yes,130,no,187662171614825818,6924980034311556407
N/A,motorway_link / 18540101,0.408,yes,169,no,190059108410413467,-6897904219088477519
N/A,motorway_link / 18547134,0.166,yes,357,no,189612155574767825,-6909369928050012527
N/A,motorway_link / 18548558,0.426,yes,298,no,192134437185606984,-2281389137643689117
N/A,motorway_link / 18551829,0.067,yes,275,no,189741898064810252,2315013660003536971
N/A,motorway_link / 18561505,0.356,yes,297,no,193995360011638935,-2286455680134012325
N/A,motorway_link / 18567723,0.413,yes,113,no,189513201439297696,-2281622244110095623
N/A,motorway_link / 18572011,0.185,yes,281,no,189772134634574104,-6908353978680995767
N/A,motorway_link / 18572183,0.414,yes,168,no,189605558692696269,6927332996606333245
N/A,motorway_link / 18582197,0.006,yes,145,no,192656705324144186,2331238064697912605
N/A,motorway_link / 18592336,0.033,yes,219,no,196471460913569024,-2280478725502915311
N/A,motorway_link / 18598399,0.071,yes,340,no,189608857084448975,-6908965307783573713
N/A,motorway_link / 18600108,0.016,yes,18,no,185195416827545849,2309507288423990915
N/A,motorway_link / 18600109,0.019,yes,49,no,185195416827021560,-2302183128052005245
N/A,motorway_link / 18600110,0.010,yes,69,no,185194867071207672,-6913869146481490303
N/A,motorway_link / 18609804,0.295,yes,233,no,186904058353241087,6925010817757744473
N/A,motorway_link / 18612166,0.377,yes,116,no,194002506828830874,-2286530446897438149
N/A,motorway_link / 18612831,0.536,yes,118,no,185064025083168952,-6914717969923701535
N/A,motorway_link / 18619119,0.249,yes,263,no,184972765712435345,-6913957108237990307
N/A,motorway_link / 18619609,0.020,yes,211,no,189948606256599402,6926748057724784739
N/A,motorway_link / 18619667,0.274,yes,153,no,193127845846406926,-2282185180295714323
N/A,motorway_link / 18628780,0.062,yes,170,no,196660575110520150,-2295608004781796811
N/A,motorway_link / 18628781,0.358,yes,189,no,196661674627915094,-2295594810635972001
N/A,motorway_link / 18639580,0.275,yes,135,no,184090409756083968,-6896101042775120389
N/A,motorway_link / 18640050,0.405,yes,318,no,193377984611702655,6940104938088310783
N/A,motorway_link / 18645923,0.010,yes,237,no,189811716889071916,6925323090135092699
N/A,motorway_link / 18651027,0.435,yes,169,no,190170707449696718,-2297877421536309769
N/A,motorway_link / 18651028,0.009,yes,159,no,190169058189070798,-2297877421544698327
N/A,motorway_link / 18674295,0.330,yes,109,no,189651188352372960,2314991669443825719
N/A,motorway_link / 18677650,0.136,yes,85,no,189956852592234861,2315048845199806555
N/A,motorway_link / 18680547,0.021,yes,242,no,187972783652818407,-2298374409176478393
N/A,motorway_link / 18683849,0.014,yes,23,no,184902947300264051,-2297437636982206735
N/A,motorway_link / 18684921,0.309,yes,264,no,195453861080161071,2315928475484033521
N/A,motorway_link / 18685033,0.087,yes,153,no,194233403973392646,-2289037332548936237
N/A,motorway_link / 18685034,0.022,yes,157,no,194232304463337734,-6900714554889593379
N/A,motorway_link / 18689176,0.331,yes,341,no,190070103306490273,-6899751398572810385
N/A,motorway_link / 18727965,0.254,yes,294,no,183820480074040965,-6892565014405698485
N/A,motorway_link / 18732044,0.052,yes,270,no,195470352016038713,2301344553297246211
N/A,motorway_link / 18734534,0.338,yes,331,no,190547843638973050,6956527232949962019
N/A,motorway_link / 18734535,0.380,yes,27,no,190547293873721978,2344674088755152163
N/A,motorway_link / 18738249,0.284,yes,303,no,192231193206412666,2321879020120054899
N/A,motorway_link / 18739369,0.031,yes,325,no,191315849151337432,2316623351024456483
N/A,motorway_link / 18753135,0.295,yes,238,no,190053609679966616,-2296069824877424291
N/A,motorway_link / 18759257,0.336,yes,341,no,183897995520591530,2329799870085343849
N/A,motorway_link / 18766151,0.022,yes,191,no,196457167236193530,6942673408969682093
N/A,motorway_link / 18767769,0.204,yes,258,no,185031589494868140,-6914704775926774519
N/A,motorway_link / 18774023,0.237,yes,260,no,187200376736926854,-6910042838347543215
N/A,motorway_link / 18774024,0.019,yes,312,no,187205324539776139,2313337994602351953
N/A,motorway_link / 18774442,0.306,yes,139,no,194379638324681031,-6906581548388052111
N/A,motorway_link / 18792121,0.340,yes,5,no,184941979548862597,-2300868113103583053
N/A,motorway_link / 18793078,0.373,yes,188,no,196408787822796003,-2288307248531759279
N/A,motorway_link / 18795757,0.239,yes,86,no,189869991168397636,-6908371570489552823
N/A,motorway_link / 18796925,0.331,yes,1,no,190318044428456466,-6889354415678934477
N/A,motorway_link / 18807022,0.291,yes,114,no,184939230777133187,-6912554131556136747
N/A,motorway_link / 18809771,0.414,yes,63,no,194374139275467075,-6919098388735591095
N/A,motorway_link / 18813810,0.053,yes,97,no,183995852147738327,2330534344219700187
N/A,motorway_link / 18832479,0.020,yes,173,no,189434032844525696,6910220196973114115
N/A,motorway_link / 18837118,0.306,yes,71,no,185602236587002287,6925019608888905047
N/A,motorway_link / 18840218,0.106,yes,353,no,190053609735016858,2316064794302485021
N/A,motorway_link / 18841689,0.008,yes,36,no,189736950264582410,6926717270593900627
N/A,motorway_link / 18861662,0.229,yes,178,no,183890298981140135,6941820140007729933
N/A,motorway_link / 18862425,0.272,yes,168,no,192732569908893274,2316838860691084157
N/A,motorway_link / 18863977,0.545,yes,355,no,190168508405993935,-2298035751189738069
N/A,motorway_link / 18865920,0.064,yes,147,no,189614354571284690,6925490215149637151
N/A,motorway_link / 18871658,0.362,yes,104,no,189568724979765434,-6908380367721328583
N/A,motorway_link / 1888244,0.016,yes,6,no,190065154834649503,-6905411684461963897
N/A,motorway_link / 18892531,0.290,yes,128,no,184021690361661153,2327952691028830003
N/A,motorway_link / 18892532,0.122,yes,122,no,184014543539226335,2327970283177125703
N/A,motorway_link / 1889385,0.152,yes,81,no,190009629265187204,-2295678398886833647
N/A,motorway_link / 18895629,0.288,yes,7,no,189607207992119503,2315831696138703327
N/A,motorway_link / 18897651,0.026,yes,132,no,192751263188866660,-2281578251324216551
N/A,motorway_link / 18899109,0.092,yes,225,no,190023373057773964,2315141204426100875
N/A,motorway_link / 18900841,0.387,yes,343,no,190174555751928273,2313900955892977191
N/A,motorway_link / 18914395,0.321,yes,155,no,194299374091196707,-6905561201886882527
N/A,motorway_link / 18919633,0.381,yes,103,no,193000849278588627,2304528729576045983
N/A,motorway_link / 18921495,0.178,yes,118,no,190043164479934868,2316940005526737837
N/A,motorway_link / 18923626,0.361,yes,323,no,190184451614003667,-2295634417748536831
N/A,motorway_link / 18927776,0.016,yes,20,no,196473110179437825,6942884515263032587
N/A,motorway_link / 18927777,0.034,yes,59,no,196472010667285760,-2280491919640351477
N/A,motorway_link / 18940243,0.627,yes,51,no,196661124738932053,2314947715742568535
N/A,motorway_link / 18943438,0.413,yes,62,no,189357066957181018,-6925488769465323011
N/A,motorway_link / 18945956,0.022,yes,296,no,185715486285711845,6925037201485991253
N/A,motorway_link / 18950963,0.029,yes,283,no,185600587322182065,2313364376759831901
N/A,motorway_link / 18957517,0.345,yes,281,no,196733692955155828,-2292894409778260229
N/A,motorway_link / 18959404,0.339,yes,248,no,194049786444339376,6941978508462664569
N/A,motorway_link / 18959481,0.023,yes,295,no,194950834553444941,6927975131785466509
N/A,motorway_link / 18959482,0.345,yes,295,no,194957981376404045,-6907087321490779519
N/A,motorway_link / 18966629,0.288,yes,340,no,189552230796447926,2302360479469664689
N/A,motorway_link / 18972293,0.240,yes,101,no,186337260108073726,2313329195214703945
N/A,motorway_link / 18979394,0.040,yes,164,no,189608857043030224,2314054885352410771
N/A,motorway_link / 18987070,0.010,yes,353,no,192540706841122309,6942871306122571015
N/A,motorway_link / 18994193,0.335,yes,121,no,192128387166852422,-2304087455725255927
N/A,motorway_link / 18994194,0.391,yes,175,no,192117392057390403,-2304003892885585121
N/A,motorway_link / 19005961,0.247,yes,360,no,194242199726676235,2319759169354209493
N/A,motorway_link / 19010351,0.460,yes,270,no,194933240280209985,2298771694070788981
N/A,motorway_link / 19010374,0.325,yes,193,no,194920595891247679,2298692529162285937
N/A,motorway_link / 19013278,0.322,yes,78,no,184990907563067545,2308645270550742273
N/A,motorway_link / 19022958,0.040,yes,26,no,183984307229509330,6941824538414951213
N/A,motorway_link / 19025413,0.314,yes,42,no,189570922814984381,-2306704303165800807
N/A,motorway_link / 19030182,0.289,yes,350,no,185144288580028641,-6921855999134402511
N/A,motorway_link / 19031385,0.381,yes,193,no,190518705561621100,6947893867527026203
N/A,motorway_link / 19045714,0.291,yes,216,no,194022297708353701,2322340821827853673
N/A,motorway_link / 19076735,0.008,yes,253,no,189696268332781815,-2296667960557694899
N/A,motorway_link / 19077341,0.238,yes,295,no,187705602320452972,-6910100011024904917
N/A,motorway_link / 19086503,0.394,yes,71,no,190176756705087950,-2281666222043944193
N/A,motorway_link / 19087880,0.021,yes,83,no,190058007474819484,6925160363353705873
N/A,motorway_link / 19091696,0.016,yes,152,no,184895800474159216,-2297437637009469711
N/A,motorway_link / 19095380,0.290,yes,22,no,185103057764305102,2308750824082244935
N/A,motorway_link / 19097063,0.355,yes,11,no,194134447740246236,2321078582919568145
N/A,motorway_link / 19116371,0.804,yes,240,no,185071721668757697,2308574902154691843
N/A,motorway_link / 19123737,0.332,yes,67,no,193697392937228304,6941710226283309825
N/A,motorway_link / 19123738,0.371,yes,100,no,193683649041356809,6941727818416925429
N/A,motorway_link / 19131342,0.142,yes,46,no,185076669466888386,6920300502965028087
N/A,motorway_link / 19133534,0.070,yes,265,no,189815565177671981,6925305497965825489
N/A,motorway_link / 19140056,0.479,yes,142,no,193999757613029529,2321505192913148845
N/A,motorway_link / 19140564,0.338,yes,68,no,186915603223235588,6924984429531106633
N/A,motorway_link / 19151413,0.324,yes,48,no,192823281209398919,6941846562380196657
N/A,motorway_link / 19152357,0.033,yes,154,no,184983210980100248,6920331288923604215
N/A,motorway_link / 19168764,0.030,yes,169,no,190044813639897494,6927715628324229661
N/A,motorway_link / 19171976,0.057,yes,170,no,192859565100455574,6941916931246009179
N/A,motorway_link / 19174377,0.228,yes,348,no,189598410701623499,2305848130524938217
N/A,motorway_link / 19176318,0.017,yes,155,no,197100379612732958,-6908529872601083909
N/A,motorway_link / 19176319,0.530,yes,184,no,197095431817747996,6926651327981293565
N/A,motorway_link / 1918633,0.060,yes,182,no,192537958064150020,2331198481824230673
N/A,motorway_link / 19189575,0.370,yes,51,no,194569302531725725,-2307904950779249549
N/A,motorway_link / 19201635,0.081,yes,71,no,185594540004034989,-2298361224107127473
N/A,motorway_link / 19211448,0.277,yes,360,no,189600610195689676,-6913565664457259285
N/A,motorway_link / 19215729,0.471,yes,32,no,189601710094241995,-2298726246673019689
N/A,motorway_link / 19218380,0.299,yes,113,no,192728723296441944,6942616220165221509
N/A,motorway_link / 19223809,0.268,yes,251,no,195159192002189993,6927935550178464387
N/A,motorway_link / 19227145,0.064,yes,89,no,194322464204478767,2320871875427703475
N/A,motorway_link / 19228365,0.283,yes,158,no,189548382496837811,-6921086324196771439
N/A,motorway_link / 19228366,0.313,yes,206,no,189548932261040307,-6921086324190479919
N/A,motorway_link / 19229839,0.394,yes,96,no,184930434423539836,-2303031952010115847
N/A,motorway_link / 19237274,0.036,yes,182,no,196664423712120152,6930376471715256023
N/A,motorway_link / 19242262,0.481,yes,64,no,194537416648907150,-6919986793516368947
N/A,motorway_link / 19242773,0.323,yes,86,no,189574221388140735,2305307170713894669
N/A,motorway_link / 19243687,0.040,yes,306,no,184939780665591940,-6911415037497177381
N/A,motorway_link / 19250133,0.150,yes,347,no,194230105450043653,2322754238980038139
N/A,motorway_link / 19251176,0.010,yes,65,no,189819963221037360,2313593091271953861
N/A,motorway_link / 19252634,0.338,yes,326,no,193813940707350598,-6897169730980797429
N/A,motorway_link / 19255074,0.027,yes,190,no,184932084083673217,6923634221658409691
N/A,motorway_link / 19256399,0.422,yes,150,no,194244948464326922,6931176906965391379
N/A,motorway_link / 19257252,0.048,yes,189,no,192537958064674308,2331198481824230673
N/A,motorway_link / 19263286,0.078,yes,334,no,194237802018330888,-2289050526673789491
N/A,motorway_link / 19276644,0.328,yes,209,no,195114110279047829,6913259268794742919
N/A,motorway_link / 19301098,0.105,yes,120,no,183891398478612135,6941683800578468579
N/A,motorway_link / 19304765,0.289,yes,172,no,189605008968863950,2315902064874492351
N/A,motorway_link / 19304766,0.007,yes,177,no,189604459217768654,2315902064868200929
N/A,motorway_link / 19311470,0.008,yes,88,no,190293303297659399,6927970715969786509
N/A,motorway_link / 19317628,0.462,yes,318,no,196491249975385350,-6910130763831702275
N/A,motorway_link / 19332592,0.032,yes,221,no,192532460496049665,6942805335395544297
N/A,motorway_link / 19341059,0.262,yes,246,no,183948023326394047,6941661810572405479
N/A,motorway_link / 19343654,0.302,yes,274,no,192743566704465502,-6892450631153341305
N/A,motorway_link / 19353460,0.227,yes,82,no,191827122080273598,-6906572762000649349
N/A,motorway_link / 19356524,0.051,yes,257,no,192827679253812871,6941846562384390965
N/A,motorway_link / 19362737,0.403,yes,249,no,193683649042929673,2330046198036048653
N/A,motorway_link / 19367302,0.359,yes,250,no,195384593580382991,2330459620898778049
N/A,motorway_link / 19368500,0.384,yes,186,no,190307049301168652,6945611280578261517
N/A,motorway_link / 19368992,0.459,yes,254,no,189657785278484706,2313773410593803813
N/A,motorway_link / 19373711,0.335,yes,353,no,189598960791933131,6920353296765945055
N/A,motorway_link / 19378703,0.032,yes,232,no,184000799921751769,-6893079585176409231
N/A,motorway_link / 19380266,0.344,yes,47,no,185576397944211875,-2299372774857110631
N/A,motorway_link / 19380267,0.023,yes,66,no,185570350627113379,-6911058793326441601
N/A,motorway_link / 19380679,0.083,yes,138,no,184933183742625921,2313188452355542279
N/A,motorway_link / 19380694,0.259,yes,257,no,189996984768745854,6926743659883794533
N/A,motorway_link / 19380997,0.393,yes,291,no,184015643055572701,-6895344579049937073
N/A,motorway_link / 19400649,0.303,yes,334,no,194302672634468646,2317885601777456451
N/A,motorway_link / 19407913,0.316,yes,204,no,184487882463987638,2320951002751048443
N/A,motorway_link / 19409354,0.028,yes,126,no,185570900382402979,-6911058793326441603
N/A,motorway_link / 19431436,0.272,yes,185,no,189422487965618298,-6924930217327725831
N/A,motorway_link / 19431939,0.268,yes,266,no,195516533241895756,2315915281581478375
N/A,motorway_link / 19445002,0.089,yes,204,no,183954620398257860,2329993384339450607
N/A,motorway_link / 19464543,0.022,yes,163,no,194612185012984243,2316636557738513195
N/A,motorway_link / 19469206,0.316,yes,7,no,194171281699592426,-6899654625911103515
N/A,motorway_link / 19476040,0.360,yes,68,no,192541804639376898,-2294891138882989183
N/A,motorway_link / 19479075,0.150,yes,266,no,183884251657750179,-6893343468401186055
N/A,motorway_link / 19488173,0.033,yes,138,no,189940909673107814,-2296641571343298473
N/A,motorway_link / 19490768,0.135,yes,350,no,194240550473390346,2319921897068828917
N/A,motorway_link / 19492487,0.239,yes,314,no,184089310247601920,6938979002733307399
N/A,motorway_link / 19497610,0.118,yes,275,no,189911773471658328,-6901141181876396773
N/A,motorway_link / 19497617,0.007,yes,270,no,189909024692588888,6933916873386892573
N/A,motorway_link / 19507120,0.018,yes,7,no,185120099788212438,-2306312894013243603
N/A,motorway_link / 19507707,0.389,yes,236,no,194303772509428003,6932566689901976259
N/A,motorway_link / 19509924,0.280,yes,106,no,195383494067182351,-6892916814012994639
N/A,motorway_link / 19519186,0.169,yes,358,no,189611056307982545,2316055996521255481
N/A,motorway_link / 19521834,0.415,yes,170,no,190542895001981560,2337852718587066541
N/A,motorway_link / 19522375,0.043,yes,108,yes,189429634799063166,6910228993053553415
N/A,motorway_link / 19524737,0.596,yes,37,no,185119004725692626,2342642170572325267
N/A,motorway_link / 19524738,0.416,yes,90,no,185100313021728969,-2269043847917977249
N/A,motorway_link / 19525916,0.277,yes,224,no,194740279765981674,-2281230798072828987
N/A,motorway_link / 19533609,0.366,yes,279,no,193802945597888576,6937927906686411819
N/A,motorway_link / 19535383,0.296,yes,191,no,190530251229057650,-6880483555062824463
N/A,motorway_link / 19544829,0.210,yes,252,no,187696806228479336,-6910117603246600909
N/A,motorway_link / 19545975,0.115,yes,30,no,189609406841311440,2314389136895643449
N/A,motorway_link / 19551278,0.393,yes,140,no,196476406574177536,-2298400764995826409
N/A,motorway_link / 19557444,0.177,yes,26,no,189608307511611599,2315910860982194677
N/A,motorway_link / 19571030,0.391,yes,198,no,190559388056507006,-6882427491507487099
N/A,motorway_link / 19573507,0.210,yes,168,no,184935932517501058,6924861276651785455
N/A,motorway_link / 19575915,0.389,yes,100,no,194519826037299589,-6906735479437126869
N/A,motorway_link / 19577871,0.029,yes,48,no,186785311097965515,-2298348025429357229
N/A,motorway_link / 19607660,0.050,yes,61,no,185114052891068627,-2302816447055788701
N/A,motorway_link / 19608556,0.013,yes,37,no,189661633711263976,2314974077272461369
N/A,motorway_link / 19609081,0.375,yes,106,no,186901309571550205,6925006419711233343
N/A,motorway_link / 19609834,0.323,yes,163,no,196679266719063389,2315321549700206811
N/A,motorway_link / 19610739,0.527,yes,354,no,190049761510379928,6928357743140016897
N/A,motorway_link / 19614973,0.235,yes,80,no,183965065976825544,-2279885036923638241
N/A,motorway_link / 19630846,0.285,yes,205,no,190062955275571612,-6909902089974968943
N/A,motorway_link / 19636369,0.326,yes,341,no,184900748282775666,-2297345278005473547
N/A,motorway_link / 19636384,0.037,yes,13,no,184902947300788340,2314252779491692277
N/A,motorway_link / 19644206,0.147,yes,168,no,184937031499597955,6920414851633251599
N/A,motorway_link / 19645428,0.029,yes,314,no,184939780665591940,-6911419435547882791
N/A,motorway_link / 19653665,0.281,yes,158,no,185116800647252180,6912010185440491027
N/A,motorway_link / 19661744,0.139,yes,209,no,187663820879646042,-6910117603389207243
N/A,motorway_link / 19677641,0.408,yes,81,no,190749602263683794,-2281648627670570239
N/A,motorway_link / 19683946,0.366,yes,293,no,193952478042085508,6928388544376345407
N/A,motorway_link / 19693915,0.171,yes,31,no,189439532313170050,-6908828968979263611
N/A,motorway_link / 19695109,0.194,yes,6,no,185040385585268915,-2303053941840018177
N/A,motorway_link / 1969737,0.008,yes,263,no,189939260407763302,2315062039261745249
N/A,motorway_link / 19706740,0.123,yes,275,no,189655586525237476,2316051598655099425
N/A,motorway_link / 19707867,0.460,yes,187,no,189612705311183057,-2297763074453533147
N/A,motorway_link / 19712774,0.385,yes,254,no,185592340984449449,-2298334835811283615
N/A,motorway_link / 19715186,0.053,yes,1,no,196767777326456199,-6908696999637282889
N/A,motorway_link / 19718348,0.291,yes,259,no,191468133143893018,-2281375946056389765
N/A,motorway_link / 1972088,0.312,yes,157,no,189459321779212426,-2311713678571866765
N/A,motorway_link / 19724012,0.017,yes,65,no,187205874292444299,2313311606323285319
N/A,motorway_link / 19728683,0.286,yes,93,no,189372462091817057,-2297230911723270321
N/A,motorway_link / 19733725,0.295,yes,62,no,190031620244853133,-6901110395078959817
N/A,motorway_link / 19735593,0.050,yes,107,no,195469252502313784,-2310359057320380421
N/A,motorway_link / 19738075,0.052,yes,334,no,189951904790434155,-2296628377163919269
N/A,motorway_link / 19741091,0.226,yes,93,no,194170731813230825,-6900732147293741601
N/A,motorway_link / 19752925,0.026,yes,214,no,183991454064002773,-6893154352002749617
N/A,motorway_link / 19754601,0.578,yes,251,no,185098663755860167,6954332586983309685
N/A,motorway_link / 19754602,0.415,yes,240,no,185117905215637714,2342690549075558799
N/A,motorway_link / 19764265,0.378,yes,331,no,194246597742778636,2319578849474517055
N/A,motorway_link / 19767116,0.116,yes,232,no,183998051141633751,-2281415556985771153
N/A,motorway_link / 19770225,0.314,yes,155,no,194272986180704534,6932562291691887273
N/A,motorway_link / 19776966,0.126,yes,339,no,194239451283151113,6934303918003330497
N/A,motorway_link / 19782313,0.254,yes,278,no,186349354736503555,6925019611736837453
N/A,motorway_link / 19782532,0.344,yes,25,no,183894147254535848,-2281763003041830171
N/A,motorway_link / 19784830,0.309,yes,46,no,190056358511989145,-6907364417127575001
N/A,motorway_link / 19793062,0.117,yes,334,no,184471939677505455,-2289573931460322085
N/A,motorway_link / 19799843,0.261,yes,4,no,190060207165493661,6930732688293762963
N/A,motorway_link / 1980705,0.002,yes,93,no,189927715534623073,2315053243124682845
N/A,motorway_link / 19815577,0.039,yes,75,no,190773240174564065,2316715707933397841
N/A,motorway_link / 19821136,0.322,yes,99,no,190459880949240400,2330046185738349305
N/A,motorway_link / 1982497,0.350,yes,29,no,189621501659009235,-6907404001202925031
N/A,motorway_link / 19829068,0.586,yes,27,no,194498935164328321,6927064734469460223
N/A,motorway_link / 1983073,0.360,yes,153,no,184619273633744881,6928771138798490581
N/A,motorway_link / 19834308,0.277,yes,188,no,190545644865278585,-6876512119004575491
N/A,motorway_link / 19834526,0.154,yes,56,no,192552801496290825,-6891971244823925391
N/A,motorway_link / 19842681,0.017,yes,180,no,190529701402464882,-2269356088544444205
N/A,motorway_link / 19844500,0.300,yes,190,no,196671020377136474,2315325947725746365
N/A,motorway_link / 19846516,0.475,yes,88,no,192631416433497642,6941894940180884287
N/A,motorway_link / 19846517,0.021,yes,126,no,192621520829371945,-2281472698700780727
N/A,motorway_link / 19847812,0.268,yes,107,no,193807893393922115,2326180315620451349
N/A,motorway_link / 19851969,0.061,yes,165,no,190045913149952406,-6907342426951642605
N/A,motorway_link / 19852573,0.031,yes,218,no,184180569584781099,6937879491441075241
N/A,motorway_link / 19858758,0.119,yes,313,yes,185015647130437798,6925002014444227905
N/A,motorway_link / 19860204,0.150,yes,204,no,195344457933609727,2301326960620468229
N/A,motorway_link / 1986050,0.345,yes,195,no,185106905871501519,-2304483306712857967
N/A,motorway_link / 19862553,0.293,yes,324,no,192960720165492419,2330235311267785529
N/A,motorway_link / 19865677,0.072,yes,106,yes,189432383577608319,2298538576590140165
N/A,motorway_link / 1986893,0.159,yes,193,no,184917790109026426,6920898636676072975
N/A,motorway_link / 1986951,0.339,yes,24,no,184491180989433784,2320867439884114647
N/A,motorway_link / 19878871,0.029,yes,66,no,189877137994502473,-2296676755958656949
N/A,motorway_link / 19882551,0.356,yes,349,no,190544544280957561,6949626697955162333
N/A,motorway_link / 19887004,0.012,yes,142,no,196772175302188425,6925771717429169827
N/A,motorway_link / 19887005,0.232,yes,181,no,196771625550044553,6925771717427072703
N/A,motorway_link / 1988731,0.661,yes,53,no,185276785097787673,-6876899167144228797
N/A,motorway_link / 19888612,0.036,yes,112,no,191529154400310329,2316566177235604235
N/A,motorway_link / 19893245,0.383,yes,283,no,192985456122091212,2304585904121970105
N/A,motorway_link / 19895263,0.302,yes,103,no,194261441308088593,2320871875213793963
N/A,motorway_link / 19895672,0.312,yes,38,no,190051410655138200,6927227445201342809
N/A,motorway_link / 19896043,0.041,yes,355,no,190532450163184244,2342180396314148999
N/A,motorway_link / 19901156,0.321,yes,334,no,184491180998346680,6932716186032413399
N/A,motorway_link / 19904893,0.461,yes,168,no,190065156409086365,-2280465555803591453
N/A,motorway_link / 19916403,0.413,yes,163,no,192693535885579849,-6917906524569338073
N/A,motorway_link / 19916404,0.309,yes,189,no,192691886628623945,-6917902126533312647
N/A,motorway_link / 19919680,0.202,yes,174,no,190531350725481075,6954504131481452953
N/A,motorway_link / 19920350,0.379,yes,252,no,191211397171991461,2330248498744666983
N/A,motorway_link / 19920492,0.263,yes,282,no,192728723298014808,-6892437437070431091
N/A,motorway_link / 19927103,0.051,yes,161,no,190185551119864278,2315968037782557175
N/A,motorway_link / 19932828,0.523,yes,111,no,189736400348860677,2313707440196029921
N/A,motorway_link / 19936794,0.375,yes,337,no,190548943303692923,2346129842156619625
N/A,motorway_link / 19936795,0.320,yes,26,no,190549493050069627,6957653132863096681
N/A,motorway_link / 19957878,0.382,yes,340,no,193758965161613357,2326496974778410127
N/A,motorway_link / 19964983,0.066,yes,102,no,189779281581789468,-2295647613446254053
N/A,motorway_link / 19975144,0.089,yes,189,no,192539607337883140,-2280443556129657559
N/A,motorway_link / 19987782,0.287,yes,258,no,185708889214896608,2313337988914875735
N/A,motorway_link / 19987783,0.028,yes,231,no,185715486285711845,6925037201485991257
N/A,motorway_link / 19996249,0.021,yes,101,no,191314749632893911,-6906810258483571957
N/A,motorway_link / 20025737,0.230,yes,275,no,195628133655862143,6927473757083668907
N/A,motorway_link / 20038210,0.060,yes,182,no,184000799951636185,-2281151674193007645
N/A,motorway_link / 20043405,0.585,yes,333,no,196661125231762774,-6904149419922286707
N/A,motorway_link / 20055150,0.432,yes,288,no,189929914359173470,-6909959265034695323
N/A,motorway_link / 20057851,0.049,yes,279,no,192537408207148547,6942040075323583369
N/A,motorway_link / 20057964,0.008,yes,268,no,192536308695520771,6942040075315194763
N/A,motorway_link / 20059331,0.374,yes,336,no,190060757038748061,2320106599086037295
N/A,motorway_link / 20062233,0.195,yes,360,no,194001956647819421,-2290145641156830215
N/A,motorway_link / 20064538,0.140,yes,351,no,189603359013556429,6921800254086973319
N/A,motorway_link / 20065270,0.133,yes,109,no,195340609645009661,6913048163419944965
N/A,motorway_link / 20067386,0.245,yes,319,no,193522570336753602,2327952727267616561
N/A,motorway_link / 20088224,0.338,yes,255,no,191265822051750846,6934000441471540553
N/A,motorway_link / 20089004,0.245,yes,36,no,191197103511393187,6941837760081701699
N/A,motorway_link / 20089328,0.339,yes,107,no,191305403786154960,6928274185065075469
N/A,motorway_link / 20104275,0.277,yes,235,no,189373561606066274,-2297222115630248095
N/A,motorway_link / 20114804,0.256,yes,155,no,184185517382911788,2326184676943733771
N/A,motorway_link / 20114805,0.052,yes,151,no,184180569583732523,-6897178563836894173
N/A,motorway_link / 20115439,0.274,yes,69,no,195406580343724826,-6922027483784022003
N/A,motorway_link / 20118407,0.524,yes,318,no,192152576371807570,-6916160502142860737
N/A,motorway_link / 20124924,0.018,yes,269,no,189913971640848730,-6908305599642988445
N/A,motorway_link / 20128548,0.366,yes,14,no,192341145961977258,6946860333555266629
N/A,motorway_link / 20132927,0.026,yes,197,no,194219110112516352,-6902495763779020105
N/A,motorway_link / 20138744,0.163,yes,172,no,194241100212951306,2319789955673495733
N/A,motorway_link / 20139807,0.075,yes,21,no,189608857201889487,-2296311719121645321
N/A,motorway_link / 20149805,0.237,yes,274,no,189663283106631910,-6907324836208438753
N/A,motorway_link / 20161694,0.303,yes,304,no,194461551816169836,-2295893886172655209
N/A,motorway_link / 20161695,0.018,yes,326,no,194467049371687281,6927429772172595605
N/A,motorway_link / 20167616,0.395,yes,82,no,196194931639409791,6925279134049373643
N/A,motorway_link / 20186319,0.422,yes,250,no,192331249773794722,2330318871764937611
N/A,motorway_link / 20189597,0.125,yes,211,no,189742997574340876,2314991669766787145
N/A,motorway_link / 20190218,0.266,yes,58,no,189313088452382791,6926031173738041131
N/A,motorway_link / 20206635,0.008,yes,274,no,195402182299835162,6913070153878992917
N/A,motorway_link / 20210421,0.012,yes,34,no,189441731339047044,2314578252247601031
N/A,motorway_link / 20211397,0.340,yes,320,no,190053609687830936,-2295990660021350049
N/A,motorway_link / 2021460,0.022,yes,328,no,183831475189270156,-6892591402661696437
N/A,motorway_link / 20237667,0.019,yes,119,no,185716036037855717,-2298361223645754039
N/A,motorway_link / 20238933,0.463,yes,344,no,189614354833952976,-6907421593449786843
N/A,motorway_link / 20239478,0.013,yes,89,no,195634180966144900,2315752554290483611
N/A,motorway_link / 20254313,0.047,yes,293,no,195634180969814915,-6907584298192203353
N/A,motorway_link / 20255073,0.008,yes,176,no,189602809919393997,6927332996591653229
N/A,motorway_link / 20258651,0.065,yes,74,no,183901294083262124,2329988986091612903
N/A,motorway_link / 20259758,0.178,yes,89,no,185049731435153589,2308654066857673983
N/A,motorway_link / 20261448,0.031,yes,169,no,185593990248745390,2313329192358382929
N/A,motorway_link / 20264832,0.462,yes,173,no,190044263938085269,2316544181334446799
N/A,motorway_link / 20264833,0.005,yes,185,no,190042064922169749,2316548579374666501
N/A,motorway_link / 20279701,0.028,yes,356,no,190532450164232820,2342180396312051855
N/A,motorway_link / 20303623,0.157,yes,84,no,187209722584190091,-2298370014030328503
N/A,motorway_link / 20303624,0.024,yes,126,no,187206424048782475,6925006420847889735
N/A,motorway_link / 20303960,0.028,yes,136,no,183856214189885079,-2280997743116669919
N/A,motorway_link / 20304692,0.303,yes,197,no,189559927591227577,2304080115680673025
N/A,motorway_link / 20308268,0.026,yes,326,no,187205874296114315,6925028411078348113
N/A,motorway_link / 20314670,0.037,yes,246,no,194807895850834444,2297909676442907113
N/A,motorway_link / 20319009,0.034,yes,221,no,191314749639709655,-6906757481925438681
N/A,motorway_link / 20319784,0.062,yes,228,no,183989255039174356,2330200092659690313
N/A,motorway_link / 20324578,0.032,yes,14,no,184602231400646635,2318703601413789403
N/A,motorway_link / 20324579,0.303,yes,358,no,184600582128486379,2318699203369375415
N/A,motorway_link / 20329580,0.238,yes,166,no,190048661878165910,-6907755843315297979
N/A,motorway_link / 20330963,0.278,yes,126,no,193758965158467629,2326452994313299081
N/A,motorway_link / 20333864,0.283,yes,235,no,189211383608987673,2314191223294791399
N/A,motorway_link / 2035177,0.030,yes,342,no,194248797070121230,2322081337933044955
N/A,motorway_link / 20372006,0.024,yes,281,no,183833124455663245,-6892600198746330039
N/A,motorway_link / 20404536,0.354,yes,243,no,193385131639134082,2330072585174264599
N/A,motorway_link / 20405483,0.057,yes,185,no,192570943462790675,2331616296370712015
N/A,motorway_link / 20405902,0.346,yes,311,no,189828210597384497,6934022426220043577
N/A,motorway_link / 20411839,0.033,yes,14,no,184983760735914136,-2303049544019999493
N/A,motorway_link / 20419853,0.370,yes,98,no,185585743912585639,2313351182590938449
N/A,motorway_link / 20420254,0.053,yes,86,no,189818863712031023,2313615081504509391
N/A,motorway_link / 20424871,0.607,yes,108,no,190052509913010580,2313456752757050737
N/A,motorway_link / 20429832,0.391,yes,260,no,195246601440156368,2301678804003715233
N/A,motorway_link / 20429833,0.366,yes,282,no,195261994602420951,-6921680038652807015
N/A,motorway_link / 20436435,0.068,yes,56,no,190027771102712205,-2296553610079629179
N/A,motorway_link / 20448471,0.214,yes,354,no,190531900498072179,-6880408788261649959
N/A,motorway_link / 20455948,0.296,yes,312,no,192097051279447353,6920916256267699701
N/A,motorway_link / 20464792,0.331,yes,63,no,191164115739825040,-6913543668241529055
N/A,motorway_link / 20464925,0.094,yes,87,no,194242200068512010,2322657482007125471
N/A,motorway_link / 20468246,0.052,yes,89,no,189658884931670246,6926655697647046711
N/A,motorway_link / 20471751,0.076,yes,40,yes,195665518448958353,-2284186281784105343
N/A,motorway_link / 20478657,0.011,yes,359,yes,195303226269588205,-6921851562338813869
N/A,motorway_link / 20478658,0.039,yes,359,yes,195303226269063917,-6921864756478347181
N/A,motorway_link / 20484058,0.209,yes,117,no,196015711494691887,-2295977443134008963
N/A,motorway_link / 20490367,0.380,yes,246,no,189513751197733025,2330068172359609113
N/A,motorway_link / 20515646,0.010,yes,168,no,194224607897147651,2322776229189525015
N/A,motorway_link / 20515893,0.016,yes,179,no,194224607897147651,2322780627236036121
N/A,motorway_link / 20516989,0.256,yes,199,no,192732020148885082,2316786084132950907
N/A,motorway_link / 20523527,0.049,yes,90,yes,191200402043655075,6941837760083798831
N/A,motorway_link / 20533646,0.310,yes,24,no,191427449011131404,6923484712873757345
N/A,motorway_link / 20535539,0.141,yes,3,no,192299912078644631,-2294913130063457415
N/A,motorway_link / 20545142,0.357,yes,164,no,189598411308749001,-2300731755903055633
N/A,motorway_link / 20548549,0.348,yes,12,no,192579739600901655,2331954945991913097
N/A,motorway_link / 20549137,0.419,yes,79,no,189947506538402150,6925006431335746897
N/A,motorway_link / 20549585,0.313,yes,154,no,194237252258846983,-6900740943141397069
N/A,motorway_link / 20560391,0.396,yes,173,no,194489037510236538,-6925145702283611573
N/A,motorway_link / 20565805,0.352,yes,251,no,193149284815296278,-2294864748288666743
N/A,motorway_link / 20566199,0.331,yes,115,no,184746816792774698,2315471037798551815
N/A,motorway_link / 20566200,0.036,yes,182,no,184739669969291306,2315471037754511647
N/A,motorway_link / 20566727,0.039,yes,89,no,189660534199111911,6926655697653338169
N/A,motorway_link / 20574543,0.011,yes,55,no,195402182294592282,6913026173413881857
N/A,motorway_link / 20577729,0.302,yes,295,no,186434566888180521,-2298334832604738229
N/A,motorway_link / 20580331,0.085,yes,284,no,189436233784053889,2314604640509890447
N/A,motorway_link / 20597234,0.305,yes,81,no,184950225633888390,-6914713572321786619
N/A,motorway_link / 20598251,0.354,yes,11,no,196667722015792473,-6906660704478030985
N/A,motorway_link / 20598259,0.306,yes,353,no,196668821537381722,6928564476571554679
N/A,motorway_link / 20618594,0.459,yes,139,no,196421980951502058,6926682111733665813
N/A,motorway_link / 20630285,0.005,yes,170,no,192537408306763267,-2280496332698276601
N/A,motorway_link / 20630286,0.035,yes,101,no,192536858550949379,6942880102203010311
N/A,motorway_link / 20644016,0.034,yes,112,no,194254294483556624,6932562291641555635
N/A,motorway_link / 20660113,0.344,yes,212,no,193695740632586256,-6918843304644706867
N/A,motorway_link / 20662675,0.084,yes,248,no,190025572079456652,-2296553610085920635
N/A,motorway_link / 20664563,0.270,yes,181,no,190044813813961110,2317463373059462339
N/A,motorway_link / 20664881,0.009,yes,132,no,185082716757248197,-2303256251828534119
N/A,motorway_link / 20669707,0.312,yes,179,no,194002506425653405,-2289969719296385963
N/A,motorway_link / 20679569,0.289,yes,350,no,185117900749228245,-6918095669468070177
N/A,motorway_link / 20697501,0.105,yes,135,no,194007454187083935,-6901950406812755035
N/A,motorway_link / 20702912,0.073,yes,63,no,190033818419286416,-2296531619821907825
N/A,motorway_link / 20703662,0.011,yes,73,no,189535739627786414,-2296729533819121615
N/A,motorway_link / 20733695,0.289,yes,193,no,185142089556773088,6913131687393097809
N/A,motorway_link / 20738530,0.027,yes,26,no,184002998944483034,-2281397964789240977
N/A,motorway_link / 20741228,0.047,yes,222,no,192533560008726017,-2280562303408526099
N/A,motorway_link / 20749927,0.332,yes,68,no,183960667708016324,-6893427030980810017
N/A,motorway_link / 20750827,0.221,yes,290,no,195476399328418618,-6922031881568389129
N/A,motorway_link / 20764222,0.276,yes,169,no,195272990639872735,6921122976552191557
N/A,motorway_link / 20764251,0.009,yes,271,yes,189822713036624177,6933974047662284087
N/A,motorway_link / 20764884,0.484,yes,31,no,190174555739345360,6925375868087832101
N/A,motorway_link / 20766517,0.453,yes,231,no,190313646381421069,-6889354415681031627
N/A,motorway_link / 20767441,0.264,yes,185,no,190058557925839260,2319275368276563963
N/A,motorway_link / 20768684,0.289,yes,273,no,195408229612739354,-6921987901357033455
N/A,motorway_link / 20783070,0.042,yes,90,yes,191202601078444964,6941934517113334619
N/A,motorway_link / 20788420,0.315,yes,303,no,196765028545289605,-2296984592939216969
N/A,motorway_link / 20791242,0.086,yes,188,no,191935426838222066,2340808211154615847
N/A,motorway_link / 20791845,0.071,yes,39,yes,195657272116468622,2327543717076936339
N/A,motorway_link / 20796314,0.013,yes,171,no,183953520878765764,6941617830109391565
N/A,motorway_link / 20800544,0.275,yes,147,no,189566524766900411,-6918337545053929867
N/A,motorway_link / 20804486,0.008,yes,182,no,190045363346428310,-6907755843327880865
N/A,motorway_link / 20809658,0.044,yes,259,no,189949156125659498,6927698035777475091
N/A,motorway_link / 20809659,0.033,yes,266,no,189950805393625451,6927702433828180499
N/A,motorway_link / 20816552,0.052,yes,271,no,189940359919391078,6926748057697521761
N/A,motorway_link / 2081812,0.264,yes,164,no,194238351600605448,-6902170308257506517
N/A,motorway_link / 2081855,0.287,yes,103,no,189902427620200787,2322222058864385297
N/A,motorway_link / 2081917,0.093,yes,118,no,189971147098509684,2322226457158360343
N/A,motorway_link / 2082138,0.037,yes,35,no,194249896605341966,6933965268459724087
N/A,motorway_link / 2082418,0.075,yes,199,no,194249346803915022,6933578240364649609
N/A,motorway_link / 20824207,0.066,yes,289,no,195340609648679677,-2310301883206469613
N/A,motorway_link / 20824269,0.289,yes,32,no,184932083949979779,2310809109201422549
N/A,motorway_link / 2083002,0.342,yes,145,no,193556105413089233,2327728427025573569
N/A,motorway_link / 20839442,0.480,yes,317,no,190188299746890198,-6908732209112281137
N/A,motorway_link / 20841221,0.322,yes,188,no,189595112491274441,-6914871884302514977
N/A,motorway_link / 20844355,0.182,yes,88,no,189772134633525528,-6908371570867040187
N/A,motorway_link / 20844356,0.010,yes,80,no,189767736586490136,6926686484385763397
N/A,motorway_link / 20849797,0.126,yes,267,no,190449433980260941,2316548580939141895
N/A,motorway_link / 2085148,0.245,yes,183,no,194172381150402795,2323216033643503353
N/A,motorway_link / 20852104,0.343,yes,118,no,191497817705501735,-2300256759613224483
N/A,motorway_link / 20862715,0.370,yes,331,no,190548393730331258,6959350778814286371
N/A,motorway_link / 20862716,0.366,yes,24,no,190548393720894074,-6875883198328321501
N/A,motorway_link / 20873036,0.335,yes,164,no,190066255006355871,2323537075375185737
N/A,motorway_link / 20892680,0.210,yes,279,no,195657821869136782,2327543717089519241
N/A,motorway_link / 20896802,0.358,yes,223,no,189495605825458330,-2310425050795214849
N/A,motorway_link / 20899934,0.027,yes,272,yes,189821613525520688,-6901079609575465673
N/A,motorway_link / 20906267,0.356,yes,82,no,191606669357175897,2311411667045452267
N/A,motorway_link / 20907711,0.308,yes,308,no,193748519807965224,6938231371681768625
N/A,motorway_link / 20908604,0.073,yes,85,no,189816664688775469,-2298075334977778225
N/A,motorway_link / 20914541,0.216,yes,323,no,195121257103055515,-6921763602088069007
N/A,motorway_link / 2091819,0.028,yes,270,no,194474743813462388,-2313890692464643661
N/A,motorway_link / 20918397,0.356,yes,64,no,192346093179721129,-2281389136840479873
N/A,motorway_link / 20922943,0.295,yes,60,no,196025057343003699,6927363807439229319
N/A,motorway_link / 20935702,0.229,yes,262,no,184940880334506115,2313267617236782389
N/A,motorway_link / 20941633,0.205,yes,164,no,190048112169537943,2316016415771988477
N/A,motorway_link / 20947092,0.531,yes,226,no,190048661627556243,-2298224867678351951
N/A,motorway_link / 20954815,0.474,yes,144,no,189813916947796265,6934040018353659193
N/A,motorway_link / 20969159,0.248,yes,281,no,191326294507607002,-2295089055623277805
N/A,motorway_link / 20973700,0.081,yes,182,no,196663873954733400,6930358879527114451
N/A,motorway_link / 20981077,0.119,yes,209,no,192578090296759829,-6891694167803548175
N/A,motorway_link / 20985015,0.027,yes,98,yes,192234491737625977,-2289855376827343769
N/A,motorway_link / 20990199,0.443,yes,268,no,192865612416505494,2330283689435474783
N/A,motorway_link / 20991026,0.472,yes,221,no,190286156475224576,2316275901449376425
N/A,motorway_link / 20991027,0.007,yes,262,no,190293303304999431,6928032288620941993
N/A,motorway_link / 20991133,0.262,yes,220,no,183896346281461416,-6893365458608575759
N/A,motorway_link / 20997453,0.328,yes,259,no,184976064158189714,2308667260726674699
N/A,motorway_link / 20997600,0.267,yes,338,no,189562676370297018,-6919225950461756193
N/A,motorway_link / 21005575,0.431,yes,316,no,192795244873471607,6952067622369246513
N/A,motorway_link / 21009512,0.429,yes,317,no,189742448715583753,-6900820125106037357
N/A,motorway_link / 21020067,0.012,yes,180,no,192691336795215433,-2306836232666087873
N/A,motorway_link / 21022746,0.035,yes,190,no,184005747766019804,2330639897369521169
N/A,motorway_link / 21028576,0.034,yes,57,no,191529154399786041,2316557381142582027
N/A,motorway_link / 21029758,0.081,yes,21,no,196457167234620666,2330969798358346923
N/A,motorway_link / 21030470,0.302,yes,209,no,192581388821157397,-2280065323987096119
N/A,motorway_link / 21031989,0.017,yes,1,no,192662752684234300,-2280065323662037555
N/A,motorway_link / 21032597,0.007,yes,258,no,192828778765964936,6941850960430902069
N/A,motorway_link / 21033808,0.095,yes,123,no,184180019827918634,6937879491445269539
N/A,motorway_link / 21037232,0.388,yes,285,no,184867762501929056,-6912672879048914795
N/A,motorway_link / 21037941,0.369,yes,255,no,189804570061918501,-6909756955381723687
N/A,motorway_link / 21041843,0.058,yes,168,no,190045363394138518,6927715628326326803
N/A,motorway_link / 21044854,0.024,yes,6,yes,191931028791186672,2340808211135741471
N/A,motorway_link / 21045871,0.018,yes,221,no,185104157283272911,6920529201477977429
N/A,motorway_link / 21047602,0.301,yes,185,no,194236702341552392,-6902170308267992213
N/A,motorway_link / 21054589,0.151,yes,99,no,195427471065176868,-6922005493480163317
N/A,motorway_link / 21055445,0.404,yes,256,no,190161363544396231,6941740999122103055
N/A,motorway_link / 21056570,0.381,yes,78,no,194145442854951132,6932725018974493445
N/A,motorway_link / 21069243,0.138,yes,143,no,194004155655346334,2321448018308504493
N/A,motorway_link / 21069639,0.389,yes,2,no,190561586897310337,-2272276391297795123
N/A,motorway_link / 21071202,0.008,yes,265,no,183955170154071749,2329997782385961705
N/A,motorway_link / 21071449,0.078,yes,121,no,189913421887131993,-2296597590980947863
N/A,motorway_link / 21092086,0.173,yes,99,no,192744666215044704,6942598628031605893
N/A,motorway_link / 21095341,0.441,yes,162,no,196467061790170365,-6901141156869956373
N/A,motorway_link / 21095342,0.438,yes,191,no,196465962291125501,-6901141156878344881
N/A,motorway_link / 21110962,0.118,yes,335,no,189609406842884304,2314433117360754489
N/A,motorway_link / 21115451,0.008,yes,93,no,189896379265012050,-2298211674117632625
N/A,motorway_link / 21126193,0.363,yes,261,no,191255928771793849,6953505777712644079
N/A,motorway_link / 21126929,0.246,yes,257,no,186652270190480269,6925015214843759955
N/A,motorway_link / 21129770,0.226,yes,281,no,188125615768555051,6924997628275985729
N/A,motorway_link / 21136345,0.304,yes,294,no,193561602969655251,6939388057199060673
N/A,motorway_link / 21141966,0.263,yes,50,no,194843629990271514,-6925387593470184929
N/A,motorway_link / 21146355,0.009,yes,91,no,190872199184339726,-6881798569665216647
N/A,motorway_link / 21150960,0.361,yes,82,no,195261994600848087,-6921710824978384745
N/A,motorway_link / 21152129,0.299,yes,121,no,184598383103657958,-6904712415906097483
N/A,motorway_link / 21156735,0.020,yes,22,no,194219110111992064,-6902495763776922953
N/A,motorway_link / 21161343,0.032,yes,32,no,184002449188144858,6941965275972512621
N/A,motorway_link / 21175831,0.125,yes,276,no,183836422990546573,-2280914180297970617
N/A,motorway_link / 21175978,0.340,yes,347,no,190060207186465181,2319297358519605185
N/A,motorway_link / 21179080,0.409,yes,255,no,185031043787081898,-6880769449030303397
N/A,motorway_link / 21180144,0.279,yes,197,no,190045363323359637,-2296289727219756777
N/A,motorway_link / 21184460,0.368,yes,103,no,191591276194911314,2311429259174873573
N/A,motorway_link / 21185530,0.020,yes,90,no,192751263189390948,-2281578251324216549
N/A,motorway_link / 21186532,0.115,yes,64,no,192585786868717081,2331603102296190409
N/A,motorway_link / 21188696,0.042,yes,246,no,191144325336880009,-2295071464148167901
N/A,motorway_link / 21188697,0.026,yes,317,no,191145424848507786,-6906757482573458655
N/A,motorway_link / 21196012,0.033,yes,92,no,196772175301139849,2314076902910856865
N/A,motorway_link / 21196240,0.010,yes,184,no,192540706860520965,6943034033843481935
N/A,motorway_link / 21203603,0.190,yes,286,no,195439015938317097,-6921987901247981553
N/A,motorway_link / 21205453,0.021,yes,209,no,189434584515563648,-2297085775974494319
N/A,motorway_link / 21205557,0.286,yes,95,no,184974964644464786,2308658464625263869
N/A,motorway_link / 21210957,0.317,yes,290,no,194203717201385718,-2288676692827300239
N/A,motorway_link / 21220930,0.457,yes,85,no,193364789078087549,-2295018679083986109
N/A,motorway_link / 21220993,0.308,yes,255,no,186421372748122915,-2298361220934136493
N/A,motorway_link / 21220994,0.028,yes,226,no,186427969819986729,-6910029647171285675
N/A,motorway_link / 21225826,0.028,yes,90,no,194231754708048134,2322657481963085279
N/A,motorway_link / 21228586,0.212,yes,252,no,192811186576774782,6941820174052895533
N/A,motorway_link / 21240264,0.312,yes,262,no,191592375708111955,2311433657221384691
N/A,motorway_link / 21259205,0.003,yes,129,no,185188270000916725,-2302187526123682177
N/A,motorway_link / 21259206,0.015,yes,144,no,185188270001441013,-2302187526125779327
N/A,motorway_link / 21259207,0.017,yes,210,no,185188270001441013,-2302183128079268221
N/A,motorway_link / 21261515,0.146,yes,96,no,194204266217953528,-6906581549031877775
N/A,motorway_link / 21268288,0.513,yes,314,no,184943078811453572,2308746425450628359
N/A,motorway_link / 21271672,0.180,yes,133,no,184825431814916175,6926660077261688875
N/A,motorway_link / 21273220,0.206,yes,253,no,185013997858801828,-6910095623256535745
N/A,motorway_link / 21285086,0.036,yes,250,no,192816134380672642,6941833368198720303
N/A,motorway_link / 21289954,0.043,yes,292,no,194008553704478880,-6901915222438569029
N/A,motorway_link / 21301125,0.023,yes,127,no,196758981192539523,-6909035649250095337
N/A,motorway_link / 21304984,0.312,yes,194,no,189590164590383302,-6915689920968260761
N/A,motorway_link / 21308725,0.493,yes,11,no,194504432721418625,-2296390865269026561
N/A,motorway_link / 21320304,0.395,yes,27,no,184937032041187459,6924887664960212275
N/A,motorway_link / 21328182,0.414,yes,336,no,194490686789736826,-6925048945243590023
N/A,motorway_link / 21338389,0.057,yes,131,no,183849067368498836,6942413876133637169
N/A,motorway_link / 21341644,0.125,yes,150,no,183941426108253886,6940434755558058149
N/A,motorway_link / 21364668,0.039,yes,100,yes,192125641095730504,2330301278765198193
N/A,motorway_link / 21365378,0.031,yes,256,no,186176181657225910,-6910025250085270187
N/A,motorway_link / 21365379,0.021,yes,309,no,186176731413039799,6925032805198990675
N/A,motorway_link / 21367542,0.312,yes,247,no,190066805541786015,2330063776391375621
N/A,motorway_link / 21372904,0.319,yes,65,no,195169637361081006,6927900365852512889
N/A,motorway_link / 21376685,0.354,yes,322,no,194005255608948893,-2286504058612080069
N/A,motorway_link / 21389542,0.129,yes,114,no,187202575758609544,-2298361217966666427
N/A,motorway_link / 21396610,0.056,yes,221,no,183982108208350928,-2281529906262168779
N/A,motorway_link / 2140644,0.145,yes,229,no,194237801921337607,-2289886155504608157
N/A,motorway_link / 21414495,0.557,yes,306,no,184930984722516098,-2298427197321376465
N/A,motorway_link / 21414781,0.308,yes,199,no,194004705460967582,2321817454217534595
N/A,motorway_link / 21415053,0.348,yes,166,no,183910639835104943,-6894157106915563169
N/A,motorway_link / 21419671,0.349,yes,181,no,190217986605404644,-2296667958567497611
N/A,motorway_link / 21419672,0.014,yes,192,no,190217986611171813,2315106020790112375
N/A,motorway_link / 21420589,0.023,yes,285,no,191272968878379972,-6901044419666895543
N/A,motorway_link / 21436647,0.314,yes,252,no,194987116350495323,2298780490358846335
N/A,motorway_link / 21436648,0.358,yes,288,no,195000860246366816,-2312883537781460107
N/A,motorway_link / 21447634,0.086,yes,262,no,189971147104276852,2322266039576960303
N/A,motorway_link / 21447635,0.014,yes,271,no,189973346127532405,-2289415580801819345
N/A,motorway_link / 21450031,0.364,yes,140,no,183894696986756775,-2281881750301824401
N/A,motorway_link / 21458885,0.008,yes,1,no,189610506500788432,-2296039040233762453
N/A,motorway_link / 21459207,0.021,yes,245,no,190058007475343772,2313483141017243027
N/A,motorway_link / 21461259,0.334,yes,120,no,192544002400671235,-2305450848554057565
N/A,motorway_link / 21467611,0.086,yes,156,no,194224607896099074,-6900595807661056497
N/A,motorway_link / 21469393,0.255,yes,139,no,190913977665016607,-6906621144001932467
N/A,motorway_link / 21509661,0.056,yes,261,yes,194736431477905899,6942167627061013445
N/A,motorway_link / 21510726,0.019,yes,258,no,184935932239104131,2310809109201422549
N/A,motorway_link / 21512029,0.278,yes,171,no,190545095100027513,-6876520915097597767
N/A,motorway_link / 21516313,0.413,yes,24,no,196662774487145815,-6904373720306935923
N/A,motorway_link / 21520853,0.318,yes,100,no,189761139517247762,6926695280476688453
N/A,motorway_link / 21521030,0.455,yes,312,no,194146542369200348,6932804183815887623
N/A,motorway_link / 21531331,0.029,yes,315,no,188415886835142321,6924971241089535285
N/A,motorway_link / 21537473,0.240,yes,98,no,184972765711386769,-6913961506284501419
N/A,motorway_link / 21539901,0.332,yes,40,no,183955720129038019,6943491397950385725
N/A,motorway_link / 21540043,0.380,yes,2,no,194248796755024142,-6903973507287214017
N/A,motorway_link / 21541129,0.332,yes,119,no,193565451254061012,-2284032358150560087
N/A,motorway_link / 2155090,0.340,yes,290,no,193716083042113560,-2294987891428814019
N/A,motorway_link / 21564640,0.325,yes,231,no,192855167053944465,-6893154318177784987
N/A,motorway_link / 21579396,0.331,yes,53,no,194275185203435799,2320849885035764405
N/A,motorway_link / 21585032,0.133,yes,95,no,192990955139323600,-2294873545000348803
N/A,motorway_link / 21588409,0.019,yes,279,no,183690737709827660,-6892516636405781393
N/A,motorway_link / 21590126,0.360,yes,9,no,196426928640580844,-6909418280559047023
N/A,motorway_link / 21601159,0.357,yes,107,no,192742467099514461,-6893233483434415331
N/A,motorway_link / 21605854,0.151,yes,77,no,183896896036226729,2329984588034616037
N/A,motorway_link / 21623657,0.454,yes,319,no,184936482304247937,-6909910905594573477
N/A,motorway_link / 21624559,0.254,yes,122,no,193434059682699161,-6895155427127842897
N/A,motorway_link / 21634862,0.007,yes,105,no,183954070636152516,6941631024251022033
N/A,motorway_link / 21643578,0.325,yes,256,no,186168485074258608,-6910042842277606059
N/A,motorway_link / 21643579,0.043,yes,222,no,186176181657225910,-6910025250085270185
N/A,motorway_link / 21649299,0.008,yes,287,no,189606658062766287,2314411127109324601
N/A,motorway_link / 21649300,0.011,yes,292,no,189607207818580175,2314411127111421753
N/A,motorway_link / 21649301,0.003,yes,300,no,189607207818580175,6926097145538809657
N/A,motorway_link / 21652980,0.013,yes,259,no,189994785860309375,6927715628133388827
N/A,motorway_link / 21653303,0.406,yes,146,no,184007946477323995,6939761854704002901
N/A,motorway_link / 21653645,0.128,yes,98,no,185822138914130452,-2298330436907037353
N/A,motorway_link / 21655176,0.245,yes,109,no,188579714063486713,-2298435979495600861
N/A,motorway_link / 21662598,0.098,yes,124,no,194252095461349646,-2290796551079978315
N/A,motorway_link / 21663638,0.260,yes,281,no,195396684741171989,-6921979105312245739
N/A,motorway_link / 21665402,0.112,yes,109,no,195432968622267175,-6922009891509897209
N/A,motorway_link / 21671644,0.056,yes,268,no,185044783633877172,2308662862921336069
N/A,motorway_link / 21673273,0.224,yes,304,no,187667669169818971,-6910091215078683349
N/A,motorway_link / 21676296,0.018,yes,137,no,195634180965620612,2315752554290483609
N/A,motorway_link / 21681421,0.243,yes,136,no,196186135762918525,6927117517440684279
N/A,motorway_link / 21683718,0.130,yes,271,no,185827086716455447,2313359979585736027
N/A,motorway_link / 21694314,0.353,yes,359,no,190499461756179047,-2295146233375747341
N/A,motorway_link / 21695486,0.246,yes,115,no,187967286092582371,6924988831581080887
N/A,motorway_link / 21697662,0.260,yes,280,no,189794674621370658,6926695280600420419
N/A,motorway_link / 21702474,0.217,yes,287,no,191938175613097202,-6882563825681285607
N/A,motorway_link / 21707604,0.060,yes,309,no,185084366024165574,2308429766607242389
N/A,motorway_link / 21708597,0.021,yes,354,no,184006847278171868,-6892727741434549231
N/A,motorway_link / 21708832,0.384,yes,74,no,189703964912603383,-2296694348775944117
N/A,motorway_link / 21713026,0.061,yes,306,no,192750713528473188,6942594229997677699
N/A,motorway_link / 21720688,0.389,yes,40,no,190222384651915749,6926704078316638325
N/A,motorway_link / 21720702,0.163,yes,263,no,196851340257353131,-2296615156692545431
N/A,motorway_link / 21725302,0.101,yes,19,no,189739699040506124,2314991669762592841
N/A,motorway_link / 21731322,0.291,yes,296,no,192551149226776075,6917938780514025645
N/A,motorway_link / 21733408,0.023,yes,282,no,188415337078804145,2313276426564930869
N/A,motorway_link / 21751850,0.221,yes,86,no,192592933695346203,2331616296471375309
N/A,motorway_link / 21754720,0.036,yes,150,no,185595089760373166,-2298348029967594161
N/A,motorway_link / 21758891,0.322,yes,315,no,192713330143614545,-6892353874249634657
N/A,motorway_link / 21759590,0.149,yes,317,no,184851270320343131,-2296861493077995543
N/A,motorway_link / 21775461,0.215,yes,76,no,185075570507860160,-2298435992864944849
N/A,motorway_link / 21775685,0.381,yes,179,no,190552790792753788,6951003286534110113
N/A,motorway_link / 21776440,0.104,yes,74,no,184904046811367539,-2297446433062646033
N/A,motorway_link / 21788607,0.064,yes,4,no,189896929024495955,2313496334542310817
N/A,motorway_link / 21788961,0.061,yes,88,no,191477478991680545,6941987294724238195
N/A,motorway_link / 21799074,0.170,yes,185,no,189606658245218510,-2295766361362656773
N/A,motorway_link / 21801080,0.346,yes,312,no,196259802819681438,-6909783319038128725
N/A,motorway_link / 21807436,0.366,yes,359,no,189656136154173672,2314987271418286145
N/A,motorway_link / 21807988,0.017,yes,162,no,197108076196748834,6926545774896484359
N/A,motorway_link / 21807989,0.381,yes,119,no,197104777667632671,-2296813067818758137
N/A,motorway_link / 21814739,0.032,yes,83,no,194808995361413644,-6925475554547207707
N/A,motorway_link / 21818291,0.070,yes,5,no,190049761431736728,6927623269366370807
N/A,motorway_link / 21819243,0.312,yes,337,no,195276289243962080,2310021898329655117
N/A,motorway_link / 21820725,0.344,yes,254,no,185917796425747006,6925037202282909023
N/A,motorway_link / 21826013,0.035,yes,77,no,192826029985322630,-2281534270569698513
N/A,motorway_link / 21831678,0.017,yes,224,no,190037116957315474,-2296500833487941479
N/A,motorway_link / 21837279,0.169,yes,186,no,192128939629040968,-6893092748322133135
N/A,motorway_link / 21841332,0.337,yes,107,no,191259774736225211,-6901062011880202953
N/A,motorway_link / 21843674,0.182,yes,268,no,191806781116208309,-2294873549515517059
N/A,motorway_link / 21852661,0.046,yes,249,no,183954070642443972,2329993384337353449
N/A,motorway_link / 21853005,0.266,yes,307,no,188217424989998677,-2298352417991815871
N/A,motorway_link / 21855872,0.240,yes,276,no,189869991169446212,-6908353978303508405
N/A,motorway_link / 21859274,0.068,yes,196,no,190044813643567510,6927742016605393453
N/A,motorway_link / 21865005,0.072,yes,17,no,189608857087594703,-6908956511690551485
N/A,motorway_link / 21870518,0.361,yes,189,no,192821082187191938,-2281534270586475693
N/A,motorway_link / 21887650,0.079,yes,56,no,190055808706367899,2315607397480010077
N/A,motorway_link / 21899599,0.042,yes,58,no,191315849143997400,2316557380328887051
N/A,motorway_link / 21900321,0.332,yes,128,no,194008553700808862,6933134036767349667
N/A,motorway_link / 21901697,0.413,yes,354,no,190223484175077863,-2296474444491648905
N/A,motorway_link / 21901698,0.014,yes,359,no,190225683192041960,-6908266016035303305
N/A,motorway_link / 21910478,0.328,yes,17,no,194004705449433246,6933397919530753109
N/A,motorway_link / 21912415,0.313,yes,278,no,189385106479730791,6926185105646948191
N/A,motorway_link / 21918264,0.025,yes,79,no,184937581506021507,-2300876909219673901
N/A,motorway_link / 21924512,0.272,yes,159,no,190185550958383572,6926308253983838085
N/A,motorway_link / 21928466,0.279,yes,41,no,189445579633414276,2314582650325569439
N/A,motorway_link / 21938213,0.015,yes,75,no,185044783638071476,6920384065716618515
N/A,motorway_link / 21938254,0.228,yes,3,no,185039835833649331,-2302987971142351609
N/A,motorway_link / 21957246,0.025,yes,96,no,187973333405486568,2313285220973940025
N/A,motorway_link / 21958457,0.236,yes,94,no,189860095563747648,2315004864373985349
N/A,motorway_link / 21961060,0.246,yes,347,no,193470890515716011,-2307003355453456937
N/A,motorway_link / 2196182,0.434,yes,215,no,190045913218634133,6928234597827220275
N/A,motorway_link / 21963650,0.026,yes,3,no,192577540532557334,2331616296393780683
N/A,motorway_link / 2196554,0.049,yes,62,no,194323013471656239,6928454516462326637
N/A,motorway_link / 2197082,0.068,yes,68,no,196555021877861670,6926796461444173945
N/A,motorway_link / 21985686,0.105,yes,295,no,183841370791822992,6942453458527071297
N/A,motorway_link / 21986332,0.051,yes,135,no,192722675985634903,-6892433039067960175
N/A,motorway_link / 22002153,0.139,yes,22,no,184000799918081753,2330248471215352681
N/A,motorway_link / 22003397,0.416,yes,175,no,194487938011191674,2298331887683236473
N/A,motorway_link / 22009249,0.062,yes,162,no,194226257161443587,-6900609001798492665
N/A,motorway_link / 22013874,0.503,yes,123,no,189658884786966754,6925455030983069193
N/A,motorway_link / 22019786,0.402,yes,280,no,189333981046591567,6941780578386586381
N/A,motorway_link / 22020983,0.382,yes,149,no,191933227808675056,2340808211150421491
N/A,motorway_link / 22021358,0.555,yes,304,no,196557220905311523,2315150025479426175
N/A,motorway_link / 22026342,0.332,yes,158,no,191026677294388051,-6909220389066371425
N/A,motorway_link / 22029711,0.669,yes,43,no,190064055837872541,-6901171967581217471
N/A,motorway_link / 22038961,0.343,yes,257,no,191563789691868229,-2289463953221214943
N/A,motorway_link / 22048470,0.028,yes,86,no,192816134379099778,6941824572105698089
N/A,motorway_link / 22057412,0.154,yes,268,no,192956871878989505,2330239709295422297
N/A,motorway_link / 22065226,0.143,yes,102,no,195465404212140854,2301335757191641083
N/A,motorway_link / 22065543,0.354,yes,279,no,193135542426752784,-6893884392822789651
N/A,motorway_link / 22079886,0.244,yes,6,no,189561576886456506,6916003628623854951
N/A,motorway_link / 22082856,0.342,yes,5,no,195397784249654042,6913043765608314893
N/A,motorway_link / 22089269,0.150,yes,171,no,195293330661268201,2301507280344971325
N/A,motorway_link / 22089680,0.107,yes,227,no,189439532319985794,-6908767396330205287
N/A,motorway_link / 22097200,0.413,yes,164,no,190063507050942877,6942141220954057611
N/A,motorway_link / 22111058,0.259,yes,185,no,183980458936714960,6941776159888649009
N/A,motorway_link / 22112906,0.122,yes,20,no,196673769156730204,6926972383753408725
N/A,motorway_link / 22117386,0.341,yes,115,no,194241099855386887,6928467710308258659
N/A,motorway_link / 22118823,0.043,yes,113,no,194232304463337734,2322657481965182429
N/A,motorway_link / 22120067,0.022,yes,356,no,190186650473157078,-2297050588733501535
N/A,motorway_link / 22133655,0.032,yes,46,no,189737500020920586,-6908340784686165929
N/A,motorway_link / 22133668,0.212,yes,277,no,195528627869277010,2315919679669932517
N/A,motorway_link / 22138564,0.249,yes,262,no,188839198860595055,-2298000571899048461
N/A,motorway_link / 22141741,0.037,yes,299,no,196769426553003399,-2297345232736350441
N/A,motorway_link / 22143354,0.347,yes,265,no,194131149209557205,6932804183752973091
N/A,motorway_link / 22143355,0.008,yes,268,no,194138845792000220,2321118165327682339
N/A,motorway_link / 22143689,0.040,yes,262,no,191475279970522144,6942004886897699707
N/A,motorway_link / 22144890,0.352,yes,243,no,194282882913622298,6942009295677434763
N/A,motorway_link / 22145126,0.332,yes,24,no,185437309591177573,-2300489879207802461
N/A,motorway_link / 22153991,0.052,yes,226,yes,195119058086091417,6913320841452189835
N/A,motorway_link / 22154571,0.378,yes,259,no,193747420718913574,6941745410848336651
N/A,motorway_link / 22166568,0.094,yes,265,no,189811716886974763,-6909752557326823983
N/A,motorway_link / 22170251,0.385,yes,72,no,191006887938446152,6941327585977576019
N/A,motorway_link / 22197543,0.344,yes,170,no,185127800853842137,-2268652421705088535
N/A,motorway_link / 22217934,0.341,yes,218,no,192837571817592457,-2307060532457243155
N/A,motorway_link / 22218086,0.069,yes,265,no,191477478994301985,2330318868482894717
N/A,motorway_link / 22222727,0.314,yes,243,no,185161332422691046,-2298370021833831083
N/A,motorway_link / 2222351,0.391,yes,51,no,190547293694415480,-6880193283909205385
N/A,motorway_link / 2222352,0.377,yes,340,no,190549492727632507,6955036295184794231
N/A,motorway_link / 22227666,0.388,yes,286,no,192760609042421350,2330169339821435689
N/A,motorway_link / 22227790,0.287,yes,280,no,188850743732686708,-6909677794187276817
N/A,motorway_link / 22238534,0.392,yes,18,no,185117351003375829,-6918095669463875797
N/A,motorway_link / 2223854,0.310,yes,102,no,189604459129688268,-2296544815599316863
N/A,motorway_link / 2223884,0.144,yes,273,no,187976082187177448,6925002025745780035
N/A,motorway_link / 22240000,0.302,yes,10,no,195275739418417888,-2302319429034178971
N/A,motorway_link / 22257046,0.010,yes,20,no,192543455639590406,-6892028419474707121
N/A,motorway_link / 22257382,0.310,yes,82,no,194250446406768908,2322657482057457123
N/A,motorway_link / 22260012,0.236,yes,213,no,190095392141037995,-2287568400793198451
N/A,motorway_link / 22262730,0.235,yes,266,no,183790793264809591,-2280861403905512349
N/A,motorway_link / 22268164,0.398,yes,69,no,192759509529220709,2330107767166085927
N/A,motorway_link / 22271900,0.115,yes,74,no,189440082070032514,-6908798182653685883
N/A,motorway_link / 22275749,0.023,yes,168,no,184180569584781099,-6897174165792480217
N/A,motorway_link / 22280005,0.403,yes,253,no,189619852394713297,6927698034548544027
N/A,motorway_link / 22282840,0.010,yes,91,no,194232854219675910,-6900714554889593377
N/A,motorway_link / 22294256,0.341,yes,153,no,184935932369651841,6923629823630772915
N/A,motorway_link / 22294257,0.037,yes,133,no,184931534327859328,-2299733417149855015
N/A,motorway_link / 22301572,0.394,yes,196,no,185111853455722705,-6918003310516502701
N/A,motorway_link / 2231232,0.311,yes,10,no,190064056471212446,-6895819545021241677
N/A,motorway_link / 22313386,0.307,yes,333,no,196765578308967814,2314762998147714999
N/A,motorway_link / 2231352,0.024,yes,339,no,194248247314831629,-2289591486354809637
N/A,motorway_link / 2231392,0.105,yes,41,no,192548403447158280,6943069218251222375
N/A,motorway_link / 22323919,0.333,yes,153,no,184052476642674415,6939278069753456259
N/A,motorway_link / 22326615,0.260,yes,68,no,186182228967508663,-6910069230510535347
N/A,motorway_link / 22328570,0.043,yes,302,no,194247697417459981,2320907059512482497
N/A,motorway_link / 22341183,0.259,yes,42,no,194316416888428842,-6902526549716624717
N/A,motorway_link / 22348402,0.256,yes,51,no,190055259750617500,2322305622320618817
N/A,motorway_link / 22352132,0.068,yes,201,no,183908440817616559,-6894157106923951731
N/A,motorway_link / 22359679,0.401,yes,335,no,190562136835576449,2341036904347090523
N/A,motorway_link / 22373023,0.222,yes,208,no,190740256417469136,-6893312655932511465
N/A,motorway_link / 2237320,0.236,yes,13,no,189600610188349644,2309678829046597355
N/A,motorway_link / 22375149,0.019,yes,231,no,191145424849032074,-6906757482573458651
N/A,motorway_link / 22375150,0.289,yes,273,no,191151472161936266,-2295067066053422305
N/A,motorway_link / 22376185,0.052,yes,278,no,194322463718988079,2316799284356322165
N/A,motorway_link / 22377200,0.035,yes,359,no,194808995361937932,-2313780740026797595
N/A,motorway_link / 22379094,0.263,yes,1,no,190047562346615191,6927082309637116183
N/A,motorway_link / 22390465,0.027,yes,208,no,186176731413564087,6925032805198990679
N/A,motorway_link / 22390466,0.318,yes,287,no,186183878238096055,-6910020851988427441
N/A,motorway_link / 22394465,0.058,yes,180,no,192859015349360278,2330270495235124075
N/A,motorway_link / 22395611,0.229,yes,159,no,184934832482109569,-2302904408667585247
N/A,motorway_link / 22396180,0.396,yes,19,no,190067905189204384,2331128103672229141
N/A,motorway_link / 22399647,0.391,yes,267,no,189907374570557780,2315057641125056611
N/A,motorway_link / 22399648,0.011,yes,264,no,189915620908290395,-6908305599634599837
N/A,motorway_link / 22407367,0.010,yes,282,no,194616583065262517,6928362158601278273
N/A,motorway_link / 22407483,0.139,yes,104,no,187878225652305339,-2298374409528799933
N/A,motorway_link / 22412876,0.380,yes,52,no,185029944272308394,-6880800235368464041
N/A,motorway_link / 22414153,0.695,yes,168,no,190084397064081833,6936225848516157699
N/A,motorway_link / 22416517,0.333,yes,64,no,195472003019397943,-6907483143718039067
N/A,motorway_link / 22427893,0.721,yes,103,no,184943628562548863,-2303027553883912959
N/A,motorway_link / 22439597,0.017,yes,174,no,185109104669837521,-2306334884287742173
N/A,motorway_link / 22439598,0.022,yes,174,no,185109104670361809,-2306330486241231065
N/A,motorway_link / 22439599,0.033,yes,234,no,185109104670886097,-2306321690146111703
N/A,motorway_link / 22449482,0.072,yes,112,no,192622620343621161,-2281450708461933743
N/A,motorway_link / 22458052,0.169,yes,4,no,189603359006740685,-6913350160171923585
N/A,motorway_link / 22458518,0.070,yes,137,no,194240550595025161,-2290748172614493493
N/A,motorway_link / 22499853,0.031,yes,297,no,183811134227826307,6942501836917058651
N/A,motorway_link / 22504095,0.405,yes,249,no,189317488371650631,-2281613448763659499
N/A,motorway_link / 22524998,0.056,yes,18,no,194565454246795678,2303860232447589505
N/A,motorway_link / 22541593,0.395,yes,326,no,184924936894761085,6920634753933641057
N/A,motorway_link / 22544829,0.240,yes,105,no,183971663046592203,6943491397996523037
N/A,motorway_link / 22547568,0.012,yes,148,no,192683090455385670,2304832193543798325
N/A,motorway_link / 22548815,0.056,yes,314,no,190049211855753624,2317458975033922719
N/A,motorway_link / 22549137,0.286,yes,254,no,194220209628338430,6932606271993420493
N/A,motorway_link / 22551476,0.378,yes,163,no,190059658608202139,-6894196665877518007
N/A,motorway_link / 22555301,0.311,yes,161,no,190059108090073499,6934457833680281075
N/A,motorway_link / 22557139,0.220,yes,286,no,185019495416940711,-6910073632994620107
N/A,motorway_link / 22558433,0.092,yes,277,no,196865084152700339,2315079657874002023
N/A,motorway_link / 22570734,0.328,yes,232,no,195885419371518963,6927420981509099937
N/A,motorway_link / 22575730,0.274,yes,278,no,183805086915446398,2330829012625009757
N/A,motorway_link / 22575882,0.039,yes,300,no,183901843844843180,6941727781077134073
N/A,motorway_link / 22581795,0.056,yes,271,no,189937611140845925,2315066437306159201
N/A,motorway_link / 22582143,0.267,yes,343,no,194238901363759369,2321267699297033033
N/A,motorway_link / 22584732,0.273,yes,264,no,189984890138218872,6926730465698123869
N/A,motorway_link / 22587190,0.016,yes,307,no,192621520829896234,2330213319726607179
N/A,motorway_link / 22587191,0.256,yes,215,no,192626468631172650,6941899338162383697
N/A,motorway_link / 22589653,0.063,yes,161,no,194225157651388675,2322776229193719311
N/A,motorway_link / 22589933,0.267,yes,132,no,189699017237680375,-6907316040006364637
N/A,motorway_link / 22593517,0.024,yes,67,no,194225157431712003,6932610670039931597
N/A,motorway_link / 22598079,0.311,yes,300,no,190059658715681182,2330059378338573063
N/A,motorway_link / 22599738,0.376,yes,184,no,183971113232582348,2331290808123141471
N/A,motorway_link / 22599817,0.420,yes,26,no,185120648936376534,-6923149024886262221
N/A,motorway_link / 22605849,0.224,yes,280,no,194159186944809187,6934383082549026285
N/A,motorway_link / 22605861,0.185,yes,282,no,194167983037307111,-6900683768803090957
N/A,motorway_link / 22607847,0.329,yes,154,no,192677592919266882,-2306625126477595017
N/A,motorway_link / 22607848,0.321,yes,225,no,192678692440331842,-2306625126465012037
N/A,motorway_link / 22628777,0.271,yes,181,no,189491757525848218,-6922177039947532323
N/A,motorway_link / 22631591,0.033,yes,255,no,189442281099579523,-2297063785710481511
N/A,motorway_link / 22633387,0.195,yes,137,no,194480791128988021,-2313881896346455633
N/A,motorway_link / 22634721,0.026,yes,121,no,193023942068360928,-2281613434654020855
N/A,motorway_link / 22635261,0.036,yes,135,no,188415337071464113,2313219251960286487
N/A,motorway_link / 22641683,0.235,yes,341,no,186779813535108042,-2298374413714715333
N/A,motorway_link / 22641684,0.024,yes,294,no,186784211580046283,6924975632911699257
N/A,motorway_link / 22646614,0.252,yes,82,no,191193804973888414,-6893233489346286801
N/A,motorway_link / 22647183,0.276,yes,358,no,184054125910116082,6939278069753456261
N/A,motorway_link / 22647419,0.357,yes,252,no,192679245183538753,2330151747320818489
N/A,motorway_link / 22649799,0.309,yes,203,no,196664423758257494,-6904281361351174259
N/A,motorway_link / 22650805,0.035,yes,17,no,184902397543401587,-2297446433077326097
N/A,motorway_link / 22666491,0.037,yes,343,no,194229005941037317,2322754238973746703
N/A,motorway_link / 22668787,0.234,yes,352,no,189561576894845114,6916135570019188075
N/A,motorway_link / 22674972,0.273,yes,125,no,187443918558809333,2313316005296737591
N/A,motorway_link / 22675864,0.024,yes,328,no,183955719909885637,2330002180434569961
N/A,motorway_link / 22684376,0.078,yes,6,no,189607207928156367,6927003143120097503
N/A,motorway_link / 22693795,0.389,yes,303,no,194276284718209303,2320907059648797367
N/A,motorway_link / 22695916,0.067,yes,358,no,191936526349849842,-6882563825698062813
N/A,motorway_link / 22696715,0.327,yes,98,no,193378534365419391,2328370541149300733
N/A,motorway_link / 22700990,0.160,yes,157,no,183934829047924411,6940518318416603333
N/A,motorway_link / 22704476,0.033,yes,269,no,195891466688093176,-2295929065108926051
N/A,motorway_link / 22715892,0.041,yes,292,no,195460458151500596,-2295744348797529615
N/A,motorway_link / 22715934,0.022,yes,222,no,187205324540300427,2313337994602351955
N/A,motorway_link / 22734637,0.363,yes,292,no,192307059481466264,6933345136517585925
N/A,motorway_link / 22742538,0.378,yes,58,no,191511561600324654,2311394074498697707
N/A,motorway_link / 22744117,0.294,yes,112,no,193447253818038174,-2283508991066626145
N/A,motorway_link / 22746049,0.007,yes,317,no,189607757573869775,-6908965307787768009
N/A,motorway_link / 22752277,0.220,yes,48,no,188680319416749864,6925243920996634053
N/A,motorway_link / 22760515,0.357,yes,148,no,193992061476231319,2325234736314720847
N/A,motorway_link / 22761688,0.051,yes,254,no,185187170489813237,2309502890348119683
N/A,motorway_link / 22761689,0.261,yes,224,no,185192118295283957,-2302178730005494119
N/A,motorway_link / 22768322,0.040,yes,16,no,183914488129472178,6940887754239650179
N/A,motorway_link / 22773739,0.316,yes,155,no,190056908738089370,-6903353398719932147
N/A,motorway_link / 22783084,0.059,yes,266,no,189937611140321637,2315062039259648097
N/A,motorway_link / 22787469,0.028,yes,32,no,187206424048258187,6924997624754867527
N/A,motorway_link / 22789966,0.034,yes,91,no,185043684118579379,-2303053941837921035
N/A,motorway_link / 22792097,0.029,yes,358,no,192540706847938053,6942924082680704287
N/A,motorway_link / 22793027,0.029,yes,80,no,194268588132620566,-2290831735395444053
N/A,motorway_link / 22793794,0.327,yes,306,no,196295538953510062,6942084070143699851
N/A,motorway_link / 22795609,0.282,yes,164,no,184897999493744752,-2297437636996886831
N/A,motorway_link / 22796220,0.378,yes,200,no,190057458503864730,-6903353398719932073
N/A,motorway_link / 22803945,0.061,yes,156,no,194231754708572422,2322670676102618591
N/A,motorway_link / 22803946,0.045,yes,154,no,194230655198517509,-2289006546235941403
N/A,motorway_link / 22810830,0.299,yes,110,no,195109162139081362,-6924595944081067157
N/A,motorway_link / 22832153,0.395,yes,250,no,192743566612715101,-2281543066952127689
N/A,motorway_link / 22836385,0.373,yes,181,no,192791946339112566,-2271300016476766927
N/A,motorway_link / 22849509,0.411,yes,165,no,191419752430785541,-6911485381511738731
N/A,motorway_link / 22853335,0.027,yes,139,no,194225157431712003,6932610670039931593
N/A,motorway_link / 22853336,0.241,yes,359,no,194221309138917635,2320924651610446523
N/A,motorway_link / 22853760,0.362,yes,128,no,190189399256945110,-6908732209114378331
N/A,motorway_link / 22854619,0.249,yes,145,no,196432426139475181,-6909840493001044593
N/A,motorway_link / 22854620,0.010,yes,179,no,196429127608261869,-6909840493022016087
N/A,motorway_link / 22871979,0.435,yes,288,no,192695737857955399,-6893198299232195795
N/A,motorway_link / 22879318,0.416,yes,199,no,190220735396532709,2315110418857595045
N/A,motorway_link / 22884497,0.228,yes,290,yes,192143780287698254,-6916142910005050769
N/A,motorway_link / 22895227,0.124,yes,151,no,194314767126059307,6928401739874833221
N/A,motorway_link / 22900159,0.030,yes,114,no,185618179505605049,2313346784640896339
N/A,motorway_link / 22904132,0.218,yes,298,no,192684193102779972,-2280535914540159769
N/A,motorway_link / 22904133,0.021,yes,302,no,192688591147193928,-6892252719291028249
N/A,motorway_link / 22914307,0.382,yes,198,no,194299374100633891,-6905556803840371347
N/A,motorway_link / 22916162,0.121,yes,142,no,187663820877024602,-6910122001437815521
N/A,motorway_link / 22924478,0.306,yes,260,no,196719949059808623,2318782812501579521
N/A,motorway_link / 22943932,0.394,yes,278,no,191607219114562649,2311442453377321453
N/A,motorway_link / 22944834,0.380,yes,284,no,191425799745262599,2311869063190547105
N/A,motorway_link / 22946583,0.367,yes,342,no,195303776018586349,-6921864756459472855
N/A,motorway_link / 22947258,0.193,yes,55,no,183995852112611030,2330217684879289179
N/A,motorway_link / 22949864,0.259,yes,120,no,188410389272284844,-2298440378190131941
N/A,motorway_link / 22953918,0.331,yes,112,no,194210864020674809,-6900419885834166697
N/A,motorway_link / 22955074,0.284,yes,310,no,196251006733999258,-6909734940568449597
N/A,motorway_link / 22955700,0.480,yes,122,no,189716609145852156,-6909616218222621191
N/A,motorway_link / 22967821,0.071,yes,178,no,190044263885656470,6927724424417251877
N/A,motorway_link / 22971368,0.047,yes,85,no,189994785857163647,2316003221431128591
N/A,motorway_link / 22975092,0.280,yes,260,no,189942559054844261,2316003221248676369
N/A,motorway_link / 22975997,0.120,yes,153,no,185098109626435788,6917666073180373043
N/A,motorway_link / 22977045,0.524,yes,306,no,194310918850042151,2316878449185133431
N/A,motorway_link / 22977355,0.417,yes,11,no,194491236533492091,-6925251255383100807
N/A,motorway_link / 22977712,0.101,yes,303,no,184192114456348464,2326202269159138341
N/A,motorway_link / 22980187,0.326,yes,247,no,195373046978140938,2315946067361796605
N/A,motorway_link / 22980841,0.504,yes,163,no,190557189087253117,-2270182921173188831
N/A,motorway_link / 22986176,0.372,yes,131,no,192681444323710530,-6892204340785697567
N/A,motorway_link / 22994317,0.675,yes,144,no,190059658715156887,2330059378334378707
N/A,motorway_link / 22994968,0.250,yes,229,no,194949736728975946,-6892943203953005637
N/A,motorway_link / 22996237,0.299,yes,114,no,196256504284273820,-6909809707331875413
N/A,motorway_link / 22999307,0.053,yes,82,no,189996984880943488,2316007619486028303
N/A,motorway_link / 23009155,0.039,yes,90,no,191475279968424992,-6893070760568411277
N/A,motorway_link / 23023556,0.263,yes,243,no,185108555331881167,-6914528853766437533
N/A,motorway_link / 23027127,0.022,yes,291,no,191315849150813144,2316618952977945379
N/A,motorway_link / 23029005,0.020,yes,150,no,194241100543777034,-6900824506020913745
N/A,motorway_link / 23029006,0.032,yes,154,no,194240550789011722,2322560724971298223
N/A,motorway_link / 23035053,0.270,yes,319,no,189691870406332663,6927724423083463201
N/A,motorway_link / 23036053,0.299,yes,296,no,195346656958962431,2301379737214253057
N/A,motorway_link / 23042661,0.129,yes,299,no,189951355036193130,-6908305599491993505
N/A,motorway_link / 23043281,0.292,yes,185,no,189606108430160078,2315409483667345697
N/A,motorway_link / 23048541,0.326,yes,153,no,196761730008833412,2314688231340248979
N/A,motorway_link / 23057915,0.064,yes,334,no,184928785178118271,-6914524456424569521
N/A,motorway_link / 23073082,0.272,yes,104,no,184011245005391580,2327970283177125703
N/A,motorway_link / 23077358,0.168,yes,16,no,190050311192269208,-6907403999581826545
N/A,motorway_link / 23082697,0.282,yes,36,no,192538507813672450,6942814131517926661
N/A,motorway_link / 23098067,0.493,yes,155,no,185114602221160657,-2306334884256284945
N/A,motorway_link / 23114255,0.197,yes,105,no,185057428016023736,-6914717969965644551
N/A,motorway_link / 23114860,0.018,yes,57,no,190038216467894675,2315176388848521365
N/A,motorway_link / 23121975,0.230,yes,179,no,189557178854625464,6916188346558446981
N/A,motorway_link / 23131120,0.399,yes,290,no,190176756707185102,-2281604649390691583
N/A,motorway_link / 23147823,0.197,yes,340,no,194226257167210755,6934515024187629079
N/A,motorway_link / 23147824,0.010,yes,342,no,194227906432030980,-6900595807652667881
N/A,motorway_link / 23161505,0.034,yes,286,yes,192123991823570247,6941943316721183581
N/A,motorway_link / 23161715,0.301,yes,122,no,192712230630938193,2331004968463510687
N/A,motorway_link / 23165473,0.263,yes,223,no,187444468318817525,-6910051633511527081
N/A,motorway_link / 23168857,0.219,yes,125,no,195630332677020544,6927464960994840987
N/A,motorway_link / 23169173,0.382,yes,164,no,194514328198666629,6926017999422885611
N/A,motorway_link / 23176805,0.366,yes,284,no,192542354397287938,-6906533176843168895
N/A,motorway_link / 23184304,0.010,yes,271,no,184983210984818840,-6914691581984373493
N/A,motorway_link / 23184339,0.013,yes,259,no,184983210984818840,6920366473295693067
N/A,motorway_link / 23186093,0.152,yes,269,no,195465953969527606,2301344553288857603
N/A,motorway_link / 23192923,0.032,yes,230,no,189737500020920586,6926717270595997783
N/A,motorway_link / 23193185,0.385,yes,343,no,190065156329394591,6942233579947568057
N/A,motorway_link / 23203605,0.084,yes,87,no,191009634399114060,6921897016476829635
N/A,motorway_link / 23222044,0.193,yes,173,no,196442323774168307,-6892820052971607089
N/A,motorway_link / 23233230,0.114,yes,51,no,190024472566256012,6926800834578616449
N/A,motorway_link / 23237675,0.345,yes,252,no,189689121505628401,6926682086064525389
N/A,motorway_link / 23238820,0.060,yes,275,no,189974994535141750,2315057641357840479
N/A,motorway_link / 23238821,0.329,yes,278,no,189983240871301495,6926743659837657181
N/A,motorway_link / 23241203,0.313,yes,313,no,194370292470077766,-2294904326059977875
N/A,motorway_link / 23242699,0.070,yes,89,no,194270237406353687,2320907059600562883
N/A,motorway_link / 23247510,0.022,yes,59,no,187972783649672679,-2298405195504153287
N/A,motorway_link / 23252615,0.296,yes,87,no,192618769182971430,2306156005321343121
N/A,motorway_link / 23252616,0.013,yes,92,no,192612172113204773,-2305530013152182129
N/A,motorway_link / 23254647,0.020,yes,163,no,183967814752749258,-2279885036923638241
N/A,motorway_link / 23255749,0.393,yes,275,no,195304878434769642,6937518894094492547
N/A,motorway_link / 23256017,0.402,yes,76,no,192694638344230471,-6893246677748012245
N/A,motorway_link / 23258271,0.350,yes,294,no,186915603225332740,6925041604135750987
N/A,motorway_link / 23265711,0.030,yes,229,no,186784211580570571,6924975632911699261
N/A,motorway_link / 23266432,0.350,yes,173,no,190056908274094489,2316073590393410095
N/A,motorway_link / 23274449,0.008,yes,317,no,190054709195264410,-2296069824864841377
N/A,motorway_link / 23274450,0.046,yes,358,no,190055258950029722,-2296069824862744231
N/A,motorway_link / 23282436,0.261,yes,266,no,195334012577864441,2301379737163921429
N/A,motorway_link / 23289195,0.237,yes,178,no,192540706856850949,6942972461192326479
N/A,motorway_link / 23308659,0.382,yes,8,no,185130549632387291,6954622858136928785
N/A,motorway_link / 23313403,0.009,yes,359,no,196767777327504775,-6908683805497749577
N/A,motorway_link / 23314298,0.335,yes,180,no,185009599372413092,-6913825166723119427
N/A,motorway_link / 23321355,0.040,yes,121,no,195390637428267797,2301392931502684183
N/A,motorway_link / 23353186,0.031,yes,177,no,194807895850310156,2297900880345690601
N/A,motorway_link / 23363520,0.307,yes,360,no,196667721871088986,2315581034421293353
N/A,motorway_link / 23366338,0.233,yes,311,no,184839725455591509,-6908477142796857339
N/A,motorway_link / 23372654,0.410,yes,205,no,196760630466272643,-6909035649237512379
N/A,motorway_link / 23373657,0.355,yes,333,no,185109654650570961,6918972293046600299
N/A,motorway_link / 23374007,0.036,yes,340,no,189901877011894613,2315062039119138909
N/A,motorway_link / 23391321,0.052,yes,88,no,194324663227734320,6932557893863479987
N/A,motorway_link / 23393069,0.038,yes,191,no,196456617479331066,2330978594449271979
N/A,motorway_link / 23396011,0.291,yes,95,no,192957971385374400,6941890543361207097
N/A,motorway_link / 23408139,0.033,yes,236,no,184895250718869616,6925938797891817203
N/A,motorway_link / 23408140,0.348,yes,205,no,184897999503181936,-2297428840901767399
N/A,motorway_link / 23413632,0.141,yes,276,no,194224057427253505,6928480904370197363
N/A,motorway_link / 23422521,0.396,yes,302,no,190514305168396904,2316579367531057925
N/A,motorway_link / 23435779,0.072,yes,3,no,192540706849510917,6942928480727215401
N/A,motorway_link / 23446599,0.047,yes,155,no,190044264053428630,2317463373059462303
N/A,motorway_link / 23472007,0.009,yes,207,no,196403840781737185,-2281872906506982763
N/A,motorway_link / 23504962,0.288,yes,82,no,189667681027313896,6926668891839008833
N/A,motorway_link / 23508563,0.057,yes,350,no,192859565100455574,6941934523434150741
N/A,motorway_link / 23510262,0.030,yes,302,no,191528054893401144,-6906770675251277027
N/A,motorway_link / 23515063,0.056,yes,357,no,183968914262804171,6943465009702776347
N/A,motorway_link / 23515496,0.048,yes,334,no,190048662098366871,-2294240237539289959
N/A,motorway_link / 23518649,0.483,yes,107,no,189906824623378771,2313474344381058427
N/A,motorway_link / 23526347,0.176,yes,46,no,190041515004350867,6926862407292686501
N/A,motorway_link / 23560954,0.157,yes,316,no,183854015169250965,-2280958160698069977
N/A,motorway_link / 23564667,0.180,yes,285,no,192949725054457533,-6893123531491497129
N/A,motorway_link / 23564668,0.103,yes,279,no,192955772367361729,2330239709287033685
N/A,motorway_link / 23565126,0.319,yes,59,no,194296626807396641,2330296889023409023
N/A,motorway_link / 23565127,0.387,yes,108,no,194282882911525145,-2281367139219657871
N/A,motorway_link / 23586492,0.072,yes,107,no,183952421369235139,2329953801914559185
N/A,motorway_link / 23586523,0.357,yes,106,no,183943625278310076,6941661810564016853
N/A,motorway_link / 23603366,0.057,yes,268,no,188685816983277355,-2298044552966042147
N/A,motorway_link / 23603728,0.507,yes,21,no,192576441013589524,6943179169544023491
N/A,motorway_link / 23626229,0.427,yes,339,no,189601160350486731,-2298515140440486697
N/A,motorway_link / 23626763,0.315,yes,76,no,183696785022207564,-6892538626592199573
N/A,motorway_link / 23630113,0.031,yes,302,no,191316948662440920,-6906757481919147231
N/A,motorway_link / 23633006,0.284,yes,358,no,190099240459522479,2324333121917427963
N/A,motorway_link / 23634665,0.469,yes,116,no,189685823093428462,-6907329234152189421
N/A,motorway_link / 23652135,0.274,yes,107,no,194158637188471010,-6900674972733137433
N/A,motorway_link / 23652152,0.195,yes,129,no,194167983034685671,-6900696962951012903
N/A,motorway_link / 23653825,0.202,yes,130,no,184939780273948803,-2302996767617055487
N/A,motorway_link / 23663172,0.088,yes,156,no,184476887466723250,2321997737776651435
N/A,motorway_link / 23676429,0.216,yes,252,no,189836456061653301,-6908384764759109563
N/A,motorway_link / 23681719,0.017,yes,179,yes,194954131000613454,-2312909926266047627
N/A,motorway_link / 23690907,0.200,yes,250,no,196186135765539965,6927121915487195409
N/A,motorway_link / 23693700,0.289,yes,157,no,190511556389327464,2316579367478629123
N/A,motorway_link / 23703911,0.190,yes,202,no,196907415352466885,-6908287980787462027
N/A,motorway_link / 23706230,0.222,yes,95,no,191801833312834739,6928494089278067577
N/A,motorway_link / 23711279,0.044,yes,183,yes,191940924394788084,-6882572621772210659
N/A,motorway_link / 23711578,0.342,yes,67,no,194063530337589430,-6893110333090550933
N/A,motorway_link / 23712075,0.048,yes,250,no,195122906374167195,6913298851236411519
N/A,motorway_link / 23725970,0.324,yes,110,no,196719949058235758,-2292907603972319503
N/A,motorway_link / 23729352,0.038,yes,40,no,188415886827278001,6924896474298846491
N/A,motorway_link / 23736138,0.434,yes,72,no,184867212744018015,-2301044035224074093
N/A,motorway_link / 23736624,0.115,yes,142,no,189605008794800333,6926097145532518193
N/A,motorway_link / 23753603,0.334,yes,340,no,189607757665620175,2315220367684145285
N/A,motorway_link / 23753929,0.048,yes,175,no,184005747741902556,2330437587230010295
N/A,motorway_link / 23762703,0.333,yes,325,no,194307071043262762,-6902464977092732233
N/A,motorway_link / 23767803,0.302,yes,169,no,183890298968032936,2330037364563389145
N/A,motorway_link / 23774573,0.007,yes,169,no,185192666808535287,-2312580110014745591
N/A,motorway_link / 23776493,0.142,yes,79,no,189987638916764026,-2296650367249674151
N/A,motorway_link / 23779083,0.269,yes,9,no,183912289101498033,6940821783539886463
N/A,motorway_link / 23794179,0.132,yes,88,no,185057428565477561,2313258821579967789
N/A,motorway_link / 23795376,0.024,yes,75,no,189942009185259879,6926734863562182747
N/A,motorway_link / 23797565,0.038,yes,354,no,190186650474205654,-2297046190686990427
N/A,motorway_link / 23803225,0.415,yes,32,no,184945827586852996,2308640872305001751
N/A,motorway_link / 23820986,0.031,yes,72,no,183903493107041965,6941679402571803367
N/A,motorway_link / 23824290,0.082,yes,333,no,194236152753510664,2322657481979862487
N/A,motorway_link / 23840265,0.342,yes,63,no,189527495090983080,6941719006469434119
N/A,motorway_link / 23849818,0.374,yes,261,no,194366993938864448,6928472108841309049
N/A,motorway_link / 23858483,0.022,yes,252,no,194950834552920653,6927970733738955405
N/A,motorway_link / 23859885,0.527,yes,249,no,192634165384533546,-2280052129589613089
N/A,motorway_link / 23877699,0.539,yes,261,no,192459893116065243,6946055491519787711
N/A,motorway_link / 23885389,0.445,yes,210,no,189596762303975625,2313069722891980039
N/A,motorway_link / 23890096,0.244,yes,330,no,194512677750528391,2304405590030417253
N/A,motorway_link / 23893739,0.398,yes,21,no,189601709844680908,6922556718084786461
N/A,motorway_link / 23895677,0.351,yes,110,no,192679794937779777,2330147349274307363
N/A,motorway_link / 23903379,0.098,yes,194,no,192579739567347222,-2279981761092899331
N/A,motorway_link / 23907816,0.053,yes,18,no,196674868670979421,2315317151653695707
N/A,motorway_link / 23911771,0.277,yes,161,no,194228456179980547,-2288940575540371991
N/A,motorway_link / 23932101,0.293,yes,251,no,196205377006689413,6925327512590355945
N/A,motorway_link / 23934326,0.478,yes,116,no,189985440006754678,-2295687195046964739
N/A,motorway_link / 23955275,0.356,yes,154,no,192305959967217048,6933336340401495025
N/A,motorway_link / 23961127,0.176,yes,126,no,193027240601671393,6941754204177312509
N/A,motorway_link / 23990130,0.309,yes,173,no,189605558699512014,2315651376223359327
N/A,motorway_link / 23994882,0.469,yes,265,no,185055778750679221,2308667261043344645
N/A,motorway_link / 23995161,0.359,yes,246,no,192528060745078268,2316812471673820041
N/A,motorway_link / 24011528,0.052,yes,176,no,196664973241441624,-2294899919276731529
N/A,motorway_link / 24011529,0.315,yes,195,no,196666622514126168,-2294886725126712421
N/A,motorway_link / 24022459,0.024,yes,45,no,185716036037855717,-2298370019738776247
N/A,motorway_link / 24022466,0.298,yes,70,no,185722633109195238,2313320396781260117
N/A,motorway_link / 24031156,0.301,yes,63,no,188217974743715413,-6910108805159187137
N/A,motorway_link / 24032514,0.026,yes,328,no,184600582133204970,6930394017881396953
N/A,motorway_link / 24038815,0.280,yes,342,no,194231204960098565,2322754238988426733
N/A,motorway_link / 24048185,0.150,yes,275,no,193019544023946973,-2281595842474267885
N/A,motorway_link / 24051312,0.398,yes,163,no,191023928525804369,6925930025175748291
N/A,motorway_link / 24057149,0.023,yes,303,no,186427969819462441,-6910029647171285677
N/A,motorway_link / 24060830,0.305,yes,270,no,189761139518296338,6926699678523199565
N/A,motorway_link / 24062402,0.188,yes,287,no,194177328883521772,2322675073954094559
N/A,motorway_link / 2406294,0.179,yes,268,no,190010179021525380,-2295669602787519981
N/A,motorway_link / 24080303,0.346,yes,274,no,183683041128433222,2330864196537822319
N/A,motorway_link / 24088737,0.481,yes,136,no,192984356608366283,2304585904121970091
N/A,motorway_link / 24089567,0.044,yes,279,no,189662733226561768,2315004863606427719
N/A,motorway_link / 24092247,0.282,yes,143,no,191021179257049936,-2301567379302250625
N/A,motorway_link / 24093541,0.045,yes,325,no,195891466688093176,-2295920269015903843
N/A,motorway_link / 24093542,0.284,yes,304,no,195896414486748153,6927442971783598477
N/A,motorway_link / 2409513,0.370,yes,245,no,196486854081076485,-6892160345797808865
N/A,motorway_link / 24096767,0.230,yes,348,no,190533549670617716,6953853220608295021
N/A,motorway_link / 24096829,0.305,yes,279,no,191067908482880356,-2301738902927440059
N/A,motorway_link / 24096831,0.394,yes,302,no,191081652374557546,-6913438115439835343
N/A,motorway_link / 2410566,0.008,yes,158,no,194169632302651626,2322670675863543271
N/A,motorway_link / 24106426,0.310,yes,73,no,189996984767172989,-6908327589535805341
N/A,motorway_link / 24107655,0.025,yes,255,no,191314749639185367,-6906757481925438683
N/A,motorway_link / 24119733,0.275,yes,286,no,195467055219694389,-6907430367182974487
N/A,motorway_link / 24138630,0.124,yes,91,no,194221309136820480,-2290805347286246727
N/A,motorway_link / 24138631,0.029,yes,331,no,194219659867805952,-2290814143396046153
N/A,motorway_link / 24139637,0.061,yes,255,no,194291127636547872,-6906581548708916363
N/A,motorway_link / 24152982,0.031,yes,346,no,196663323835587928,2315633810958455143
N/A,motorway_link / 24156843,0.252,yes,315,no,190924423023383332,-2294943921623526583
N/A,motorway_link / 2418077,0.126,yes,332,no,194249896579127566,6933767356370918603
N/A,motorway_link / 24196693,0.376,yes,284,no,194396680677841230,6927869576576242249
N/A,motorway_link / 24199297,0.047,yes,103,no,183890848726468263,6941705790804732657
N/A,motorway_link / 24202776,0.223,yes,0,no,194006354729457823,-2289855370068222847
N/A,motorway_link / 24215198,0.368,yes,80,no,188852392998031220,-6909708580500271635
N/A,motorway_link / 24220433,0.327,yes,355,no,196410986845002981,-6899909704064950489
N/A,motorway_link / 24225576,0.423,yes,196,no,192778752277698160,6952626174200659593
N/A,motorway_link / 24233286,0.133,yes,274,no,191821624523183293,2316816867010810749
N/A,motorway_link / 24235837,0.031,yes,224,no,188415337079328433,2313276426564930873
N/A,motorway_link / 24236983,0.058,yes,348,no,190053059981824410,2316064794300387887
N/A,motorway_link / 24237753,0.386,yes,246,no,185268534810069270,-2298334837046506145
N/A,motorway_link / 24241499,0.309,yes,246,no,194032193318246568,-2289288021948752521
N/A,motorway_link / 24244198,0.139,yes,87,no,194218559868590334,-2294904326645083279
N/A,motorway_link / 24252670,0.322,yes,347,no,189591813858349256,2307761280736297797
N/A,motorway_link / 24273298,0.669,yes,116,no,184935382478571644,-2300916491608913751
N/A,motorway_link / 24276271,0.275,yes,78,no,195896414485175288,-2295977443580702325
N/A,motorway_link / 24288516,0.059,yes,93,yes,196904116819156421,2315106046299869301
N/A,motorway_link / 24290268,0.110,yes,240,no,189971696860615028,2322266039576960309
N/A,motorway_link / 24290306,0.237,yes,252,no,189965099788226927,-2289437571051152083
N/A,motorway_link / 24290522,0.028,yes,157,no,185103057771120847,2308834386953373013
N/A,motorway_link / 24292972,0.342,yes,88,no,189742998468776201,-6900877299712778863
N/A,motorway_link / 24295739,0.026,yes,264,no,188684167713738539,6925309891694300629
N/A,motorway_link / 24296196,0.119,yes,78,no,193021741464901343,2316808075495871357
N/A,motorway_link / 24297934,0.063,yes,93,no,195340059886050045,-2310359057811113989
N/A,motorway_link / 24299325,0.225,yes,189,no,189607757763137743,6927649655963521557
N/A,motorway_link / 24317566,0.284,yes,83,no,186349904491268867,6925002019554987339
N/A,motorway_link / 24323585,0.289,yes,313,no,185083816276216004,-2303163892830829397
N/A,motorway_link / 24325900,0.302,yes,332,no,196655627664710998,6930781091975403405
N/A,motorway_link / 24327853,0.388,yes,74,no,191270772176147392,6953466195356958691
N/A,motorway_link / 24328918,0.028,yes,116,no,194247696922532109,6928441322033386337
N/A,motorway_link / 24328927,0.377,yes,68,no,194255943261837581,-2294935112809180305
N/A,motorway_link / 24342544,0.234,yes,110,no,196762279771463045,2314688231340249011
N/A,motorway_link / 24343589,0.339,yes,261,no,189569274737152186,-2296694349293940663
N/A,motorway_link / 24352791,0.072,yes,191,no,189605558550089934,-6908978501931495625
N/A,motorway_link / 2435302,0.010,yes,182,no,192537408306763267,-2280496332698276599
N/A,motorway_link / 2435360,0.162,yes,35,no,192545104909129222,-6892024021413515937
N/A,motorway_link / 24356788,0.325,yes,191,no,183889199461123751,6941683800565885709
N/A,motorway_link / 2435976,0.276,yes,93,no,191468682898658331,2330305674326584179
N/A,motorway_link / 24367445,0.027,yes,352,no,185631923397806527,-6910060436535636663
N/A,motorway_link / 24374028,0.218,yes,109,no,192113546466776385,2330296880685132647
N/A,motorway_link / 24374321,0.036,yes,251,no,196664973481041240,-6904571632399935737
N/A,motorway_link / 24374701,0.385,yes,182,no,192535209500562946,2333058855485845549
N/A,motorway_link / 24379689,0.015,yes,205,no,192537408307811843,-2280487536603157237
N/A,motorway_link / 24379793,0.253,yes,206,no,191206449366520740,-6893167518633940133
N/A,motorway_link / 24393160,0.260,yes,159,no,189560477339177145,2304080115680672963
N/A,motorway_link / 24402432,0.094,yes,264,no,183895796532463273,2330046160677382913
N/A,motorway_link / 24403588,0.457,yes,275,no,194841980725975575,-2313666390658125275
N/A,motorway_link / 24410324,0.407,yes,74,no,193603381622298596,-2307416771294921407
N/A,motorway_link / 24432373,0.297,yes,331,no,184050827382572783,-6895714014833138011
N/A,motorway_link / 24436235,0.280,yes,152,no,184487882455599030,2320951002748951225
N/A,motorway_link / 24445395,0.018,yes,101,no,196441774021500147,6942242400354970599
N/A,motorway_link / 24451641,0.487,yes,303,no,196458815546809590,-2288698674451046823
N/A,motorway_link / 2463164,0.007,yes,67,no,184909543764478071,2309173035796530667
N/A,motorway_link / 2488859,0.568,yes,49,no,190068454809227678,-6893396221339096315
N/A,motorway_link / 2497154,0.021,yes,2,no,184923837398337661,-6914348534585096791
N/A,motorway_link / 2499739,0.408,yes,205,no,185424115441682782,-2300582238234867327
N/A,motorway_link / 2504987,0.464,yes,338,no,185341656335206715,2346987441362061541
N/A,motorway_link / 2508350,0.016,yes,271,no,189780930852376862,2316060395215786535
N/A,motorway_link / 2550819,0.184,yes,171,no,196779871861038476,-2297767445161570747
N/A,motorway_link / 2551452,0.311,yes,21,no,194317515909847341,2316702527328883561
N/A,motorway_link / 2590017,0.034,yes,189,no,196673219403537756,-6908050487160860453
N/A,motorway_link / 2590047,0.088,yes,278,no,196681465740746079,-6908041691030089513
N/A,motorway_link / 2598003,0.264,yes,354,no,194240550623336714,6932821776329087817
N/A,motorway_link / 2598100,0.336,yes,307,no,194778211741161980,-6902746450276378071
N/A,motorway_link / 2609953,0.286,yes,184,no,194245498539432204,-6901286300883608325
N/A,motorway_link / 2610017,0.028,yes,293,no,191764449921684644,2316843255063384969
N/A,motorway_link / 2616784,0.317,yes,64,no,192905193232357032,6928476501305201537
N/A,motorway_link / 2638866,0.045,yes,104,no,194732581505292777,-6906994963399044427
N/A,motorway_link / 2638867,0.207,yes,99,no,194737529307093482,6928058693870162609
N/A,motorway_link / 2671502,0.349,yes,195,no,194498385147943295,6924821730715241757
N/A,motorway_link / 2712501,0.041,yes,165,no,196782070875905422,2313821816248864305
N/A,motorway_link / 2712688,0.289,yes,28,no,196206476516220038,-2298079708638605851
N/A,motorway_link / 2739692,0.283,yes,296,no,186662715550419858,2313342390599945545
N/A,motorway_link / 2740357,0.481,yes,346,no,189737499864158472,6925459429314792937
N/A,motorway_link / 2747795,0.010,yes,108,no,194172930900973803,-6900169197350805799
N/A,motorway_link / 2749856,0.049,yes,259,no,185115701741701332,6917059142826852139
N/A,motorway_link / 2750668,0.325,yes,275,no,193762264126412845,-2281613431812379895
N/A,motorway_link / 2750900,0.357,yes,274,no,191486824843138082,-6893048770266649733
N/A,motorway_link / 2750918,0.023,yes,180,no,194245498570365196,-6900991631771558557
N/A,motorway_link / 2750925,0.265,yes,182,no,194245498575083788,-6900987233720853119
N/A,motorway_link / 2751376,0.317,yes,112,no,185918346179988030,-2298339232618377907
N/A,motorway_link / 2923024,0.484,yes,288,no,190063505036628378,-2298172091023749727
N/A,motorway_link / 2923369,0.127,yes,271,no,190224034057769446,-6907148912217288079
N/A,motorway_link / 2927935,0.007,yes,241,yes,194169632303175914,2322675073910054375
N/A,motorway_link / 2927936,0.005,yes,245,yes,194169082547362025,-2289010944519430681
N/A,motorway_link / 2928072,0.122,yes,337,no,194236702385592584,2321623941051849725
N/A,motorway_link / 2928123,0.338,yes,74,no,195303229165230826,6937483709711917951
N/A,motorway_link / 2952877,0.026,yes,238,no,194245498570365196,6934066423510605155
N/A,motorway_link / 2978457,0.017,yes,292,no,183915037979657906,-6893369856575395095
N/A,motorway_link / 3003163,0.461,yes,299,no,191160267451224973,-6913490891687590109
N/A,motorway_link / 3014777,0.303,yes,50,no,184926036456196220,-2302394235291171273
N/A,motorway_link / 3014881,0.196,yes,3,no,184923837394667645,6920661142185444775
N/A,motorway_link / 3015376,0.074,yes,329,no,183856763945698968,2330697071410031647
N/A,motorway_link / 3017196,0.233,yes,241,no,184913941813086327,2309177433870304765
N/A,motorway_link / 3017209,0.287,yes,286,no,184935382479095939,2310804711157008593
N/A,motorway_link / 3017210,0.642,yes,200,no,184930984438351996,-6912598112031733505
N/A,motorway_link / 3017450,0.025,yes,190,no,184590686523836390,2318664018951149257
N/A,motorway_link / 3025694,0.009,yes,62,no,189913421888180570,-6908279211366018961
N/A,motorway_link / 3025844,0.133,yes,270,no,189743547329106188,2314991669781467199
N/A,motorway_link / 3048887,0.324,yes,350,no,190064056480649630,-6895661215346841933
N/A,motorway_link / 3054840,0.180,yes,278,no,183834773722580620,-6892600198727455673
N/A,motorway_link / 3068713,0.017,yes,8,no,195493441751833412,2301274184639051749
N/A,motorway_link / 3112890,0.027,yes,172,no,196780971369520525,6925560611230191169
N/A,motorway_link / 3115181,0.405,yes,277,no,189813916950417705,-6901013638877799091
N/A,motorway_link / 3115740,0.084,yes,328,no,194252645355575567,6933736570051632323
N/A,motorway_link / 3124035,0.048,yes,240,no,194237252165523720,-6901563377845265313
N/A,motorway_link / 3124105,0.011,yes,243,no,194169632303175914,2322675073912151529
N/A,motorway_link / 3124149,0.037,yes,43,no,194247696922532109,6928432525940364129
N/A,motorway_link / 3124208,0.084,yes,26,no,190772690417701601,2316698115747353425
N/A,motorway_link / 3133298,0.226,yes,18,no,196896969988857283,6926730492059324521
N/A,motorway_link / 3134048,0.508,yes,89,no,194312018352232743,2316781692166083435
N/A,motorway_link / 3134198,0.702,yes,181,no,194497835651127681,6926954783306682623
N/A,motorway_link / 3155787,0.299,yes,127,no,194726534195010020,-2295260566466325831
N/A,motorway_link / 3188575,0.348,yes,286,no,193503327540565943,-2295001086379945159
N/A,motorway_link / 3230384,0.081,yes,105,no,194731481993665000,-2295308944971656523
N/A,motorway_link / 3255363,0.295,yes,11,no,190545094026809977,6949463970234251485
N/A,motorway_link / 3256330,0.470,yes,99,no,189735850750333189,6926699678435119167
N/A,motorway_link / 3256355,0.352,yes,69,no,189095934871818211,-2297622338913431897
N/A,motorway_link / 3266700,0.026,yes,281,no,185046432902367413,2308671659018552581
N/A,motorway_link / 3439018,0.350,yes,70,no,190011278420955523,-2296623978865749905
N/A,motorway_link / 3439084,0.071,yes,81,no,189943658452701543,-2296637173282107301
N/A,motorway_link / 3439283,0.009,yes,340,no,190195446717698522,-2295779553258237471
N/A,motorway_link / 3439285,0.293,yes,333,no,190192697942823384,2315972435866816993
N/A,motorway_link / 3439300,0.017,yes,323,no,190189399412134360,2315972435843748353
N/A,motorway_link / 3439385,0.360,yes,263,no,190300999885869575,-6907025766602501459
N/A,motorway_link / 3439550,0.017,yes,166,no,196781521121140109,-2297851008038990287
N/A,motorway_link / 3439817,0.529,yes,69,no,190020624273461638,-6908292405058858877
N/A,motorway_link / 3442444,0.370,yes,169,no,190176754768368079,6925494615324757539
N/A,motorway_link / 3443210,0.030,yes,193,no,196452219399789816,2330701517502295083
N/A,motorway_link / 3451801,0.213,yes,352,no,194247147807398157,6933837725102513377
N/A,motorway_link / 3469335,0.106,yes,107,no,194166333767768295,-6900696962948915737
N/A,motorway_link / 3519277,0.061,yes,270,no,190227882348466665,2316223124645876337
N/A,motorway_link / 3530046,0.011,yes,92,no,189951904901583211,-2295700389350075899
N/A,motorway_link / 3532556,0.452,yes,216,no,184931534502971519,-2298321644221887091
N/A,motorway_link / 3532557,0.017,yes,179,no,184928785717086335,-2298326042278884003
N/A,motorway_link / 3562205,0.017,yes,342,no,183857863456278168,-2281010937249911777
N/A,motorway_link / 3564761,0.307,yes,172,no,190061307692143005,6939313277041125009
N/A,motorway_link / 3584093,0.120,yes,172,no,196780971367423373,-6909506240142897613
N/A,motorway_link / 3631432,0.009,yes,88,no,194235602998745352,2322657481975668191
N/A,motorway_link / 3632041,0.023,yes,245,no,194238901432965385,6933499075487603809
N/A,motorway_link / 3640478,0.052,yes,68,no,194238351676102920,-2289881757462291363
N/A,motorway_link / 3640480,0.121,yes,29,no,194228456067782916,6933441900847307857
N/A,motorway_link / 3640521,0.421,yes,256,no,194515427991312771,6928322575826162495
N/A,motorway_link / 3640527,0.364,yes,75,no,194620431351765427,-2295053858674568395
N/A,motorway_link / 3643336,0.060,yes,26,no,194255394117343504,-2289793796467057527
N/A,motorway_link / 3673887,0.016,yes,184,no,195493441751833412,2301274184636954597
N/A,motorway_link / 3715558,0.173,yes,83,no,196490152613862663,-6892138355567350499
N/A,motorway_link / 3715996,0.503,yes,132,no,196380201247136978,-6893840399988676107
N/A,motorway_link / 3746638,0.203,yes,12,no,194316416396646701,2316702527312106339
N/A,motorway_link / 3771894,0.434,yes,54,no,190311447348728333,2333934058285838861
N/A,motorway_link / 3772868,0.528,yes,89,no,189630297631969492,-2296703145139498943
N/A,motorway_link / 3773236,0.302,yes,190,no,190542345256653432,2337852718587066623
N/A,motorway_link / 3783133,0.315,yes,15,no,185111303908575442,6918809565325689451
N/A,motorway_link / 3785315,0.336,yes,336,no,185160781391808744,-2309013294405387717
N/A,motorway_link / 3794715,0.015,yes,18,no,192540706841646597,6942875704169082119
N/A,motorway_link / 3956267,0.310,yes,26,no,196669920870751580,-6908041691063643945
N/A,motorway_link / 3956562,0.042,yes,260,no,189994785858212223,6927693637905027601
N/A,motorway_link / 3956653,0.509,yes,158,no,189931013866606943,6925085596105837897
N/A,motorway_link / 3968504,0.305,yes,150,no,194244399074466058,-2289138487572554357
N/A,motorway_link / 3987207,0.040,yes,244,no,194240000945117449,-2289868563316466589
N/A,motorway_link / 4015962,0.315,yes,306,no,184667654782011400,-2272483121961092291
N/A,motorway_link / 4026079,0.012,yes,1,yes,184671503075854346,-2272496316100625601
N/A,motorway_link / 4047781,0.221,yes,42,no,184927135914346623,-6914524456418278047
N/A,motorway_link / 4050282,0.257,yes,18,no,184900748271765618,-6909194024155869461
N/A,motorway_link / 4055181,0.046,yes,32,no,184921638406539388,6920973403481441827
N/A,motorway_link / 4102144,0.210,yes,309,no,195117958571317913,6913320841460578429
N/A,motorway_link / 4140576,0.341,yes,28,no,196759530950974853,-2297349630805930215
N/A,motorway_link / 4149197,0.052,yes,120,no,194241100458318090,2321830649252551781
N/A,motorway_link / 4149198,0.026,yes,242,no,194240550701979914,2321821853159529573
N/A,motorway_link / 4149199,0.111,yes,24,no,194257043386882321,6933591434533543059
N/A,motorway_link / 4149463,0.075,yes,146,no,194235053118675207,6933305561428532225
N/A,motorway_link / 4151691,0.142,yes,57,no,188644587366076185,2330982962703641775
N/A,motorway_link / 4157539,0.057,yes,5,no,190048662096794008,2317423790655542425
N/A,motorway_link / 4157663,0.275,yes,112,no,194606687456942510,2316658547968971565
N/A,motorway_link / 4160451,0.388,yes,115,no,196545676030074142,-2296557983237140363
N/A,motorway_link / 4160518,0.364,yes,295,no,191771596745168036,-6906528781736864901
N/A,motorway_link / 4167410,0.282,yes,292,no,193162478954829597,6928524880796193665
N/A,motorway_link / 4167417,1.000,yes,214,no,194302122754398507,6928401739893707639
N/A,motorway_link / 4207161,0.022,yes,39,no,192662752684234300,-2280065323659940403
N/A,motorway_link / 4221847,0.316,yes,113,no,193489583643645873,-2295023076667026643
N/A,motorway_link / 4262699,0.045,yes,317,no,194470897770912114,-2295031869041798351
N/A,motorway_link / 4262768,0.190,yes,353,no,196785919161884047,-6909563414730764781
N/A,motorway_link / 4262875,0.171,yes,309,no,189910673960554840,-6901119191643841253
N/A,motorway_link / 4289988,0.386,yes,197,no,189605008948416717,6927337394650747287
N/A,motorway_link / 4290102,0.383,yes,86,no,189211383606366231,-6909189609642520873
N/A,motorway_link / 4290117,0.260,yes,241,no,188938154910764956,-2297978581291102713
N/A,motorway_link / 4290773,0.027,yes,50,no,187973333404962280,2313280822927428921
N/A,motorway_link / 4290774,0.201,yes,66,no,187977181697756648,-6910086815851475647
N/A,motorway_link / 4296959,0.320,yes,101,no,189963450519212398,2322244049329724699
N/A,motorway_link / 4301168,0.399,yes,20,no,195337314069207804,2326127544886109237
N/A,motorway_link / 4301169,0.325,yes,357,no,195339513102949118,6937910320336741465
N/A,motorway_link / 4301272,0.040,yes,46,no,192540706841646597,6942871306126765321
N/A,motorway_link / 4311689,0.417,yes,47,no,190557188840313469,2339326064241687457
N/A,motorway_link / 4472227,0.144,yes,280,no,189920018954801500,2315066437245341793
N/A,motorway_link / 4472930,0.422,yes,184,no,190183351944040917,-6908741005209497651
N/A,motorway_link / 4503257,0.520,yes,332,no,192833726561998476,6941850960472845059
N/A,motorway_link / 4503260,0.382,yes,14,no,192340596143773097,-2277035070838525095
N/A,motorway_link / 4556360,0.387,yes,223,no,189459871544463498,-2311713678559283781
N/A,motorway_link / 4565572,0.068,yes,278,no,183839721524381328,2330767440091294789
N/A,motorway_link / 4567538,0.341,yes,198,no,184617624375740401,6928771138785907745
N/A,motorway_link / 4567561,0.428,yes,238,no,185434011056294242,-2300489879211996765
N/A,motorway_link / 4567921,0.048,yes,153,no,184920538877610107,-2302534972821469731
N/A,motorway_link / 4569002,0.040,yes,69,no,184909543763953782,-6914207797149170199
N/A,motorway_link / 4572793,0.009,yes,261,no,184333952695224177,6948272075931924125
N/A,motorway_link / 4576105,0.326,yes,99,no,189771035245629718,-6907320437744594403
N/A,motorway_link / 4580977,0.489,yes,67,no,189426886011605114,6910110245820822257
N/A,motorway_link / 4605041,0.344,yes,181,no,184264683401856849,6947717921805186503
N/A,motorway_link / 4619183,0.327,yes,90,no,194292227147651358,-2294899928300776597
N/A,motorway_link / 4657450,0.275,yes,167,no,196774374320201097,-2297609115506045309
N/A,motorway_link / 4665032,0.011,yes,246,no,194172930900449515,-6900173595397316907
N/A,motorway_link / 4665656,0.032,yes,269,no,194230655197993221,-6900701360756351515
N/A,motorway_link / 4665657,0.238,yes,271,no,194224607884040448,-2289015342333157915
N/A,motorway_link / 4665731,0.006,yes,145,yes,194169082547362025,-2289010944519430681
N/A,motorway_link / 4665732,0.009,yes,149,yes,194169632303175914,2322675073910054375
N/A,motorway_link / 4666208,0.023,yes,139,no,194246048315169036,-6901083990746194633
N/A,motorway_link / 4666530,0.300,yes,185,no,194237252120959240,6933085659109268423
N/A,motorway_link / 4668931,0.322,yes,203,no,190058558664561051,-6897899821039869183
N/A,motorway_link / 4674650,0.015,yes,270,no,191915083015214312,-6906528781216771189
N/A,motorway_link / 4674651,0.372,yes,250,no,191907386431722721,-2294869151072644213
N/A,motorway_link / 4674733,0.236,yes,165,no,196783720139152782,2313821816259350035
N/A,motorway_link / 4677505,0.222,yes,143,no,194248247311685900,-6901286300864734009
N/A,motorway_link / 4680774,0.346,yes,111,no,192892548848113314,2316816871110742899
N/A,motorway_link / 4710320,0.433,yes,127,no,194303222749944098,-2290809744999310681
N/A,motorway_link / 4738416,0.268,yes,105,no,193703988412110867,-2295014279760309451
N/A,motorway_link / 4749982,0.023,yes,186,no,196457716995677434,-6892353859984806723
N/A,motorway_link / 4749984,0.135,yes,275,no,196497299440491787,6942928495830904093
N/A,motorway_link / 4779834,0.059,yes,256,no,194472547038353779,-6906726683551722701
N/A,motorway_link / 4780362,0.549,yes,244,no,194303222267599137,-2294891132151131267
N/A,motorway_link / 4805893,0.363,yes,287,no,190749053887795923,2341635039400312715
N/A,motorway_link / 4807004,0.287,yes,67,no,186434566886083370,6924984427691904329
N/A,motorway_link / 4814803,0.390,yes,332,no,194238901251037448,-2291350704982320747
N/A,motorway_link / 4817800,0.036,yes,348,no,192540706843219461,6942884500262104335
N/A,motorway_link / 4818130,0.219,yes,156,no,192809537346033278,-2281213213235205207
N/A,motorway_link / 4989300,0.015,yes,159,no,190185551118815702,6927640862072508917
N/A,motorway_link / 4989301,0.199,yes,151,no,190187750138925526,-6907421591241485855
N/A,motorway_link / 4989302,0.010,yes,155,no,190189949159559640,6927592483575566817
N/A,motorway_link / 4993188,0.024,yes,315,no,196462115047955708,-6892301083407799087
N/A,motorway_link / 4994005,0.009,yes,68,no,194175129924229356,6934888857939746521
N/A,motorway_link / 5001552,0.130,yes,51,no,196484105298861317,-6892160345829266149
N/A,motorway_link / 5001786,0.331,yes,51,no,194661664668867015,2330305686506843015
N/A,motorway_link / 5002473,0.441,yes,267,no,189771035247202581,-6907316039687597529
N/A,motorway_link / 5043966,0.025,yes,265,no,183968364292032202,-2281705828175041821
N/A,motorway_link / 5072531,0.272,yes,126,no,189827659966533937,2314974077922578479
N/A,motorway_link / 5080791,0.393,yes,20,no,185348253451635005,-6876098722448520763
N/A,motorway_link / 5083567,0.254,yes,177,no,184921638384519292,2309142249517090239
N/A,motorway_link / 5112703,0.046,yes,3,no,184011795067389662,-2281156072197575711
N/A,motorway_link / 5112704,0.429,yes,335,no,184008496538797788,-6892727741415674911
N/A,motorway_link / 5129748,0.311,yes,284,no,189544535725527215,-2296672359159951295
N/A,motorway_link / 5129757,0.452,yes,250,no,189686922607153391,2316047200749097519
N/A,motorway_link / 5181469,0.135,yes,146,no,194232854098041094,2321650329318333447
N/A,motorway_link / 5181510,0.435,yes,112,no,189709463370944761,-2289116514612142671
N/A,motorway_link / 5184868,0.337,yes,25,no,190060757784809885,2326277058341119091
N/A,motorway_link / 5265685,0.023,yes,4,no,196462115047955708,6942752573825756369
N/A,motorway_link / 5265742,0.275,yes,16,no,196242762417921176,-6892842043959137287
N/A,motorway_link / 5295665,0.608,yes,271,no,189715510687518970,-2289112116527882823
N/A,motorway_link / 5295879,0.441,yes,182,no,190061306550768029,-2293721268002744901
N/A,motorway_link / 5295880,0.017,yes,184,no,190060756788138397,-6905411684476643961
N/A,motorway_link / 5295887,0.489,yes,343,no,190063505574547870,2318083497695122823
N/A,motorway_link / 5296179,0.090,yes,74,no,194325762251774256,6928463312570028911
N/A,motorway_link / 5296315,0.314,yes,110,no,192292765256734097,-6906546371939003525
N/A,motorway_link / 5296316,0.019,yes,45,no,192299362324927895,-6906563964122950789
N/A,motorway_link / 5321233,0.023,yes,278,no,189962350264668528,-6907364417502965233
N/A,motorway_link / 5321575,0.424,yes,47,no,191053618622321501,6953391427731603409
N/A,motorway_link / 5322493,0.412,yes,57,no,189617103344586961,6925402254259260949
N/A,motorway_link / 5329701,0.015,yes,68,no,194169082547362025,-6900696962946818585
N/A,motorway_link / 5330526,0.049,yes,194,no,194224058016553218,-6901642542736991169
N/A,motorway_link / 5330635,0.037,yes,36,no,194254294604667152,6933569444290501761
N/A,motorway_link / 5333768,0.089,yes,343,no,192816134411081346,6942106047082408863
N/A,motorway_link / 5505559,0.189,yes,98,no,189965648684732784,-6908323191617220523
N/A,motorway_link / 5509836,0.054,yes,149,no,194171831389870315,2323216033643503321
N/A,motorway_link / 5517362,0.141,yes,21,no,196459366261546234,-2280689831783682883
N/A,motorway_link / 5517673,0.006,yes,5,no,194249896605866254,-6901083990731514567
N/A,motorway_link / 5588131,0.015,yes,271,no,189652837746692323,-2295634419793259997
N/A,motorway_link / 5588132,0.295,yes,260,no,189646240675877086,6927724422919885347
N/A,motorway_link / 5596346,0.450,yes,262,no,190092642404094375,-2295590437614775745
N/A,motorway_link / 5596373,0.384,yes,182,no,184922188114118780,-2302847234115369601
N/A,motorway_link / 5598422,0.219,yes,73,no,184982661315512470,6921092150982608475
N/A,motorway_link / 5598465,0.296,yes,3,no,184272379992688469,-6887252172513200661
N/A,motorway_link / 5598554,0.353,yes,15,no,184622022412290036,6928687575927362553
N/A,motorway_link / 5599092,0.045,yes,349,no,184923287655106685,2309142249523381719
N/A,motorway_link / 5603894,0.312,yes,33,no,185341106574674234,-2264834916507170587
N/A,motorway_link / 5603895,0.329,yes,151,no,185338907551418680,6958563508603603159
N/A,motorway_link / 5626499,0.102,yes,68,no,189535189874593965,-2296711941628882881
N/A,motorway_link / 5644983,0.257,yes,217,no,189532441096573099,-6908406756155584437
N/A,motorway_link / 5700330,0.316,yes,15,no,190061857144918429,-2286675597481467343
N/A,motorway_link / 5706099,0.307,yes,250,no,192292765258831249,-2294855955465104497
N/A,motorway_link / 5706112,0.437,yes,277,no,191409308309214206,-2289446361616081635
N/A,motorway_link / 5706152,0.117,yes,294,no,194171281571141866,6934378684540263911
N/A,motorway_link / 5706266,0.397,yes,125,no,190498362244551265,2316544183098151667
N/A,motorway_link / 5709080,0.031,yes,40,no,191765549423350948,-6906616742717418651
N/A,motorway_link / 5715147,0.046,yes,133,no,194471997279918451,6928318177586713383
N/A,motorway_link / 5736863,0.224,yes,274,no,195584702957050731,-6907496337433947695
N/A,motorway_link / 5736867,0.242,yes,309,no,195383492338604816,2315968057627906545
N/A,motorway_link / 5739106,0.076,yes,139,no,195492891997592387,6912977795250386917
N/A,motorway_link / 5770192,0.301,yes,298,no,193374134927972221,-2294970300551392445
N/A,motorway_link / 5780315,0.210,yes,184,no,196442323783081203,-6892793664690443257
N/A,motorway_link / 5811604,0.458,yes,30,no,190061856292950428,6929536419657422213
N/A,motorway_link / 5836696,0.213,yes,94,no,189932113580609889,2315053243158237273
N/A,motorway_link / 5836829,0.235,yes,278,no,189956852707053932,2316016415440638479
N/A,motorway_link / 5837158,0.315,yes,10,no,190532999993447028,6954446956887294393
N/A,motorway_link / 5838145,0.334,yes,56,no,188126715278085675,6924953647823457599
N/A,motorway_link / 5845074,0.030,yes,33,no,194244948833949964,6934224753185004971
N/A,motorway_link / 5845662,0.339,yes,350,no,189891981220598098,-2298189683882979941
N/A,motorway_link / 5849680,0.024,yes,44,no,186177281164659383,6924997620826901831
N/A,motorway_link / 5859402,0.371,yes,205,no,190543445592986231,6956448068089693515
N/A,motorway_link / 5859988,0.052,yes,80,no,189997534522462592,6926734863773995101
N/A,motorway_link / 6019973,0.385,yes,108,no,189806219327263014,2313610683432832449
N/A,motorway_link / 6020261,0.371,yes,341,no,190061856368972189,-2293101143432096133
N/A,motorway_link / 6021163,0.141,yes,255,no,190000283304677760,-2296615182827253655
N/A,motorway_link / 6021178,0.362,yes,101,no,189943658565423461,2315998823214748165
N/A,motorway_link / 6032722,0.226,yes,197,no,196460465782611195,6942748175779245285
N/A,motorway_link / 6050239,0.285,yes,354,no,190446137682514509,6946965879440553067
N/A,motorway_link / 6050318,0.160,yes,97,no,194172381080672490,2322670675886611935
N/A,motorway_link / 6050839,0.407,yes,78,no,191487924353192994,-6893070760492913799
N/A,motorway_link / 6051523,0.359,yes,105,no,190734210478723788,6953294669489913729
N/A,motorway_link / 6077640,0.079,yes,142,no,185073370924665025,2308574902100165845
N/A,motorway_link / 6100711,0.148,yes,174,no,190048661912768919,-2295783951864688177
N/A,motorway_link / 6112218,0.139,yes,283,no,184014543845934814,-2281142878037070885
N/A,motorway_link / 6113834,0.220,yes,89,no,188209728411749969,-2298348019978859185
N/A,motorway_link / 6115221,0.035,yes,0,yes,185334509502810424,6958554712491706597
N/A,motorway_link / 6120211,0.032,yes,157,yes,195494541267131204,6912995387440625647
N/A,motorway_link / 6165673,0.019,yes,166,no,196763928995388805,-2297349630805930215
N/A,motorway_link / 6213023,0.034,yes,8,no,194249896605341966,6933965268457626935
N/A,motorway_link / 6215882,0.060,yes,203,no,194171281634056426,6934888857927163613
N/A,motorway_link / 6221422,0.300,yes,157,no,194458803037100396,6927482548705563023
N/A,motorway_link / 6221486,0.280,yes,299,no,191921130328118505,2316843255679947649
N/A,motorway_link / 6224430,0.102,yes,234,no,194242749725235466,6933507871599500393
N/A,motorway_link / 6271945,0.244,yes,288,no,192523664695055868,6945277037507522889
N/A,motorway_link / 6327583,0.020,yes,47,no,191145974599603083,2316570573820400401
N/A,motorway_link / 6327596,0.178,yes,227,no,194511579554863492,6927095520816009485
N/A,motorway_link / 6327598,0.285,yes,28,no,189817765236920624,-6901079609571271357
N/A,motorway_link / 6327629,0.006,yes,264,no,190082746798395815,-6907276456113466825
N/A,motorway_link / 6327639,0.064,yes,151,no,194469798256138610,6928313779531813669
N/A,motorway_link / 6327640,0.067,yes,341,no,194317515904080173,2316702527312106307
N/A,motorway_link / 6327861,0.009,yes,34,no,194575899604638114,-2307843378128094093
N/A,motorway_link / 6328095,0.254,yes,341,no,194316966159276331,-2294873539952503965
N/A,motorway_link / 6353170,0.046,yes,267,no,189852948739215678,-6908358376431808437
N/A,motorway_link / 6355163,0.220,yes,259,no,187966736338865635,2313307211196009799
N/A,motorway_link / 6366828,0.360,yes,31,no,185160231626557671,-2309176022126298565
N/A,motorway_link / 6366999,0.417,yes,11,no,189583017483784388,2305307170753740603
N/A,motorway_link / 6376805,0.142,yes,74,no,190001382814208385,6926739261843574881
N/A,motorway_link / 6376806,0.008,yes,7,no,190047012587131287,6927077911588507897
N/A,motorway_link / 6536589,0.530,yes,163,no,189888682688336203,-2298123713189507697
N/A,motorway_link / 6536989,0.533,yes,342,no,189904625604841811,2313531518973119875
N/A,motorway_link / 6537005,0.099,yes,97,no,189925516511367519,2315053243122585693
N/A,motorway_link / 6540361,0.494,yes,194,no,190059657268646299,-6905534829781052025
N/A,motorway_link / 6540970,0.412,yes,294,no,189528594605232295,-2281582661630678263
N/A,motorway_link / 6549762,0.010,yes,352,no,194248797103675662,2322367210958363995
N/A,motorway_link / 6566809,0.051,yes,163,no,192811186609280640,6942106047063534499
N/A,motorway_link / 6567431,0.393,yes,278,no,191832071493735615,6942009286334622585
N/A,motorway_link / 6617516,0.031,yes,169,no,190048112159576471,-6907461174201151009
N/A,motorway_link / 6620073,0.012,yes,343,no,189564325747839163,-2306647128594710893
N/A,motorway_link / 6620268,0.012,yes,171,no,189572572086620351,-6918319952851108197
N/A,motorway_link / 6620291,0.598,yes,308,no,189678676000985322,6925490215436946965
N/A,motorway_link / 6628694,0.148,yes,5,no,184919989134379131,-6914137428365146601
N/A,motorway_link / 6632082,0.067,yes,144,no,184927685665966207,2308843182381598031
N/A,motorway_link / 6632423,0.159,yes,83,no,184902946692614258,-6914216593256872475
N/A,motorway_link / 6636596,0.344,yes,62,no,184340549761320817,6948219299426219669
N/A,motorway_link / 6636645,0.440,yes,204,no,185337808043985208,6958563508603603221
N/A,motorway_link / 6636846,0.028,yes,264,no,190082197042581927,2316095580739211831
N/A,motorway_link / 6678654,0.010,yes,265,no,189695718703321335,6927764005504160303
N/A,motorway_link / 6680877,0.010,yes,291,no,194175129923705068,6934884459893235413
N/A,motorway_link / 6683575,0.436,yes,95,no,193585789435205596,6915959663543450933
N/A,motorway_link / 6683619,0.050,yes,122,no,195490692975385410,-6922071463945046037
N/A,motorway_link / 6683894,0.059,yes,340,no,194176229434808556,-6900173595384734001
N/A,motorway_link / 6730005,0.055,yes,359,no,194006904477931680,2321795463987076189
N/A,motorway_link / 6738663,0.371,yes,109,no,190992044531471169,-6893704081086338489
N/A,motorway_link / 6738890,0.019,yes,82,no,191915632766309609,2316803673221501817
N/A,motorway_link / 6738891,0.275,yes,78,no,191921680080786665,6928489691692929917
N/A,motorway_link / 6738893,0.345,yes,292,no,192306509154178455,-2294833965178023035
N/A,motorway_link / 6738936,0.015,yes,267,no,194235603000318216,2322670676117298661
N/A,motorway_link / 6738947,0.097,yes,56,no,194231754604239109,-6901594164189717419
N/A,motorway_link / 6738970,0.483,yes,43,no,190300999883248135,-6907087339249462611
N/A,motorway_link / 6739078,0.356,yes,280,no,191515411181818927,-6901123583554085603
N/A,motorway_link / 6748841,0.036,yes,61,no,192300461836031383,-2294886741784390791
N/A,motorway_link / 6750836,0.325,yes,360,no,185147037726623971,2304603466379558313
N/A,motorway_link / 6769950,0.173,yes,127,no,194218010602985726,-2290774560979543369
N/A,motorway_link / 6789431,0.383,yes,28,no,192523664691910140,6945184678532886857
N/A,motorway_link / 6795599,0.315,yes,166,no,194315867133663529,-2290809744999310677
N/A,motorway_link / 6795600,0.116,yes,30,no,194269687650015511,6932571087795395267
N/A,motorway_link / 6844360,0.293,yes,98,no,189646240674304222,6927720024873374229
N/A,motorway_link / 6844362,0.042,yes,242,no,194470897771436402,-2295031869039701193
N/A,motorway_link / 6844363,0.236,yes,271,no,194464850456959342,2316649751334884149
N/A,motorway_link / 6844632,0.271,yes,77,no,193715533284202521,2316654146525074235
N/A,motorway_link / 6844651,0.189,yes,109,no,195586901977160556,-2295836707281432127
N/A,motorway_link / 6845040,0.140,yes,136,no,194311468594321705,-6906629927140846767
N/A,motorway_link / 6845044,0.556,yes,77,no,193508275341318072,2316636553571472183
N/A,motorway_link / 6845338,0.329,yes,305,no,194743026865232364,6928080684129981097
N/A,motorway_link / 6845388,0.041,yes,345,no,194467599126976881,-6907641477249101419
N/A,motorway_link / 6870044,0.030,yes,265,no,190081097530954150,-6907276456119758281
N/A,motorway_link / 6870094,0.032,yes,90,no,189745196596547853,-2296698746692431809
N/A,motorway_link / 6871866,0.445,yes,236,no,190525852397687406,2336300208124606017
N/A,motorway_link / 6872215,0.188,yes,203,no,189595662254428361,-6914788321408318221
N/A,motorway_link / 6872216,0.337,yes,13,no,189591813848912072,2307598553015386949
N/A,motorway_link / 6879612,0.026,yes,343,no,194244948833949964,6934224753182907819
N/A,motorway_link / 6879613,0.007,yes,339,no,194244399078660364,2322547530846444973
N/A,motorway_link / 6881659,0.248,yes,348,no,185101957911890126,-6917418370366177257
N/A,motorway_link / 6881790,0.144,yes,215,no,185463697917430130,6923299972157803087
N/A,motorway_link / 6885412,0.302,yes,190,no,189599510684061898,-2301950014782437619
N/A,motorway_link / 6893013,0.424,yes,229,no,190557738606088828,-2272276391304086583
N/A,motorway_link / 7053649,0.093,yes,92,no,189779831214395676,-2296685552418680763
N/A,motorway_link / 7053657,0.314,yes,84,no,189788077675335966,6927720025416536605
N/A,motorway_link / 7058305,0.027,yes,0,no,196453318911417592,-6892670519350383573
N/A,motorway_link / 7059072,0.029,yes,35,no,194236702509848840,-6900723350965838369
N/A,motorway_link / 7059091,0.117,yes,106,no,194170731877193961,6934888857927163599
N/A,motorway_link / 7059178,0.262,yes,9,no,194238901378439433,2321320475850972061
N/A,motorway_link / 7077174,0.237,yes,62,no,187453264407645433,-2298396401376162489
N/A,motorway_link / 7084385,0.410,yes,99,no,191815029061407927,6941991694085663599
N/A,motorway_link / 7084406,0.278,yes,144,no,196408788585110754,2329813111932988043
N/A,motorway_link / 7134162,0.057,yes,104,no,189970596486009204,2315035651106410581
N/A,motorway_link / 7134184,0.183,yes,170,no,190047012651094423,2315954843116638691
N/A,motorway_link / 7148006,0.250,yes,44,no,184922737865738365,2308821192142751061
N/A,motorway_link / 7148628,0.039,yes,0,yes,185345504619088189,6958554712533649637
N/A,motorway_link / 7151687,0.011,yes,14,no,184922188162877564,-2302389837280311773
N/A,motorway_link / 7153009,0.387,yes,190,no,185346604195727677,2347370071416916465
N/A,motorway_link / 7177046,0.066,yes,359,no,184011795065292510,-2281173664383620135
N/A,motorway_link / 7199524,0.164,yes,173,no,194303222266026278,-6906550762339298449
N/A,motorway_link / 7253687,0.024,yes,0,no,194176229433759981,2323180849283997391
N/A,motorway_link / 7283147,0.039,yes,255,no,189990937453220221,-6908318793484726177
N/A,motorway_link / 7289546,0.017,yes,291,no,191927177640498414,2316821265449489281
N/A,motorway_link / 7359136,0.018,yes,155,no,194461551809878382,-2295977449077337721
N/A,motorway_link / 7359137,0.312,yes,124,no,194467049365395822,-2295981847086100113
N/A,motorway_link / 7359629,0.323,yes,245,no,194609985993922991,6928344566415233857
N/A,motorway_link / 7386075,0.570,yes,75,no,189680325264232683,6925428642794180115
N/A,motorway_link / 7386904,0.186,yes,250,no,193027790362728161,2330090175984577307
N/A,motorway_link / 7568734,0.316,yes,21,no,190044263803343253,6927003144797819127
N/A,motorway_link / 7569295,0.458,yes,44,no,196761180300205444,6926677715002069089
N/A,motorway_link / 7569568,0.135,yes,80,no,189993136475427197,-6908327589560971173
N/A,motorway_link / 7572916,0.247,yes,217,no,196449470617050357,6942334759369452585
N/A,motorway_link / 7573844,0.197,yes,355,no,196443423294184692,6942264390593817607
N/A,motorway_link / 7599627,0.356,yes,166,no,193090462516598527,-2281617832436290845
N/A,motorway_link / 7625802,0.057,yes,22,no,184920538893338748,2309269792863815199
N/A,motorway_link / 7649388,0.038,yes,158,no,190045913142612374,-6907408397649309193
N/A,motorway_link / 7651985,0.366,yes,78,no,189660534325989604,2316020812367270429
N/A,motorway_link / 7652025,0.325,yes,267,no,190073400949035424,6927777201111700023
N/A,motorway_link / 7652062,0.296,yes,26,no,189551681032245429,6913905760408697265
N/A,motorway_link / 7652160,0.012,yes,353,no,189573121842434239,-2306633934421623141
N/A,motorway_link / 7660558,0.059,yes,70,no,184907344740173941,-6914212195201972761
N/A,motorway_link / 7662683,0.350,yes,273,no,184341649275045745,6948272075988547223
N/A,motorway_link / 7662759,0.339,yes,270,no,185723182867106277,-2298334835314258601
N/A,motorway_link / 7662815,0.368,yes,48,no,184916690592155767,2309173035834279431
N/A,motorway_link / 7668130,0.356,yes,288,no,185426862603323743,-6925765861390159547
N/A,motorway_link / 7668154,0.008,yes,236,no,189611056300118225,2316012016056144401
N/A,motorway_link / 7668238,0.372,yes,177,no,185345504672565565,2347273314383186373
N/A,motorway_link / 7668240,0.386,yes,349,no,185349352974797118,-6875905208402032187
N/A,motorway_link / 7691031,0.210,yes,274,no,189672628830687467,2315000465610248259
N/A,motorway_link / 7692543,0.014,yes,22,no,184011795066341086,-2281156072197575717
N/A,motorway_link / 7715035,0.054,yes,343,no,194228456186796292,-6900595807648473585
N/A,motorway_link / 7761416,0.018,yes,324,no,194169082547886313,-6900692564900307481
N/A,motorway_link / 7762152,0.026,yes,287,no,194241650213607690,-6901545785644540827
N/A,motorway_link / 7762180,0.351,yes,22,no,190060207272972700,-2291750943155283665
N/A,motorway_link / 7764403,0.367,yes,311,no,192634165214139949,-6893119134638265533
N/A,motorway_link / 7770462,0.306,yes,269,no,190778737738994401,2316768484535571307
N/A,motorway_link / 7773230,0.215,yes,243,no,194254294607812878,-6901462222702109545
N/A,motorway_link / 7801236,0.345,yes,19,no,196427478507019500,2314881744115863605
N/A,motorway_link / 7801919,0.266,yes,277,no,194731481997859303,2316412257842500289
N/A,motorway_link / 7833914,0.346,yes,327,no,194406576274626900,6927816800051663399
N/A,motorway_link / 7833915,0.011,yes,331,no,194403277744462164,2316135179639329351
N/A,motorway_link / 7845956,0.011,yes,254,no,196472560425721089,2331211690973080851
N/A,motorway_link / 7875919,0.060,yes,166,no,194461002055113070,-6907645875318681209
N/A,motorway_link / 7876473,0.581,yes,24,no,194313667623868710,-2294921918497680501
N/A,motorway_link / 7903237,0.240,yes,95,no,188943102711517087,2313707437155159543
N/A,motorway_link / 7910149,0.277,yes,272,no,194249896651479307,-2289015342234591771
N/A,motorway_link / 7911023,0.335,yes,241,no,190115184323416499,-6891091644809990387
N/A,motorway_link / 7913258,0.032,yes,99,no,185593990249269678,2313337988455599441
N/A,motorway_link / 7914450,0.299,yes,22,no,190061857191055773,6937087865514894047
N/A,motorway_link / 7914538,0.052,yes,35,no,194176229436381420,-6900164799291711779
N/A,motorway_link / 7917089,0.211,yes,166,no,189599510677246155,2309736003640755923
N/A,motorway_link / 8089409,0.025,yes,22,no,196458266747821306,-6892384646308287313
N/A,motorway_link / 8116036,0.403,yes,278,no,190749602265256658,-2281622239393600765
N/A,motorway_link / 8116050,0.352,yes,260,no,191816128574608568,6941996092130077565
N/A,motorway_link / 8116827,0.022,yes,51,no,194251545823500559,2321870231710997627
N/A,motorway_link / 8116828,0.061,yes,50,no,194252645336176911,6933560648193285247
N/A,motorway_link / 8145063,0.081,yes,181,no,184000799949014745,-2281173664425563173
N/A,motorway_link / 8168669,0.013,yes,87,no,189652837743022307,-2295665206118837739
N/A,motorway_link / 8179803,0.221,yes,19,no,184938131394480259,-6911476610152527143
N/A,motorway_link / 8179808,0.381,yes,111,no,184850720070125656,-2301017647012116345
N/A,motorway_link / 8183113,0.259,yes,162,no,185088764071725255,2308420970516317351
N/A,motorway_link / 8185929,0.118,yes,115,no,195495640775613252,6912964601127630819
N/A,motorway_link / 8185940,0.040,yes,233,no,195493441749736259,-6922115444403865635
N/A,motorway_link / 8188655,0.025,yes,291,no,189778181947478300,-2296676756336144313
N/A,motorway_link / 8211960,0.025,yes,228,no,184928785717086335,-6910012060706271907
N/A,motorway_link / 8277811,0.077,yes,59,no,191186108389872540,-6893246683531957465
N/A,motorway_link / 8278116,0.021,yes,359,no,194227356552485124,6933428706697288769
N/A,motorway_link / 8278117,0.147,yes,26,no,194228456066734340,6933433104754285647
N/A,motorway_link / 8278174,0.048,yes,11,no,194249346848479502,6933956472362507571
N/A,motorway_link / 8281308,0.171,yes,269,no,189917820785086810,-2289459561468256997
N/A,motorway_link / 8287382,0.378,yes,196,no,194235602716154118,-6903129082411607617
N/A,motorway_link / 8290054,0.026,yes,113,no,191765549423875236,-6906607946624396443
N/A,motorway_link / 8290055,0.384,yes,59,no,191771596742022309,2316759692234199929
N/A,motorway_link / 8336795,0.056,yes,305,no,192628117904905772,-6893110338591380643
N/A,motorway_link / 8337269,0.357,yes,286,no,193697942695139344,6941763002845637379
N/A,motorway_link / 8351478,0.030,yes,179,no,196442323777838323,-6892811256880682005
N/A,motorway_link / 8392773,0.007,yes,269,no,190066254123454880,2316091182631883317
N/A,motorway_link / 8393263,0.279,yes,254,no,193362590056929144,-6906669513162353839
N/A,motorway_link / 8393291,0.052,yes,178,no,196760080747158916,2314688231327666109
N/A,motorway_link / 8393353,0.392,yes,165,no,190235578931958250,6927909143075361395
N/A,motorway_link / 8417605,0.009,yes,269,no,189767736588587288,6926704076571807821
N/A,motorway_link / 8418426,0.023,yes,80,no,189962350263095664,-6907377611642498551
N/A,motorway_link / 8419724,0.329,yes,280,no,189094835362287587,6925789280355749545
N/A,motorway_link / 8427803,0.217,yes,207,no,192542356131108357,6943034033860259173
N/A,motorway_link / 8430919,0.293,yes,335,no,188656681985593118,2330965370563734657
N/A,motorway_link / 8430920,0.030,yes,333,no,188653933211242269,-6892402268265501535
N/A,motorway_link / 8430921,0.007,yes,351,no,188653383455952669,-6892402268267598683
N/A,motorway_link / 8430974,0.442,yes,200,no,195337314081266427,-6897147734945422235
N/A,motorway_link / 8430975,0.362,yes,177,no,195334565290662651,-6897147734966393845
N/A,motorway_link / 8430981,0.382,yes,201,no,190065156420620701,-2280465555797299905
N/A,motorway_link / 8433544,0.273,yes,26,no,189596761759764681,-2303163875623697185
N/A,motorway_link / 8606355,0.189,yes,269,no,194240001046829320,6934356694574046693
N/A,motorway_link / 8606357,0.051,yes,192,no,194230655198517509,-6900701360758448663
N/A,motorway_link / 8631934,0.257,yes,21,no,192229543937398137,-2289855376829440909
N/A,motorway_link / 8632810,0.037,yes,175,no,194224058017077506,-2289952126263092161
N/A,motorway_link / 8695174,0.006,yes,210,no,185103607526934735,6920524803429369171
N/A,motorway_link / 8695262,0.416,yes,42,no,184268531692554065,-2275658513062545975
N/A,motorway_link / 8695324,0.311,yes,333,no,184751764593526830,2315479833906254081
N/A,motorway_link / 8700762,0.288,yes,167,no,185420265534605662,6909305387991691589
N/A,motorway_link / 8701465,0.074,yes,257,no,195493441753930563,6912982193301092335
N/A,motorway_link / 8703978,0.248,yes,63,no,188952448561401763,-6909668997710475771
N/A,motorway_link / 8704068,0.354,yes,279,no,189788627432722718,6927746413699797535
N/A,motorway_link / 8747272,0.318,yes,247,no,195296629195102953,2301507280349165649
N/A,motorway_link / 8747504,0.091,yes,290,no,194177328948009197,2323216033666571991
N/A,motorway_link / 8793917,0.331,yes,130,no,194073974618020027,-2290449106070398139
N/A,motorway_link / 8793918,0.015,yes,134,no,194080021928827073,2321192931893975875
N/A,motorway_link / 8802814,0.334,yes,104,no,191907936185963746,6928498487737717623
N/A,motorway_link / 8802815,0.014,yes,85,no,191915083010495720,-2294886743254494343
N/A,motorway_link / 8836362,0.271,yes,23,no,192467589698508259,2334347482861941439
N/A,motorway_link / 8852394,0.013,yes,310,no,194233953733400839,6934361092584906213
N/A,motorway_link / 8852898,0.229,yes,339,no,192818333430142594,-2281287979990242425
N/A,motorway_link / 8855311,0.087,yes,168,no,196452769157176568,2330727905781361709
N/A,motorway_link / 8908665,0.342,yes,146,no,194390083609647436,2316205548345758281
N/A,motorway_link / 8908666,0.011,yes,148,no,194393931895626064,2316135179603677769
N/A,motorway_link / 8933239,0.333,yes,278,no,188949699784429473,2313738223514291717
N/A,motorway_link / 8933801,0.229,yes,262,no,189896929210093904,-2296632775403368351
N/A,motorway_link / 8933815,0.137,yes,94,no,189974444776182133,2315035651129479251
N/A,motorway_link / 8933927,0.189,yes,87,no,189966748310131057,2315994425241637387
N/A,motorway_link / 8935241,0.338,yes,102,no,187029402676710455,-2298365616659100349
N/A,motorway_link / 8935242,0.014,yes,93,no,187036549501242430,2313307207630851395
N/A,motorway_link / 8943268,0.026,yes,11,no,194268588136290583,2320880671313107641
N/A,motorway_link / 8943297,0.365,yes,20,no,194239450996365577,6931841011965499797
N/A,motorway_link / 8946224,0.248,yes,11,no,192541806368478725,6942972461202812237
N/A,motorway_link / 8949263,0.283,yes,26,no,189259760084799536,2297100414730891415
N/A,motorway_link / 8957495,0.007,yes,191,no,190043164295909781,-6907980143708335879
N/A,motorway_link / 9117583,0.039,yes,101,no,189917270174683483,-2296628377293942689
N/A,motorway_link / 9123180,0.072,yes,343,no,194235053121820935,-6901721707532248051
N/A,motorway_link / 9148735,0.220,yes,338,no,195660570646109072,-2284155495466916231
N/A,motorway_link / 9148739,0.308,yes,331,no,190546193656926841,6950532695546935937
N/A,motorway_link / 9177533,0.410,yes,228,no,184268531702515537,-6887252172513200655
N/A,motorway_link / 9201019,0.427,yes,72,no,190137173364789692,6933982844988431687
N/A,motorway_link / 9211603,0.016,yes,92,no,189780930849231134,2316034006936719899
N/A,motorway_link / 9211853,0.250,yes,9,no,184272928345507670,2324355089932755199
N/A,motorway_link / 9211854,0.266,yes,180,no,184265231771453265,2324416662539870491
N/A,motorway_link / 9212311,0.285,yes,360,no,184923837406201981,6920815073813333431
N/A,motorway_link / 9217282,0.363,yes,352,no,185433459664177508,-6925823035973832417
N/A,motorway_link / 9241784,0.234,yes,92,no,183777049367889521,-2280870200050963363
N/A,motorway_link / 9264166,0.256,yes,191,no,193600083090036709,2304291237306301773
N/A,motorway_link / 9310794,0.319,yes,201,no,190058558618947995,6936775604193731155
N/A,motorway_link / 9310940,0.070,yes,88,no,194238351777814792,-2289028536434942497
N/A,motorway_link / 9310948,0.008,yes,270,no,194234503488690439,-6900701360743768603
N/A,motorway_link / 9319730,0.058,yes,212,no,194225707287140611,6933441900832627785
N/A,motorway_link / 9319822,0.397,yes,103,no,191520358307812401,-6906801461576854775
N/A,motorway_link / 9329604,0.287,yes,111,no,193150934081165080,2316816872092210037
N/A,motorway_link / 9350678,0.293,yes,240,no,196014062229871662,6927398991767277973
N/A,motorway_link / 9355646,0.137,yes,196,no,194240550602889481,-2290708590197990669
N/A,motorway_link / 9370254,0.380,yes,287,no,193399425290819464,6941784991941536523
N/A,motorway_link / 9425569,0.270,yes,215,no,190062956326244765,2322292428187376957
N/A,motorway_link / 9426043,0.353,yes,21,no,194302122869741861,-2293958746324331197
N/A,motorway_link / 9426081,0.165,yes,125,no,194306520795142438,-2294921918495583395
N/A,motorway_link / 9426346,0.359,yes,167,no,190058557904343451,-2292511805220579449
N/A,motorway_link / 9460316,0.030,yes,134,no,194251545843423503,6933727773954415813
N/A,motorway_link / 9463305,0.324,yes,99,no,193748520229492775,6941741012801825535
N/A,motorway_link / 9463306,0.011,yes,70,no,193755667054024749,-6893325838571263233
N/A,motorway_link / 9634592,0.350,yes,13,no,190049211789693336,2316856442668192695
N/A,motorway_link / 9634729,0.041,yes,280,no,189955753081655661,-6908314395572432803
N/A,motorway_link / 9664915,0.334,yes,152,no,190541795602027126,-2272909710072989091
N/A,motorway_link / 9693668,0.010,yes,182,no,184000799950587609,-2281156072239518755
N/A,motorway_link / 9717375,0.012,yes,164,no,189563775992025275,-6918333147024195949
N/A,motorway_link / 9728293,0.084,yes,296,no,184275677128771414,2324425458685321471
N/A,motorway_link / 9728384,0.409,yes,335,no,184619823398995954,-6906190159447845895
N/A,motorway_link / 9732471,0.139,yes,89,no,185837532076395035,-2298339232939242153
N/A,motorway_link / 9732932,0.050,yes,246,yes,185264140715641112,2346512452032677953
N/A,motorway_link / 9733700,0.009,yes,118,no,189725405234680069,2313707440120532473
N/A,motorway_link / 9766372,0.020,yes,14,no,183831475189270156,-2280909782278722483
N/A,motorway_link / 9819020,0.335,yes,140,no,196663873526390102,2315070860996644961
N/A,motorway_link / 9826749,0.092,yes,226,no,194227356556155139,-2289921339918640047
N/A,motorway_link / 9826750,0.023,yes,299,no,194227356552485124,6933433104745897023
N/A,motorway_link / 9826782,0.173,yes,182,no,194238901331253513,-2290748172622882077
N/A,motorway_link / 9835968,0.386,yes,110,no,190120680690373045,2322323214773001531
N/A,motorway_link / 9845719,0.171,yes,318,no,194306520807725351,2316878449138996109
N/A,motorway_link / 9845832,0.046,yes,66,no,194471447523580275,2316618965019792167
N/A,motorway_link / 9845848,0.214,yes,80,no,194476945082767731,-2295062655325433045
N/A,motorway_link / 9885700,0.402,yes,295,no,193038785477433060,6941793786660924173
N/A,motorway_link / 9889692,0.234,yes,342,no,194247697595717901,6934110403988299099
N/A,motorway_link / 9893006,0.063,yes,335,no,194235053243455751,-6900701360739574305
N/A,motorway_link / 9909840,0.147,yes,10,no,196443423288941812,2330538789747829743
N/A,motorway_link / 9940682,0.485,yes,223,no,190055259750617495,2322296826227596643
N/A,motorway_link / 9940753,0.321,yes,253,no,192893098606548642,6928507287584641931
N/A,motorway_link / 9966171,0.036,yes,273,no,190005780975014276,6927702434037895699
N/A,motorway_link / 9966730,0.394,yes,288,no,191271321934058432,6953518971917189093
N/A,motorway_link / 9974922,0.009,yes,270,no,194233953732876551,6934356694536297957
N/A,motorway_link / 9975640,0.289,yes,176,no,195272990709078751,-2301664120118704307
N/A,motorway_link / 9975796,0.004,yes,351,no,194237801895647496,-2290088465652507651
N/A,motorway_link / 9975853,0.441,yes,1,no,192662202921604668,2331510743602572747
N/A,motorway_link / 9989520,0.371,yes,18,no,190562686580904577,-6882519850461151653
N/A,Ramp 72 D / 3541458,0.774,yes,41,no,189611605929054414,-6908512308930015167
N/A,Ramp 72 E / 19240332,0.439,yes,291,no,189618203005112529,-6908327590968160189
N/A,Ramp 72 F / 17495335,0.032,yes,5,no,189611056195260625,2315128008707412099
N/A,Ramp 72F / 933089,0.329,yes,6,no,189609956678389969,2315128008709509211
N/A,Ramp 72 G / 912486,0.432,yes,24,no,189607757654085838,-2296663562836242305
N/A,Ramp 72 H / 17113177,0.403,yes,149,no,189602809834459338,-6908402357844832239
N/A,Ramp 72 I / 724272,0.440,yes,336,no,189600061059059918,-6908384765652496319
N/A,Ramp 72 J / 18969944,0.465,yes,94,no,189609956671049934,-2296707543318130621
N/A,Ramp 72 K / 16518040,0.432,yes,50,no,189601160578027726,2314996067291107395
N/A,US 151 / 24455329,0.344,yes,81,no,194086618997545153,6932874552329378623
N/A,US 151 / 5781157,0.451,yes,236,no,196381300762959059,-6893831603883070923
N/A,US 151 / 710692,0.875,yes,52,no,196387897832201426,-6893840399959315889
N/A,US 151 / 7770388,0.342,yes,300,no,194093765823649989,2321214922204126011
N/A,US 151 / 7770389,0.015,yes,308,no,194087718513367236,-2290471096271496367
N/A,US 151 Business / 12763188,0.333,yes,93,no,195288935513021155,-2285883929150872717
N/A,US 151 Business / 1893834,0.318,yes,252,no,195290035026746084,-6897561151485238397
N/A,US 151 Business / 23154712,0.312,yes,281,no,195729290139098028,6939335288916289205
N/A,US 151 Business / 710536,0.296,yes,6,no,195717745264384940,6939286910356432563
N/A,US 169 Business / 10345335,0.340,yes,163,no,188642388345966359,2331062127526161577
N/A,US 169 Business / 9460180,0.012,yes,335,no,188653383455952669,-6892397870221087579
N/A,US 169 Business / 9460181,0.322,yes,311,no,188647885900959513,2331031341238332581
N/A,US 18 / 15420922,0.376,yes,19,no,192779302021453424,-2270838221628752295
N/A,US 18 / 19589997,0.358,yes,99,no,192027236013528344,6952124794052558191
N/A,US 18 / 20630157,0.376,yes,177,no,192776553242383984,6952626174183882285
N/A,US 18 / 20876015,0.324,yes,261,no,192027785770915097,2340443173671681405
N/A,US 18 / 22636195,0.295,yes,13,no,190533549689492084,6953945579587125459
N/A,US 18 / 23487056,0.292,yes,169,no,190530800909374066,-2269356088536055633
N/A,US 18 Business / 18991725,0.380,yes,60,no,190879346012541710,-6881798569608593525
N/A,US 18 Business / 8116730,0.374,yes,272,no,190880445526266638,-6881754589137191025
N/A,US 18;IA 27 / 16503002,0.337,yes,276,no,190551691532259965,-6881873337670156455
N/A,US 18;IA 27 / 18245917,0.307,yes,26,no,190548393004192381,6953193513702932317
N/A,US 18;IA 27 / 20439380,0.047,yes,163,no,190553340804420221,-6881860143530623143
N/A,US 18;IA 27 / 23141405,1.050,yes,353,no,190559937865273985,6952986805590310757
N/A,US 18;IA 27 / 8935594,0.369,yes,165,no,190551141787456123,-2270081766128599203
N/A,US 20 / 261979,0.425,yes,17,no,184007397011965660,6942097217401400275
N/A,US 20 / 6637109,0.085,yes,39,no,184012344821106398,-2281173664375231527
N/A,US 20 / 98369,0.310,yes,63,no,184002449220650715,-6892837692603618341
N/A,US 20 Business / 100975,0.280,yes,107,no,183830925431883401,-2280909782261945279
N/A,US 20 Business / 1307316,0.305,yes,114,no,183815532272240258,-2280878995992990643
N/A,US 218 / 13637475,0.446,yes,334,no,194485189171304824,-2313859906101317231
N/A,US 218 / 15874706,0.297,yes,215,no,194481340887947637,-2313881896340164139
N/A,US 218 / 16024782,0.283,yes,138,no,194243849127287050,6932575485726563001
N/A,US 218 / 21885196,0.434,yes,149,no,194237252052277508,-2290805347231720809
N/A,US 218 / 274141,0.367,yes,292,no,192573692238714389,-2280065323987096113
N/A,US 218 / 6091129,0.052,yes,227,yes,194476393081428341,2297790927922524599
N/A,US 218 / 6091130,0.022,yes,225,yes,194475293569276276,-2313895090511154765
N/A,US 218 / 730592,0.247,yes,271,no,192592383940580890,-6891738148197356081
N/A,US 218 / 888735,0.451,yes,346,no,192580289317918231,6943416664068206033
N/A,US 218 Business / 1389117,0.841,yes,346,no,194516526059575683,6916307112728460671
N/A,US 218 Business / 16484884,0.400,yes,278,no,192043728689517855,6952142386305711479
N/A,US 218 Business / 16558204,0.325,yes,339,no,192341145971938729,-2276340179485576123
N/A,US 218 Business / 16992614,0.287,yes,183,no,191930479104054511,-6882022866002362571
N/A,US 218 Business / 18824009,0.046,yes,34,no,194572051316038048,-2307830184001143683
N/A,US 218 Business / 19336136,0.319,yes,340,no,191933227883123952,2341428335710584595
N/A,US 218 Business / 19956405,0.384,yes,198,no,192337847437579687,-2276419344339553169
N/A,US 218 Business / 21398256,0.322,yes,79,no,192042079420503327,6952111599965453685
N/A,US 218 Business / 21399602,0.440,yes,176,no,194564904485214620,-2307922543003042687
N/A,US 218 Business / 23675713,0.455,yes,174,no,194512677763111301,2304541929463872895
N/A,US 218 Business / 279850,0.919,yes,169,no,192462641886746084,6946095073940484699
N/A,US 218 Business / 3584262,0.338,yes,183,no,194576999118887328,-2307825785954632579
N/A,US 218 Business / 3674375,0.663,yes,358,no,192469788715472356,-6888962981339581837
N/A,US 275 / 13209909,0.043,yes,73,no,185114052473211091,-6918007708554625239
N/A,US 275 / 15965619,0.009,yes,315,no,185089313831733448,-6914902687814253397
N/A,US 275 / 21602651,0.695,yes,175,no,185114052474259667,6917147103744491303
N/A,US 275 / 23814836,0.343,yes,177,no,185111853466732755,2305549046245228371
N/A,US 275 / 24213073,0.306,yes,349,no,185114052485269715,-6917866971057881275
N/A,US 275 / 24213074,0.442,yes,293,no,185122848569379029,6917116317492313905
N/A,US 275 / 914955,0.412,yes,113,no,185090963091835078,2308429766653379713
N/A,US 275 / 933213,0.422,yes,329,no,185093162116663496,-2303216669353311103
N/A,US 30 / 1376571,0.855,yes,56,no,196662774456737112,-2292890011960338685
N/A,US 30 / 22813155,0.641,yes,127,no,196654528153083214,6930781091981694819
N/A,US 30 / 22912499,0.487,yes,310,no,196668272018021720,-6904496865561012473
N/A,US 30 / 3229947,0.302,yes,151,no,196663874007162198,6930785490024011663
N/A,US 30 / 4263252,0.039,yes,8,no,196660025713843542,-6904276963304663153
N/A,US 30 Bus / 15849222,0.295,yes,134,no,194765017605822966,-6902720062053934535
N/A,US 30 Bus / 17044560,0.305,yes,292,no,194766666874313206,-2291029645565355453
N/A,US 30 Bus / 2927919,0.271,yes,41,no,194912901919234618,6932289615280740943
N/A,US 30 Bus / 912326,0.549,yes,254,no,194905755094178357,2320581606620797521
N/A,US 30 Business / 13319599,0.402,yes,64,no,191578633098318924,6933886093459725603
N/A,US 30 Business / 1376842,0.341,yes,275,no,192160824484255061,6933736562097134791
N/A,US 30 Business / 16098736,0.436,yes,104,no,192318054589355419,-2290114861221274651
N/A,US 30 Business / 16298883,0.420,yes,265,no,191579732612568140,6933925675886714151
N/A,US 30 Business / 18744259,0.894,yes,72,no,191360929800737764,-2289389187162432197
N/A,US 30 Business / 19591522,0.875,yes,270,no,191360380049118180,2322301229311466811
N/A,US 30 Business / 20970097,0.408,yes,314,no,192319703858369950,-6901756899181454361
N/A,US 30 Business / 723358,0.153,yes,27,no,192165222529193305,-6901347881464095545
N/A,US 34 / 16634361,0.012,yes,317,no,192691336795215433,-2306831834617479617
N/A,US 34 / 19187942,0.461,yes,347,no,192693535811655242,2304854183839268367
N/A,US 34 / 19748407,0.229,yes,132,no,192686938743461446,2304832193571061283
N/A,US 34 Business / 1388881,0.679,yes,284,no,194315315372972325,-2307627874796962627
N/A,US 34 Business / 15616972,0.371,yes,167,no,193460994919978918,-2306910996514472463
N/A,US 34 Business / 15631849,0.603,yes,108,no,194315315370875174,-2307636670889984835
N/A,US 34 Business / 16488174,0.568,yes,274,no,193710034291611668,2304603499086740951
N/A,US 34 Business / 18066567,0.394,yes,64,no,193711683556956182,-2307104509579493931
N/A,US 34 Business / 23558502,0.424,yes,318,no,193464843210676135,6916456642321055217
N/A,US 34;IA 163 / 16838201,0.182,yes,104,no,194568752781679006,2303860232470658169
N/A,US 34;IA 163 / 23521279,0.485,yes,324,no,194580297651149219,-2307786203475215261
N/A,US 34;IA 163 / 265145,0.303,yes,359,no,194578098639428003,-6919393057105249139
N/A,US 34;IA 163 / 931810,0.254,yes,251,no,194568203022719390,2303855834422049917
N/A,US 52 / 12491980,0.381,yes,243,no,196412087122091234,-6893550128793113933
N/A,US 52 / 16392791,0.048,yes,264,yes,195462658903333685,-6892930007869412429
N/A,US 52 / 19594711,0.050,yes,90,yes,195460459873786676,-6892982784435934309
N/A,US 52 / 21255429,0.410,yes,288,no,195472004750072630,-6892930007804400727
N/A,US 52 / 24182117,0.205,yes,24,no,195457161340476212,-6892982784438031451
N/A,US 52 / 2927852,0.030,yes,229,no,196404390538075362,2329813111922502297
N/A,US 52 / 710633,0.322,yes,190,no,196232317049592979,6942145642534808543
N/A,US 52 / 710645,0.325,yes,48,no,196235065826565267,6942132448422538191
N/A,US 52 / 8097767,0.008,yes,65,no,196411537358413029,-6893602905370121597
N/A,US 52 / 8097794,0.375,yes,359,no,196413736386911461,-2281912488877348181
N/A,US 52 / 9395658,0.039,yes,275,no,196403840782261473,-2281868508458374503
N/A,US 6 / 11000375,0.015,yes,271,no,187037099260726334,-6910034042894152367
N/A,US 61 / 13249114,0.330,yes,250,no,196661674495794517,-2296632749618884513
N/A,US 61 / 13342482,0.736,yes,45,no,196431876582366444,6926770072743579805
N/A,US 61 / 13841068,0.294,yes,328,no,196432975902629102,2313597514555592105
N/A,US 61 / 13841069,0.008,yes,7,no,196435724678028528,-6909840492996850263
N/A,US 61 / 16669696,0.631,yes,235,no,196655077434940750,-2296601963282820977
N/A,US 61 / 20354006,0.277,yes,180,no,196429677368270061,-6909840493022016055
N/A,US 6 / 12556698,0.329,yes,83,no,190237777952068075,2316205532520649325
N/A,US 6 / 12933363,0.456,yes,285,no,190241626243813868,6927944327531336303
N/A,US 6 / 13610811,0.202,yes,249,no,191139927288271750,-6906779472814402781
N/A,US 6 / 13610812,0.105,yes,199,no,191144325337928585,-2295071464148167891
N/A,US 6 / 1377715,0.861,yes,311,no,196420331711847649,-6908173633404792725
N/A,US 6 / 13941312,0.421,yes,81,no,187045345595313214,6924993226125348169
N/A,US 6 / 14189723,0.023,yes,42,no,185194867070683384,-2302187526098516351
N/A,US 6 / 14189724,0.290,yes,41,no,185190469021026549,6921127336149517951
N/A,US 6 / 15229194,0.025,yes,294,no,191145974600127371,2316579369913422609
N/A,US 6 / 15323078,0.327,yes,242,no,189082190976995293,-6909303959350931795
N/A,US 6 / 15376693,0.224,yes,311,no,195639678525332356,-2295902677775674981
N/A,US 6 / 15778937,0.030,yes,43,no,189088788044140515,6925740901795892891
N/A,US 6 / 16235607,0.021,yes,141,no,189088238288326627,2314059281410821783
N/A,US 6 / 16911502,0.270,yes,91,no,195640228279573380,6927438572759814551
N/A,US 6 / 17724736,0.280,yes,120,no,191149273136583561,-2295093454374431983
N/A,US 6 / 17976584,0.308,yes,192,no,185186620728232180,2309414929417897595
N/A,US 6 / 17976585,0.030,yes,189,no,185188270000392437,-2302196322218801537
N/A,US 6 / 17976586,0.003,yes,212,no,185188270000916725,-2302187526125779329
N/A,US 6 / 17976587,0.021,yes,231,no,185188819757254901,-2302187526121585023
N/A,US 6 / 18962833,0.766,yes,128,no,196417582931729633,6926880023822471275
N/A,US 6 / 1920396,0.253,yes,73,no,190225683321541094,-6907192892665621911
N/A,US 6 / 19426131,0.346,yes,136,no,196762279725849985,-2297349630803833089
N/A,US 6 / 19607366,0.012,yes,68,no,189088238288326627,2314059281410821785
N/A,US 6 / 19817512,0.371,yes,324,no,196428028272794860,6926739286357184565
N/A,US 61 Business / 17766438,0.268,yes,59,no,195120157255883416,2298758500625412985
N/A,US 61 Business / 17806367,0.454,yes,90,no,194830435847068178,6909648471545868811
N/A,US 61 Business / 20400363,0.263,yes,231,no,194829336337537555,-2313710371194539493
N/A,US 61 Business / 20782985,0.364,yes,277,no,195121806526470807,-6924569555747474557
N/A,US 61 Business / 21428043,0.005,yes,227,no,194832634875566615,-6925352409156816357
N/A,US 61 Business / 9836645,0.006,yes,53,no,194839231941138970,-6925387593503739381
N/A,US 6 / 21580634,0.383,yes,288,no,196421431196736746,-6908375943548497857
N/A,US 6 / 21963514,0.014,yes,0,no,196768876797189512,2314331989593820951
N/A,US 6 / 21963515,0.328,yes,20,no,196766128012877190,-6909119212098154731
N/A,US 6 / 2223227,0.286,yes,98,no,189081641219608541,-6909308357399540071
N/A,US 6 / 22239735,0.038,yes,256,no,195635280481442692,6927464961001132457
N/A,US 6 / 3016703,0.007,yes,84,no,184909543764478071,2309173035796530667
N/A,US 63 / 11843493,0.288,yes,260,no,192690237279917639,-6918526649139986883
N/A,US 63 / 13556216,0.400,yes,175,no,192682540705863237,6916619367040941621
N/A,US 63 / 16940429,0.570,yes,354,no,192104198095066430,2309195053476611509
N/A,US 63 / 924572,0.558,yes,178,no,192099250293265726,2309195053472417209
N/A,US 63 Business / 13616676,0.040,yes,271,yes,192814486433388161,6952912047353904859
N/A,US 63 Business / 15514410,0.316,yes,268,no,192605025291294239,-6917185245258186593
N/A,US 63 Business / 15514411,0.015,yes,286,no,192612172117399077,-2305494828782190433
N/A,US 63 Business / 15920948,0.365,yes,109,no,192604475533383199,2306182393552175247
N/A,US 63 Business / 17334692,0.392,yes,136,no,192795794619324023,2340289244960931083
N/A,US 63 Business / 17692008,0.374,yes,1,no,192799642909496955,-6883082791887553273
N/A,US 63 Business / 18958786,0.278,yes,40,no,192810638145312385,6952912047360196327
N/A,US 63 Business / 21095931,0.363,yes,295,no,192822183018976898,6952973620061683431
N/A,US 65 / 21824736,0.634,yes,50,no,190067353324179870,-2298273246074630747
N/A,US 65 / 271824,0.515,yes,53,no,190158613113295309,6927873958468391517
N/A,US 65 / 6221581,0.648,yes,242,no,190227882350039523,-6907148912173247857
N/A,US 65 / 875873,0.295,yes,352,no,190051960162439579,-6909880099748704879
N/A,US 65 / 9118272,0.459,yes,96,no,190214688207884767,6927904745007878759
N/A,US 65 / 9666018,0.012,yes,140,no,190224034054623719,-2295484884030844315
N/A,US 6 / 7147475,0.273,yes,108,no,184915041322616951,2309173035836376545
N/A,US 6 / 727175,0.200,yes,167,no,184921638387140731,-2302534972813081141
N/A,US 6 / 8166171,0.013,yes,295,no,190233379910799852,2316258309036839553
N/A,US 6 / 9452694,0.363,yes,282,no,187045345596886078,-2298348024408044213
N/A,US 75 / 12791250,0.008,yes,86,no,184333952688932721,2336533280946402949
N/A,US 75 / 8185283,0.381,yes,245,no,184326256111208298,6948232493511227037
N/A,US 75 / 9217333,0.301,yes,106,no,184327355620214635,6948232493511227013
N/A,US 75 Business / 16140305,0.013,yes,182,no,183890848700778151,-2281881750333281645
N/A,US 75 Business / 19007973,0.125,yes,178,no,183891948229183144,6941648616202185419
N/A,US 75 Business / 21270938,0.088,yes,51,no,183959018667067078,2331853758034619965
N/A,US 75 Business / 2499403,0.397,yes,24,no,184259185782900558,-2276173084542094111
N/A,US 75 Business / 714139,0.700,yes,210,no,183966165500511942,2331858156144045681
N/A,US 75 Business / 722193,0.598,yes,36,no,183969464034870983,-6891500686569099665
N/A,US 75 Business / 722506,0.341,yes,348,no,183893597486139048,-2281784993293260139
N/A,US 75 Business / 723853,0.382,yes,185,no,183891398462883495,-2281877352280479041
N/A,US 75 Business / 9728098,0.365,yes,161,no,184256437003831116,-6887762345967209287
N/A,US 75 Business / 98319,0.430,yes,140,no,183887550190536354,-6893343468384408871
N/A,US 75 Business / 98843,0.325,yes,157,no,183896896041993896,6941705790806829811
N/A,Weigh Station / 1258566,0.604,yes,324,no,185167378079893737,6911178954857510013
